learner_id,course_id,week,sessions_available,sessions_attended,attendance_rate,login_count,active_minutes,content_views,assignment_submissions,assessment_attempts,average_score,score_trend,help_requests,forum_questions,mentor_contacts,feedback_score,feedback_sentiment,support_needed,attendance_rate_missing,login_count_missing,active_minutes_missing,content_views_missing,assignment_submissions_missing,assessment_attempts_missing,average_score_missing,score_trend_missing,help_requests_missing,forum_questions_missing,mentor_contacts_missing,feedback_score_missing,feedback_sentiment_missing,missing_feature_count
LNR-0001,DATA-201,1,2,2,1.0,7,225.7,19.0,1,1,61.5,-18.3,1.0,1.0,0.0,4.0,0.5,0,1,0,0,0,0,0,0,0,0,0,0,0,0,1
LNR-0001,DATA-201,2,3,3,1.0,7,167.2,25.0,1,1,69.9,-0.3,1.0,1.0,0.0,4.0,0.5,0,1,0,0,0,0,0,1,1,0,0,0,0,0,3
LNR-0001,DATA-201,3,3,1,0.3333,0,25.6,1.0,0,1,64.6,-10.0,0.0,0.0,0.0,1.0,-0.49,1,0,0,0,0,0,0,0,0,0,0,0,0,0,0
LNR-0001,DATA-201,4,3,0,0.0,0,41.1,1.0,0,0,69.9,-0.3,0.0,0.0,0.0,1.0,-0.64,1,0,0,0,0,0,0,1,1,0,0,0,0,0,2
LNR-0001,DATA-201,5,3,1,0.3333,0,45.9,3.0,0,0,69.9,-0.3,0.0,0.0,0.0,2.0,-0.76,1,0,0,0,0,0,0,1,1,0,0,0,0,0,2
LNR-0002,DATA-201,1,3,3,1.0,14,168.3,26.0,2,1,83.4,7.4,0.0,2.0,0.0,4.5,0.48,0,0,0,1,1,0,0,0,0,0,0,0,0,0,2
LNR-0002,DATA-201,2,4,4,1.0,14,246.6,33.0,2,1,79.9,-3.5,0.0,2.0,1.0,5.0,0.88,0,0,0,0,0,0,0,0,0,0,0,0,0,0,0
LNR-0002,DATA-201,3,3,3,1.0,8,143.1,26.0,2,1,84.8,4.9,0.0,1.0,0.0,5.0,0.67,0,0,0,0,0,0,0,0,0,0,0,0,0,0,0
LNR-0002,DATA-201,4,2,2,1.0,7,170.4,35.0,2,1,74.6,-10.2,1.0,1.0,2.0,5.0,0.81,0,0,0,0,0,0,0,0,0,0,0,0,0,0,0
LNR-0002,DATA-201,5,3,3,1.0,16,311.6,25.0,1,1,89.2,14.6,1.0,1.0,0.0,5.0,0.72,0,0,0,0,0,0,0,0,0,0,0,0,0,0,0
LNR-0003,AI-301,1,3,3,1.0,10,145.1,19.0,2,1,58.0,-3.6,0.0,1.0,0.0,3.5,0.47,0,0,0,0,0,0,0,0,0,0,0,0,0,0,0
LNR-0003,AI-301,2,3,2,0.6667,9,168.3,26.0,1,1,55.1,-2.9,1.0,1.0,0.0,3.0,0.29,0,0,0,1,1,0,0,0,0,0,0,0,0,0,2
LNR-0003,AI-301,3,3,2,0.6667,3,121.3,26.0,1,1,55.9,0.8,1.0,0.0,0.0,3.5,0.32,0,0,0,0,0,0,0,0,0,0,0,0,0,0,0
LNR-0003,AI-301,4,3,3,1.0,5,69.1,24.0,1,1,63.1,7.2,0.0,1.0,0.0,3.0,0.48,0,0,0,0,0,0,0,0,0,0,0,0,0,0,0
LNR-0003,AI-301,5,3,2,0.6667,4,197.8,15.0,0,2,59.7,-3.4,0.0,0.0,0.0,3.0,0.22,1,0,0,0,0,0,0,0,0,0,0,0,0,0,0
LNR-0004,DATA-201,1,3,2,0.6667,5,144.6,22.0,1,1,72.2,5.5,0.0,2.0,0.0,3.0,0.01,0,0,0,0,0,0,0,0,0,0,0,0,0,0,0
LNR-0004,DATA-201,2,2,2,1.0,5,132.7,24.0,2,1,62.8,-9.4,1.0,0.0,0.0,4.0,0.5,0,0,0,0,0,0,0,0,0,0,0,0,0,0,0
LNR-0004,DATA-201,3,3,2,0.6667,10,97.3,27.0,0,2,64.6,1.8,2.0,1.0,0.0,3.5,0.34,0,0,0,0,0,0,0,0,0,0,0,0,0,0,0
LNR-0004,DATA-201,4,3,2,0.6667,6,115.5,24.0,1,1,66.6,2.0,0.0,1.0,0.0,4.0,0.19,0,0,0,0,0,0,0,0,0,1,1,1,0,0,3
LNR-0004,DATA-201,5,4,3,0.75,8,123.3,21.0,1,1,76.9,10.3,0.0,1.0,0.0,4.0,0.11,0,0,0,0,0,0,0,0,0,0,0,0,0,0,0
LNR-0005,WEB-102,1,3,3,1.0,14,249.3,29.0,2,1,70.3,-2.5,3.0,1.0,1.0,5.0,0.81,0,0,0,0,0,0,0,0,0,0,0,0,0,0,0
LNR-0005,WEB-102,2,4,4,1.0,9,157.2,34.0,2,2,85.8,15.5,0.0,1.0,0.0,5.0,0.81,0,0,0,0,0,0,0,0,0,1,1,1,0,0,3
LNR-0005,WEB-102,3,4,4,1.0,11,222.5,36.0,2,1,75.9,-9.9,2.0,0.0,0.0,5.0,0.71,0,0,0,0,0,0,0,0,0,0,0,0,0,0,0
LNR-0005,WEB-102,4,3,3,1.0,15,252.3,33.0,2,1,64.3,-11.6,0.0,0.0,0.0,4.0,0.47,0,0,0,0,0,0,0,0,0,0,0,0,0,0,0
LNR-0005,WEB-102,5,3,3,1.0,7,229.5,29.0,1,1,66.2,1.9,0.0,2.0,1.0,4.0,0.84,0,0,0,0,0,0,0,0,0,0,0,0,0,0,0
LNR-0006,WEB-102,1,3,3,1.0,11,185.2,33.0,2,1,79.4,-2.8,0.0,0.0,0.0,4.5,0.56,0,0,0,0,0,0,0,0,0,0,0,0,0,0,0
LNR-0006,WEB-102,2,2,2,1.0,11,277.5,35.0,2,3,89.5,10.1,1.0,0.0,0.0,4.5,0.48,0,0,0,0,0,0,0,0,0,0,0,0,0,0,0
LNR-0006,WEB-102,3,2,2,1.0,12,175.4,34.0,2,2,80.8,-8.7,0.0,1.0,0.0,5.0,0.54,0,0,0,0,0,0,0,0,0,1,1,1,0,0,3
LNR-0006,WEB-102,4,3,3,1.0,7,321.4,38.0,2,2,74.6,-6.2,1.0,1.0,3.0,4.0,0.44,0,0,0,0,0,0,0,0,0,0,0,0,1,1,2
LNR-0006,WEB-102,5,4,3,0.75,12,273.2,32.0,2,1,84.3,9.7,0.0,2.0,1.0,4.0,0.87,0,0,0,0,0,0,0,0,0,0,0,0,0,0,0
LNR-0007,AI-301,1,4,4,1.0,9,193.4,30.0,1,2,76.4,0.3,1.0,0.0,1.0,5.0,0.75,0,0,0,0,0,0,0,0,0,0,0,0,0,0,0
LNR-0007,AI-301,2,3,3,1.0,11,168.3,26.0,2,2,69.9,-0.3,0.0,2.0,2.0,4.5,0.46,0,0,0,1,1,0,0,1,1,0,0,0,0,0,4
LNR-0007,AI-301,3,3,3,1.0,5,253.8,30.0,2,3,70.3,-4.7,1.0,0.0,0.0,4.0,0.49,0,0,0,0,0,0,0,0,0,0,0,0,0,0,0
LNR-0007,AI-301,4,3,3,1.0,8,200.8,32.0,2,1,82.2,11.9,1.0,1.0,1.0,4.0,0.44,0,0,0,0,0,0,0,0,0,0,0,0,1,1,2
LNR-0007,AI-301,5,2,2,1.0,12,165.7,35.0,1,1,83.7,1.5,0.0,0.0,0.0,4.0,0.44,0,0,0,0,0,0,0,0,0,0,0,0,1,1,2
LNR-0008,CS-101,1,3,1,0.3333,7,98.4,8.0,0,0,56.3,-21.7,1.0,0.0,0.0,2.0,-0.19,1,0,0,0,0,0,0,0,0,0,0,0,0,0,0
LNR-0008,CS-101,2,3,1,0.3333,4,144.0,17.0,1,2,46.3,-10.0,0.0,0.0,0.0,1.5,-0.5,0,0,0,0,0,0,0,0,0,0,0,0,0,0,0
LNR-0008,CS-101,3,3,0,0.0,3,86.2,8.0,1,1,61.4,15.1,0.0,1.0,0.0,1.5,-0.08,1,0,0,0,0,0,0,0,0,1,1,1,0,0,3
LNR-0008,CS-101,4,2,0,0.0,2,41.5,7.0,0,1,43.9,-17.5,0.0,0.0,0.0,4.0,0.44,1,0,0,0,0,0,0,0,0,0,0,0,1,1,2
LNR-0008,CS-101,5,3,0,0.0,1,26.4,6.0,0,0,52.3,8.4,0.0,0.0,0.0,4.0,0.44,1,0,0,0,0,0,0,0,0,0,0,0,1,1,2
LNR-0009,AI-301,1,4,3,0.75,6,162.2,21.0,2,1,55.3,-11.3,0.0,0.0,0.0,3.5,0.36,0,0,0,0,0,0,0,0,0,0,0,0,0,0,0
LNR-0009,AI-301,2,2,1,0.5,6,190.6,27.0,2,1,69.9,-0.3,3.0,1.0,0.0,3.5,0.44,0,0,0,0,0,0,0,1,1,0,0,0,0,0,2
LNR-0009,AI-301,3,3,2,0.6667,5,78.4,11.0,2,1,79.0,10.9,0.0,1.0,0.0,4.0,0.47,0,0,0,0,0,0,0,0,0,1,1,1,0,0,3
LNR-0009,AI-301,4,3,2,0.6667,5,180.8,25.0,0,2,79.5,0.5,3.0,0.0,0.0,3.5,0.08,0,0,0,0,0,0,0,0,0,0,0,0,0,0,0
LNR-0009,AI-301,5,3,2,0.6667,6,162.2,26.0,1,1,65.1,-14.4,0.0,0.0,0.0,4.0,0.44,0,0,0,0,0,0,0,0,0,0,0,0,1,1,2
LNR-0010,CS-101,1,3,2,0.6667,14,109.5,15.0,1,1,38.3,3.3,0.0,0.0,0.0,3.5,0.49,1,0,0,0,0,0,0,0,0,0,0,0,0,0,0
LNR-0010,CS-101,2,3,2,0.6667,9,162.6,29.0,0,1,52.3,14.0,1.0,1.0,0.0,3.0,0.44,0,0,0,0,0,0,0,0,0,0,0,0,0,0,0
LNR-0010,CS-101,3,3,2,0.6667,5,153.2,20.0,2,1,25.2,-27.1,1.0,0.0,0.0,3.5,0.33,0,0,0,0,0,0,0,0,0,0,0,0,0,0,0
LNR-0010,CS-101,4,3,3,1.0,9,132.2,17.0,1,1,25.8,0.6,1.0,1.0,1.0,4.0,0.42,0,0,0,0,0,0,0,0,0,0,0,0,0,0,0
LNR-0010,CS-101,5,2,1,0.5,7,186.5,20.0,1,1,22.3,-3.5,1.0,0.0,0.0,4.0,0.44,0,0,0,0,0,0,0,0,0,0,0,0,1,1,2
LNR-0011,DATA-201,1,2,1,0.5,5,101.7,22.0,1,1,85.9,1.6,0.0,1.0,0.0,3.0,0.2,0,0,0,0,0,0,0,0,0,1,1,1,0,0,3
LNR-0011,DATA-201,2,2,2,1.0,4,174.6,24.0,2,1,89.3,3.4,0.0,2.0,0.0,3.5,0.41,0,0,0,0,0,0,0,0,0,0,0,0,0,0,0
LNR-0011,DATA-201,3,3,2,1.0,4,168.3,26.0,2,1,88.5,-0.8,1.0,1.0,0.0,4.0,0.49,0,1,0,1,1,0,0,0,0,0,0,0,0,0,3
LNR-0011,DATA-201,4,3,2,0.6667,5,122.4,24.0,1,1,86.0,-2.5,1.0,2.0,0.0,3.5,0.44,0,0,0,0,0,0,0,0,0,0,0,0,0,0,0
LNR-0011,DATA-201,5,3,2,0.6667,9,168.3,26.0,2,1,66.4,-19.6,0.0,0.0,0.0,4.0,0.44,0,0,0,1,1,0,0,0,0,0,0,0,1,1,4
LNR-0012,AI-301,1,3,3,1.0,11,223.9,36.0,2,2,74.6,8.2,0.0,1.0,0.0,4.0,0.44,0,0,0,0,0,0,0,0,0,1,1,1,1,1,5
LNR-0012,AI-301,2,4,3,0.75,9,204.8,45.0,2,1,62.2,-12.4,1.0,1.0,0.0,4.0,0.44,0,0,0,0,0,0,0,0,0,0,0,0,1,1,2
LNR-0012,AI-301,3,4,3,0.75,14,167.9,43.0,2,1,61.9,-0.3,1.0,2.0,1.0,5.0,0.79,0,0,0,0,0,0,0,0,0,0,0,0,0,0,0
LNR-0012,AI-301,4,3,3,1.0,11,200.2,30.0,2,2,74.2,12.3,0.0,1.0,0.0,4.5,0.44,0,0,0,0,0,0,0,0,0,0,0,0,0,0,0
LNR-0012,AI-301,5,3,3,1.0,9,250.4,34.0,2,2,72.0,-2.2,1.0,0.0,0.0,5.0,0.85,0,0,0,0,0,0,0,0,0,0,0,0,0,0,0
LNR-0013,CS-101,1,3,1,0.3333,6,168.3,26.0,1,0,76.4,13.4,0.0,0.0,0.0,3.0,-0.26,0,0,0,1,1,0,0,0,0,0,0,0,0,0,2
LNR-0013,CS-101,2,4,1,0.25,6,110.4,11.0,1,1,48.7,-27.7,1.0,1.0,0.0,1.5,-0.16,1,0,0,0,0,0,0,0,0,0,0,0,0,0,0
LNR-0013,CS-101,3,2,1,0.5,2,46.1,9.0,1,1,57.7,9.0,1.0,0.0,0.0,2.0,-0.41,1,0,0,0,0,0,0,0,0,0,0,0,0,0,0
LNR-0013,CS-101,4,2,0,0.0,1,26.8,8.0,0,2,35.8,-21.9,0.0,1.0,0.0,1.5,-0.21,1,0,0,0,0,0,0,0,0,1,1,1,0,0,3
LNR-0013,CS-101,5,3,0,0.0,2,55.3,5.0,0,1,38.7,2.9,0.0,0.0,0.0,4.0,0.44,1,0,0,0,0,0,0,0,0,0,0,0,1,1,2
LNR-0014,AI-301,1,3,2,0.6667,11,93.4,25.0,2,2,67.1,4.5,0.0,0.0,0.0,3.0,0.35,0,0,0,0,0,0,0,0,0,0,0,0,0,0,0
LNR-0014,AI-301,2,3,3,1.0,8,178.0,20.0,1,1,66.4,-0.7,0.0,0.0,1.0,4.0,0.22,0,0,0,0,0,0,0,0,0,0,0,0,0,0,0
LNR-0014,AI-301,3,3,2,0.6667,6,70.9,25.0,0,2,63.8,-2.6,1.0,0.0,0.0,3.5,0.05,1,0,0,0,0,0,0,0,0,0,0,0,0,0,0
LNR-0014,AI-301,4,3,2,0.6667,9,145.6,17.0,1,2,62.6,-1.2,1.0,0.0,0.0,3.5,0.01,0,0,0,0,0,0,0,0,0,0,0,0,0,0,0
LNR-0014,AI-301,5,2,2,1.0,3,112.1,32.0,1,1,72.1,9.5,0.0,0.0,0.0,4.0,0.44,0,0,0,0,0,0,0,0,0,0,0,0,1,1,2
LNR-0015,DATA-201,1,4,4,1.0,12,118.9,35.0,1,1,69.9,-0.3,1.0,0.0,0.0,5.0,0.44,0,0,0,0,0,0,0,1,1,0,0,0,0,0,2
LNR-0015,DATA-201,2,2,2,1.0,10,156.1,48.0,2,2,57.7,-8.6,0.0,0.0,0.0,5.0,0.79,0,0,0,0,0,0,0,0,0,0,0,0,0,0,0
LNR-0015,DATA-201,3,2,2,1.0,14,296.6,32.0,2,3,69.9,-0.3,0.0,2.0,2.0,5.0,0.53,0,0,0,0,0,0,0,1,1,0,0,0,0,0,2
LNR-0015,DATA-201,4,3,3,1.0,10,229.6,28.0,2,2,67.9,7.3,1.0,1.0,0.0,4.0,0.44,0,0,0,0,0,0,0,0,0,0,0,0,1,1,2
LNR-0015,DATA-201,5,2,2,1.0,7,236.9,38.0,2,2,56.3,-11.6,0.0,2.0,1.0,5.0,0.5,0,0,0,0,0,0,0,0,0,0,0,0,0,0,0
LNR-0016,WEB-102,1,4,4,1.0,9,192.5,35.0,2,1,60.0,-1.4,1.0,2.0,0.0,4.0,0.44,0,0,0,0,0,0,0,0,0,0,0,0,1,1,2
LNR-0016,WEB-102,2,3,3,1.0,10,177.3,32.0,2,1,63.3,3.3,3.0,1.0,1.0,4.5,0.82,0,0,0,0,0,0,0,0,0,0,0,0,0,0,0
LNR-0016,WEB-102,3,3,3,1.0,5,132.5,39.0,2,1,69.5,6.2,1.0,2.0,0.0,4.0,0.44,0,0,0,0,0,0,0,0,0,0,0,0,1,1,2
LNR-0016,WEB-102,4,3,3,1.0,9,246.0,29.0,2,3,68.0,-1.5,0.0,0.0,1.0,4.0,0.44,0,0,0,0,0,0,0,0,0,0,0,0,1,1,2
LNR-0016,WEB-102,5,2,2,1.0,10,209.4,43.0,2,1,68.1,0.1,0.0,1.0,1.0,4.5,0.46,0,0,0,0,0,0,0,0,0,0,0,0,0,0,0
LNR-0017,CS-101,1,2,2,1.0,9,192.0,44.0,2,1,92.2,12.6,1.0,2.0,0.0,4.0,0.44,0,0,0,0,0,0,0,0,0,0,0,0,1,1,2
LNR-0017,CS-101,2,3,3,1.0,12,256.5,32.0,2,1,77.0,-15.2,0.0,2.0,2.0,4.5,0.54,0,0,0,0,0,0,0,0,0,0,0,0,0,0,0
LNR-0017,CS-101,3,3,3,1.0,14,264.7,35.0,2,2,81.7,4.7,1.0,3.0,1.0,4.0,0.41,0,0,0,0,0,0,0,0,0,0,0,0,0,0,0
LNR-0017,CS-101,4,3,3,1.0,13,233.2,33.0,2,1,83.6,1.9,2.0,0.0,0.0,4.5,0.63,0,0,0,0,0,0,0,0,0,0,0,0,0,0,0
LNR-0017,CS-101,5,3,3,1.0,11,260.3,39.0,2,1,89.9,6.3,1.0,0.0,0.0,4.5,0.73,0,0,0,0,0,0,0,0,0,0,0,0,0,0,0
LNR-0018,WEB-102,1,4,2,0.5,5,150.0,9.0,0,2,71.3,-9.4,1.0,0.0,0.0,3.0,-0.09,1,0,0,0,0,0,0,0,0,0,0,0,0,0,0
LNR-0018,WEB-102,2,3,1,0.3333,3,126.4,9.0,1,1,66.8,-4.5,0.0,0.0,0.0,1.5,0.03,1,0,0,0,0,0,0,0,0,0,0,0,0,0,0
LNR-0018,WEB-102,3,3,1,0.3333,1,110.2,9.0,0,0,68.3,1.5,1.0,0.0,0.0,4.0,0.44,1,0,0,0,0,0,0,0,0,0,0,0,1,1,2
LNR-0018,WEB-102,4,3,1,0.3333,4,168.3,26.0,0,1,69.9,-0.3,0.0,0.0,0.0,2.0,-0.57,1,0,0,1,1,0,0,1,1,0,0,0,0,0,4
LNR-0018,WEB-102,5,4,0,0.0,1,15.6,4.0,0,0,66.5,3.5,0.0,0.0,0.0,3.0,-0.32,1,0,0,0,0,0,0,0,0,0,0,0,0,0,0
LNR-0019,CS-101,1,3,2,0.6667,6,112.1,28.0,1,1,64.3,-3.9,0.0,0.0,0.0,3.5,0.06,0,0,0,0,0,0,0,0,0,0,0,0,0,0,0
LNR-0019,CS-101,2,3,2,1.0,4,108.9,19.0,1,1,65.7,1.4,0.0,1.0,0.0,4.0,0.44,0,1,0,0,0,0,0,0,0,0,0,0,1,1,3
LNR-0019,CS-101,3,2,2,1.0,4,162.3,20.0,1,1,52.5,-13.2,1.0,2.0,0.0,4.0,0.44,0,0,0,0,0,0,0,0,0,0,0,0,1,1,2
LNR-0019,CS-101,4,3,2,0.6667,11,158.5,20.0,2,1,72.1,19.6,0.0,0.0,0.0,3.5,0.17,0,0,0,0,0,0,0,0,0,0,0,0,0,0,0
LNR-0019,CS-101,5,3,2,0.6667,7,115.0,21.0,1,2,64.7,-7.4,0.0,0.0,0.0,3.0,0.38,0,0,0,0,0,0,0,0,0,0,0,0,0,0,0
LNR-0020,DATA-201,1,4,4,1.0,13,219.2,30.0,1,1,65.3,-5.6,2.0,1.0,0.0,5.0,0.64,0,0,0,0,0,0,0,0,0,0,0,0,0,0,0
LNR-0020,DATA-201,2,3,3,1.0,9,168.3,26.0,2,1,78.3,13.0,1.0,1.0,2.0,4.5,0.89,0,0,0,1,1,0,0,0,0,0,0,0,0,0,2
LNR-0020,DATA-201,3,3,3,1.0,16,207.9,32.0,2,1,72.1,-6.2,1.0,1.0,0.0,5.0,0.76,0,0,0,0,0,0,0,0,0,0,0,0,0,0,0
LNR-0020,DATA-201,4,3,3,1.0,10,171.1,39.0,1,2,64.6,-7.5,0.0,1.0,0.0,4.0,0.6,0,0,0,0,0,0,0,0,0,1,1,1,0,0,3
LNR-0020,DATA-201,5,3,3,1.0,12,204.2,23.0,2,1,78.1,13.5,1.0,1.0,0.0,4.0,0.44,0,0,0,0,0,0,0,0,0,0,0,0,1,1,2
LNR-0021,WEB-102,1,3,2,0.6667,8,94.2,22.0,1,1,88.1,-0.2,0.0,0.0,0.0,3.0,0.37,0,0,0,0,0,0,0,0,0,0,0,0,0,0,0
LNR-0021,WEB-102,2,3,2,0.6667,5,118.1,18.0,1,1,88.5,0.4,0.0,0.0,1.0,4.0,0.45,0,0,0,0,0,0,0,0,0,0,0,0,0,0,0
LNR-0021,WEB-102,3,3,3,1.0,7,135.2,16.0,1,2,69.9,-0.3,0.0,2.0,0.0,4.0,0.25,0,0,0,0,0,0,0,1,1,0,0,0,0,0,2
LNR-0021,WEB-102,4,3,2,1.0,7,120.7,23.0,2,1,78.6,-1.3,1.0,0.0,0.0,3.5,0.37,0,1,0,0,0,0,0,0,0,0,0,0,0,0,1
LNR-0021,WEB-102,5,3,2,0.6667,5,168.3,26.0,1,2,86.5,7.9,0.0,0.0,0.0,3.5,0.0,0,0,0,1,1,0,0,0,0,0,0,0,0,0,2
LNR-0022,DATA-201,1,3,3,1.0,6,186.5,20.0,1,1,69.9,-0.3,1.0,1.0,0.0,4.0,0.44,0,0,0,0,0,0,0,1,1,0,0,0,1,1,4
LNR-0022,DATA-201,2,3,2,1.0,9,209.7,15.0,1,1,86.8,-13.2,1.0,1.0,0.0,4.0,0.5,0,1,0,0,0,0,0,0,0,0,0,0,0,0,1
LNR-0022,DATA-201,3,3,1,0.3333,0,5.4,6.0,0,0,63.3,-23.5,0.0,0.0,0.0,4.0,0.44,1,0,0,0,0,0,0,0,0,0,0,0,1,1,2
LNR-0022,DATA-201,4,3,1,0.3333,1,34.9,4.0,0,0,66.8,3.5,0.0,0.0,0.0,2.0,-0.38,1,0,0,0,0,0,0,0,0,0,0,0,0,0,0
LNR-0022,DATA-201,5,4,1,0.25,0,27.7,2.0,0,0,69.1,2.3,0.0,0.0,0.0,4.0,0.44,1,0,0,0,0,0,0,0,0,0,0,0,1,1,2
LNR-0023,CS-101,1,4,4,1.0,14,199.3,28.0,2,3,57.1,2.2,2.0,2.0,0.0,5.0,0.48,0,0,0,0,0,0,0,0,0,0,0,0,0,0,0
LNR-0023,CS-101,2,3,3,1.0,7,197.5,30.0,2,1,56.9,-0.2,0.0,1.0,0.0,4.0,0.44,0,0,0,0,0,0,0,0,0,1,1,1,1,1,5
LNR-0023,CS-101,3,4,4,1.0,13,147.3,31.0,2,1,47.8,-9.1,0.0,0.0,0.0,5.0,0.54,0,0,0,0,0,0,0,0,0,0,0,0,0,0,0
LNR-0023,CS-101,4,4,4,1.0,15,289.1,30.0,2,1,47.5,-0.3,0.0,2.0,2.0,5.0,0.79,0,0,0,0,0,0,0,0,0,0,0,0,0,0,0
LNR-0023,CS-101,5,4,4,1.0,7,226.9,32.0,1,3,69.9,-0.3,0.0,0.0,0.0,5.0,0.88,0,0,0,0,0,0,0,1,1,0,0,0,0,0,2
LNR-0024,CS-101,1,3,2,0.6667,11,156.2,21.0,1,1,84.5,4.5,0.0,1.0,0.0,3.0,0.36,0,0,0,0,0,0,0,0,0,1,1,1,0,0,3
LNR-0024,CS-101,2,3,2,0.6667,13,209.8,19.0,2,2,100.0,15.5,1.0,2.0,0.0,3.0,0.39,0,0,0,0,0,0,0,0,0,0,0,0,0,0,0
LNR-0024,CS-101,3,2,2,1.0,5,190.6,12.0,1,2,69.9,-0.3,0.0,0.0,0.0,4.0,0.44,0,0,0,0,0,0,0,1,1,0,0,0,1,1,4
LNR-0024,CS-101,4,3,2,0.6667,7,153.2,23.0,1,1,86.5,2.6,0.0,0.0,0.0,4.0,0.44,0,0,0,0,0,0,0,0,0,0,0,0,1,1,2
LNR-0024,CS-101,5,3,2,0.6667,5,134.7,30.0,1,1,77.1,-9.4,1.0,0.0,0.0,4.0,0.44,0,0,0,0,0,0,0,0,0,0,0,0,1,1,2
LNR-0025,CS-101,1,3,2,0.6667,6,107.7,22.0,0,2,64.9,-4.3,0.0,1.0,0.0,3.0,0.48,0,0,0,0,0,0,0,0,0,0,0,0,0,0,0
LNR-0025,CS-101,2,3,2,0.6667,7,168.7,30.0,2,1,81.5,16.6,0.0,1.0,0.0,3.0,0.29,0,0,0,0,0,0,0,0,0,0,0,0,0,0,0
LNR-0025,CS-101,3,4,3,0.75,6,83.2,20.0,1,2,56.4,-25.1,0.0,1.0,0.0,4.0,0.44,0,0,0,0,0,0,0,0,0,0,0,0,1,1,2
LNR-0025,CS-101,4,3,2,0.6667,3,152.6,18.0,0,1,73.8,17.4,1.0,1.0,1.0,4.0,0.41,0,0,0,0,0,0,0,0,0,0,0,0,0,0,0
LNR-0025,CS-101,5,3,2,0.6667,8,166.0,18.0,2,1,67.4,-6.4,1.0,1.0,0.0,4.0,0.44,0,0,0,0,0,0,0,0,0,0,0,0,1,1,2
LNR-0026,CS-101,1,3,1,1.0,6,76.8,10.0,0,0,69.2,2.9,0.0,1.0,0.0,2.0,-0.43,1,1,0,0,0,0,0,0,0,1,1,1,0,0,4
LNR-0026,CS-101,2,3,1,0.3333,7,66.1,19.0,0,1,43.0,-26.2,0.0,0.0,0.0,2.0,-0.01,1,0,0,0,0,0,0,0,0,0,0,0,0,0,0
LNR-0026,CS-101,3,3,1,0.3333,2,101.4,4.0,1,1,48.4,5.4,0.0,0.0,0.0,2.0,-0.17,1,0,0,0,0,0,0,0,0,0,0,0,0,0,0
LNR-0026,CS-101,4,3,0,0.0,3,168.3,26.0,0,0,40.6,-7.8,0.0,0.0,0.0,1.5,-0.12,1,0,0,1,1,0,0,0,0,0,0,0,0,0,2
LNR-0026,CS-101,5,4,0,0.0,1,10.0,1.0,0,0,69.9,-0.3,0.0,0.0,0.0,2.5,-0.23,1,0,0,0,0,0,0,1,1,0,0,0,0,0,2
LNR-0027,AI-301,1,3,1,0.3333,7,166.7,14.0,1,0,60.3,-11.1,0.0,0.0,0.0,3.0,-0.21,0,0,0,0,0,0,0,0,0,0,0,0,0,0,0
LNR-0027,AI-301,2,3,1,0.3333,2,69.0,15.0,1,0,46.7,-13.6,0.0,1.0,0.0,4.0,0.44,1,0,0,0,0,0,0,0,0,1,1,1,1,1,5
LNR-0027,AI-301,3,2,1,0.5,5,128.6,15.0,1,0,50.1,3.4,0.0,0.0,0.0,3.0,-0.25,0,0,0,0,0,0,0,0,0,0,0,0,0,0,0
LNR-0027,AI-301,4,2,0,0.0,4,32.6,7.0,0,0,66.6,16.5,0.0,0.0,0.0,2.5,-0.47,1,0,0,0,0,0,0,0,0,0,0,0,0,0,0
LNR-0027,AI-301,5,3,0,0.0,0,168.3,26.0,0,0,41.0,-25.6,0.0,1.0,0.0,2.5,-0.37,1,0,0,1,1,0,0,0,0,1,1,1,0,0,5
LNR-0028,WEB-102,1,2,2,1.0,9,189.5,18.0,1,1,84.5,8.5,1.0,1.0,0.0,4.0,0.5,0,0,0,0,0,0,0,0,0,0,0,0,0,0,0
LNR-0028,WEB-102,2,3,2,0.6667,5,144.0,29.0,1,1,80.9,-3.6,1.0,1.0,0.0,4.0,0.5,0,0,0,0,0,0,0,0,0,0,0,0,0,0,0
LNR-0028,WEB-102,3,4,1,0.25,3,45.4,3.0,0,1,48.5,-32.4,0.0,0.0,0.0,1.0,-0.67,1,0,0,0,0,0,0,0,0,0,0,0,0,0,0
LNR-0028,WEB-102,4,4,1,0.25,2,46.8,5.0,0,0,57.6,9.1,0.0,0.0,0.0,1.0,-0.38,1,0,0,0,0,0,0,0,0,0,0,0,0,0,0
LNR-0028,WEB-102,5,2,0,0.0,1,43.0,4.0,0,0,57.3,-0.3,0.0,1.0,0.0,4.0,0.44,1,0,0,0,0,0,0,0,0,1,1,1,1,1,5
LNR-0029,AI-301,1,3,2,0.6667,6,271.9,23.0,1,1,66.8,6.6,1.0,1.0,0.0,4.0,0.44,0,0,0,0,0,0,0,0,0,0,0,0,1,1,2
LNR-0029,AI-301,2,4,4,1.0,7,192.9,31.0,1,1,57.8,-9.0,1.0,1.0,0.0,4.0,0.5,0,0,0,0,0,0,0,0,0,0,0,0,0,0,0
LNR-0029,AI-301,3,4,0,0.0,1,168.3,26.0,0,0,27.3,-30.5,0.0,0.0,0.0,1.0,-0.64,1,0,0,1,1,0,0,0,0,0,0,0,0,0,2
LNR-0029,AI-301,4,2,0,0.0,1,5.0,2.0,0,0,29.7,2.4,0.0,0.0,0.0,1.0,-0.4,1,0,0,0,0,0,0,0,0,0,0,0,0,0,0
LNR-0029,AI-301,5,3,1,0.3333,0,35.0,1.0,0,0,51.5,21.8,0.0,0.0,0.0,1.0,-0.45,1,0,0,0,0,0,0,0,0,0,0,0,0,0,0
LNR-0030,DATA-201,1,3,3,1.0,16,241.3,28.0,2,1,64.4,9.5,0.0,2.0,0.0,5.0,0.46,0,0,0,0,0,0,0,0,0,0,0,0,0,0,0
LNR-0030,DATA-201,2,2,2,1.0,11,220.5,29.0,1,2,49.4,-15.0,0.0,3.0,0.0,5.0,0.58,0,0,0,0,0,0,0,0,0,0,0,0,0,0,0
LNR-0030,DATA-201,3,4,4,1.0,9,176.2,35.0,1,1,52.6,3.2,1.0,0.0,0.0,4.0,0.44,0,0,0,0,0,0,0,0,0,0,0,0,1,1,2
LNR-0030,DATA-201,4,4,4,1.0,11,273.6,28.0,2,2,55.6,3.0,2.0,0.0,0.0,4.5,0.62,0,0,0,0,0,0,0,0,0,0,0,0,0,0,0
LNR-0030,DATA-201,5,2,2,1.0,8,221.5,31.0,2,2,58.8,3.2,0.0,3.0,0.0,4.0,0.81,0,0,0,0,0,0,0,0,0,0,0,0,0,0,0
LNR-0031,DATA-201,1,3,2,0.6667,8,168.3,26.0,1,1,57.5,-6.1,0.0,1.0,0.0,4.0,0.44,0,0,0,1,1,0,0,0,0,1,1,1,1,1,7
LNR-0031,DATA-201,2,3,1,0.3333,4,116.3,12.0,1,4,42.1,-15.4,0.0,0.0,0.0,2.0,-0.31,1,0,0,0,0,0,0,0,0,0,0,0,0,0,0
LNR-0031,DATA-201,3,4,1,0.25,3,76.1,9.0,0,1,49.8,7.7,1.0,0.0,0.0,3.0,-0.03,1,0,0,0,0,0,0,0,0,0,0,0,0,0,0
LNR-0031,DATA-201,4,3,1,0.3333,1,53.3,7.0,0,1,52.2,2.4,0.0,1.0,0.0,1.5,-0.48,1,0,0,0,0,0,0,0,0,1,1,1,0,0,3
LNR-0031,DATA-201,5,4,1,1.0,3,53.9,2.0,0,0,69.9,-0.3,0.0,0.0,0.0,2.5,-0.03,1,1,0,0,0,0,0,1,1,0,0,0,0,0,3
LNR-0032,DATA-201,1,2,2,1.0,14,189.3,33.0,2,1,69.9,-0.3,2.0,0.0,0.0,4.0,0.71,0,0,0,0,0,0,0,1,1,0,0,0,0,0,2
LNR-0032,DATA-201,2,4,4,1.0,12,201.3,35.0,2,1,84.1,-6.5,0.0,1.0,0.0,4.0,0.84,0,0,0,0,0,0,0,0,0,0,0,0,0,0,0
LNR-0032,DATA-201,3,3,3,1.0,18,222.9,39.0,2,3,91.8,7.7,1.0,1.0,0.0,4.0,0.54,0,0,0,0,0,0,0,0,0,0,0,0,0,0,0
LNR-0032,DATA-201,4,2,2,1.0,13,206.2,36.0,2,1,90.4,-1.4,1.0,1.0,0.0,4.0,0.49,0,0,0,0,0,0,0,0,0,0,0,0,0,0,0
LNR-0032,DATA-201,5,4,3,0.75,7,191.0,28.0,2,3,85.6,-4.8,2.0,0.0,0.0,4.5,0.6,0,0,0,0,0,0,0,0,0,0,0,0,0,0,0
LNR-0033,CS-101,1,4,3,0.75,7,138.7,20.0,2,1,76.0,5.1,1.0,0.0,0.0,4.0,0.04,0,0,0,0,0,0,0,0,0,0,0,0,0,0,0
LNR-0033,CS-101,2,3,2,0.6667,7,139.6,24.0,1,1,65.7,-10.3,0.0,0.0,0.0,3.0,0.02,0,0,0,0,0,0,0,0,0,0,0,0,0,0,0
LNR-0033,CS-101,3,2,2,1.0,7,109.9,23.0,1,2,62.1,-3.6,1.0,1.0,0.0,4.0,0.44,0,0,0,0,0,0,0,0,0,0,0,0,1,1,2
LNR-0033,CS-101,4,4,3,0.75,8,161.2,22.0,1,2,79.9,17.8,1.0,1.0,0.0,4.0,0.02,0,0,0,0,0,0,0,0,0,0,0,0,0,0,0
LNR-0033,CS-101,5,3,2,0.6667,7,116.3,23.0,1,1,57.2,-22.7,0.0,1.0,0.0,3.0,0.31,1,0,0,0,0,0,0,0,0,0,0,0,0,0,0
LNR-0034,AI-301,1,3,3,1.0,7,223.0,32.0,1,1,88.2,3.3,0.0,1.0,0.0,4.0,0.44,0,0,0,0,0,0,0,0,0,1,1,1,0,0,3
LNR-0034,AI-301,2,3,3,1.0,13,203.1,29.0,2,2,91.5,3.3,1.0,1.0,0.0,4.5,0.57,0,0,0,0,0,0,0,0,0,0,0,0,0,0,0
LNR-0034,AI-301,3,3,3,1.0,4,221.5,36.0,2,1,93.9,2.4,2.0,0.0,0.0,4.0,0.44,0,0,0,0,0,0,0,0,0,0,0,0,1,1,2
LNR-0034,AI-301,4,3,3,1.0,13,168.3,26.0,2,1,83.2,-10.7,1.0,2.0,1.0,4.5,0.77,0,0,0,1,1,0,0,0,0,0,0,0,0,0,2
LNR-0034,AI-301,5,2,2,1.0,11,228.0,24.0,1,1,77.6,-5.6,2.0,2.0,0.0,5.0,0.85,0,0,0,0,0,0,0,0,0,0,0,0,0,0,0
LNR-0035,AI-301,1,2,2,1.0,5,168.3,26.0,1,1,60.1,-2.3,0.0,1.0,0.0,3.5,0.48,0,0,0,1,1,0,0,0,0,0,0,0,0,0,2
LNR-0035,AI-301,2,3,2,1.0,7,142.8,27.0,1,1,45.3,-14.8,0.0,1.0,0.0,4.0,0.32,1,1,0,0,0,0,0,0,0,0,0,0,0,0,1
LNR-0035,AI-301,3,3,2,0.6667,5,121.0,17.0,1,1,69.9,-0.3,0.0,1.0,0.0,3.5,0.45,0,0,0,0,0,0,0,1,1,1,1,1,0,0,5
LNR-0035,AI-301,4,3,2,0.6667,8,137.4,21.0,2,1,61.8,-2.3,0.0,1.0,2.0,4.0,0.44,0,0,0,0,0,0,0,0,0,0,0,0,1,1,2
LNR-0035,AI-301,5,3,3,1.0,7,51.4,25.0,1,1,52.3,-9.5,0.0,2.0,0.0,3.5,0.02,1,0,0,0,0,0,0,0,0,0,0,0,0,0,0
LNR-0036,AI-301,1,4,2,0.5,8,161.9,11.0,1,2,39.8,-10.9,0.0,0.0,0.0,1.5,-0.33,1,0,0,0,0,0,0,0,0,0,0,0,0,0,0
LNR-0036,AI-301,2,2,1,0.5,4,168.3,26.0,1,3,61.2,21.4,0.0,0.0,0.0,4.0,0.44,1,0,0,1,1,0,0,0,0,0,0,0,1,1,4
LNR-0036,AI-301,3,2,0,0.0,1,107.8,10.0,1,1,9.3,-51.9,0.0,0.0,0.0,1.5,0.07,1,0,0,0,0,0,0,0,0,0,0,0,0,0,0
LNR-0036,AI-301,4,3,1,0.3333,1,32.1,7.0,0,2,14.7,5.4,1.0,0.0,0.0,2.0,0.08,1,0,0,0,0,0,0,0,0,0,0,0,0,0,0
LNR-0036,AI-301,5,3,0,0.0,1,20.4,5.0,0,0,30.7,16.0,1.0,0.0,0.0,1.5,-0.49,1,0,0,0,0,0,0,0,0,0,0,0,0,0,0
LNR-0037,WEB-102,1,3,1,0.3333,6,94.8,18.0,1,2,69.9,-0.3,1.0,0.0,0.0,1.5,-0.42,1,0,0,0,0,0,0,1,1,0,0,0,0,0,2
LNR-0037,WEB-102,2,3,1,0.3333,0,51.2,12.0,1,0,56.2,-10.0,0.0,1.0,0.0,1.5,-0.16,0,0,0,0,0,0,0,0,0,0,0,0,0,0,0
LNR-0037,WEB-102,3,3,1,0.3333,1,119.0,13.0,0,1,42.8,-13.4,0.0,0.0,0.0,1.5,-0.4,1,0,0,0,0,0,0,0,0,0,0,0,0,0,0
LNR-0037,WEB-102,4,3,1,0.3333,1,91.9,11.0,0,1,51.1,8.3,0.0,0.0,0.0,2.0,-0.13,1,0,0,0,0,0,0,0,0,0,0,0,0,0,0
LNR-0037,WEB-102,5,3,0,0.0,1,12.7,9.0,0,1,40.2,-10.9,0.0,0.0,0.0,2.5,-0.44,1,0,0,0,0,0,0,0,0,0,0,0,0,0,0
LNR-0038,DATA-201,1,3,3,1.0,9,184.6,29.0,2,2,85.9,6.7,2.0,3.0,0.0,4.0,0.44,0,1,0,0,0,0,0,0,0,0,0,0,1,1,3
LNR-0038,DATA-201,2,2,2,1.0,15,224.9,40.0,1,2,83.0,-2.9,1.0,1.0,1.0,4.0,0.76,0,0,0,0,0,0,0,0,0,0,0,0,0,0,0
LNR-0038,DATA-201,3,3,3,1.0,14,220.6,35.0,2,3,87.1,4.1,0.0,0.0,0.0,4.5,0.89,0,0,0,0,0,0,0,0,0,0,0,0,0,0,0
LNR-0038,DATA-201,4,3,3,1.0,11,221.2,32.0,2,1,69.9,-0.3,2.0,1.0,1.0,4.5,0.7,0,0,0,0,0,0,0,1,1,0,0,0,0,0,2
LNR-0038,DATA-201,5,4,4,1.0,6,210.8,37.0,1,1,83.1,14.7,0.0,0.0,0.0,4.5,0.59,0,0,0,0,0,0,0,0,0,0,0,0,0,0,0
LNR-0039,AI-301,1,3,2,0.6667,6,124.1,18.0,2,2,73.0,2.3,0.0,0.0,0.0,4.0,0.44,0,0,0,0,0,0,0,0,0,0,0,0,1,1,2
LNR-0039,AI-301,2,3,2,0.6667,4,112.6,20.0,2,2,64.6,-8.4,0.0,0.0,0.0,4.0,0.03,0,0,0,0,0,0,0,0,0,0,0,0,0,0,0
LNR-0039,AI-301,3,3,2,0.6667,5,103.0,28.0,2,1,75.4,10.8,0.0,1.0,0.0,4.0,0.44,0,0,0,0,0,0,0,0,0,0,0,0,1,1,2
LNR-0039,AI-301,4,4,3,0.75,6,134.2,23.0,1,1,72.4,-3.0,1.0,1.0,0.0,3.0,0.19,0,0,0,0,0,0,0,0,0,0,0,0,0,0,0
LNR-0039,AI-301,5,3,3,1.0,5,136.7,30.0,1,1,70.4,-2.0,1.0,1.0,0.0,4.0,0.46,0,0,0,0,0,0,0,0,0,0,0,0,0,0,0
LNR-0040,WEB-102,1,2,2,1.0,5,101.2,18.0,1,1,65.7,8.7,0.0,0.0,0.0,3.0,0.05,0,0,0,0,0,0,0,0,0,0,0,0,0,0,0
LNR-0040,WEB-102,2,4,3,0.75,5,101.2,16.0,0,2,66.2,0.5,0.0,0.0,0.0,4.0,0.44,1,0,0,0,0,0,0,0,0,0,0,0,1,1,2
LNR-0040,WEB-102,3,3,2,0.6667,7,111.8,24.0,2,1,64.6,-1.6,0.0,0.0,0.0,3.0,0.37,0,0,0,0,0,0,0,0,0,0,0,0,0,0,0
LNR-0040,WEB-102,4,4,3,1.0,11,150.4,23.0,2,2,56.2,-8.4,0.0,0.0,0.0,4.0,0.44,0,1,0,0,0,0,0,0,0,0,0,0,1,1,3
LNR-0040,WEB-102,5,3,2,0.6667,7,185.2,31.0,1,2,71.9,15.7,0.0,0.0,0.0,3.0,0.0,0,0,0,0,0,0,0,0,0,0,0,0,0,0,0
LNR-0041,CS-101,1,2,2,1.0,10,144.4,21.0,1,1,69.5,-11.5,1.0,1.0,0.0,4.0,0.44,0,0,0,0,0,0,0,0,0,0,0,0,1,1,2
LNR-0041,CS-101,2,3,3,1.0,6,205.6,27.0,1,1,78.4,8.9,1.0,1.0,0.0,4.0,0.5,0,0,0,0,0,0,0,0,0,0,0,0,0,0,0
LNR-0041,CS-101,3,3,0,0.0,1,37.8,7.0,0,0,48.7,-29.7,0.0,0.0,0.0,1.0,-0.48,1,0,0,0,0,0,0,0,0,0,0,0,0,0,0
LNR-0041,CS-101,4,3,1,0.3333,5,24.0,3.0,0,0,42.8,-5.9,0.0,0.0,0.0,1.0,-0.6,1,0,0,0,0,0,0,0,0,0,0,0,0,0,0
LNR-0041,CS-101,5,4,0,0.0,0,31.4,3.0,0,0,62.6,19.8,0.0,0.0,0.0,2.0,-0.5,1,0,0,0,0,0,0,0,0,0,0,0,0,0,0
LNR-0042,CS-101,1,2,2,1.0,7,120.9,21.0,0,1,67.7,-3.9,0.0,1.0,0.0,3.5,0.06,0,0,0,0,0,0,0,0,0,0,0,0,0,0,0
LNR-0042,CS-101,2,2,1,0.5,5,137.2,22.0,1,1,67.0,-0.7,0.0,0.0,0.0,4.0,0.48,0,0,0,0,0,0,0,0,0,0,0,0,0,0,0
LNR-0042,CS-101,3,3,2,0.6667,7,168.1,21.0,1,1,65.5,-1.5,1.0,1.0,0.0,4.0,0.19,0,0,0,0,0,0,0,0,0,0,0,0,0,0,0
LNR-0042,CS-101,4,3,2,0.6667,10,156.1,18.0,2,1,73.2,7.7,1.0,0.0,0.0,3.5,0.11,0,0,0,0,0,0,0,0,0,0,0,0,0,0,0
LNR-0042,CS-101,5,3,2,0.6667,5,168.3,26.0,1,1,71.2,-2.0,2.0,1.0,0.0,4.0,0.44,0,0,0,1,1,0,0,0,0,0,0,0,1,1,4
LNR-0043,WEB-102,1,3,1,1.0,6,142.5,14.0,1,4,66.1,-7.9,1.0,1.0,0.0,4.0,0.44,1,1,0,0,0,0,0,0,0,0,0,0,1,1,3
LNR-0043,WEB-102,2,3,1,0.3333,2,81.4,8.0,0,0,71.5,5.4,0.0,1.0,0.0,2.0,-0.31,1,0,0,0,0,0,0,0,0,0,0,0,0,0,0
LNR-0043,WEB-102,3,3,0,0.0,2,132.9,16.0,0,1,56.5,-15.0,0.0,1.0,0.0,1.5,-0.27,1,0,0,0,0,0,0,0,0,1,1,1,0,0,3
LNR-0043,WEB-102,4,4,1,0.25,3,50.9,8.0,0,1,51.5,-5.0,0.0,0.0,0.0,1.5,-0.57,1,0,0,0,0,0,0,0,0,0,0,0,0,0,0
LNR-0043,WEB-102,5,3,0,0.0,0,10.0,1.0,0,1,31.9,-19.6,0.0,1.0,0.0,4.0,0.44,1,0,0,0,0,0,0,0,0,0,0,0,1,1,2
LNR-0044,WEB-102,1,3,2,0.6667,6,127.0,16.0,1,1,46.5,-4.6,0.0,2.0,0.0,4.0,0.0,0,0,0,0,0,0,0,0,0,0,0,0,0,0,0
LNR-0044,WEB-102,2,4,3,0.75,3,141.6,23.0,2,1,55.6,9.1,0.0,1.0,0.0,4.0,0.43,0,0,0,0,0,0,0,0,0,0,0,0,0,0,0
LNR-0044,WEB-102,3,3,2,0.6667,9,138.6,20.0,1,1,36.4,-19.2,1.0,0.0,0.0,4.0,0.44,0,0,0,0,0,0,0,0,0,0,0,0,1,1,2
LNR-0044,WEB-102,4,3,2,0.6667,9,157.3,20.0,2,1,50.6,14.2,2.0,0.0,2.0,3.5,0.26,0,0,0,0,0,0,0,0,0,0,0,0,0,0,0
LNR-0044,WEB-102,5,3,2,0.6667,4,172.5,21.0,1,1,50.6,0.0,0.0,2.0,0.0,4.0,0.3,0,0,0,0,0,0,0,0,0,0,0,0,0,0,0
LNR-0045,CS-101,1,4,3,0.75,6,117.0,17.0,1,1,70.7,-3.0,0.0,0.0,0.0,4.0,0.11,0,0,0,0,0,0,0,0,0,0,0,0,0,0,0
LNR-0045,CS-101,2,3,2,0.6667,5,117.9,19.0,1,1,79.6,8.9,1.0,0.0,0.0,3.5,0.38,0,0,0,0,0,0,0,0,0,0,0,0,0,0,0
LNR-0045,CS-101,3,3,2,0.6667,11,119.4,21.0,1,2,89.3,9.7,0.0,0.0,0.0,4.0,0.44,0,0,0,0,0,0,0,0,0,0,0,0,1,1,2
LNR-0045,CS-101,4,2,2,1.0,8,99.6,25.0,1,2,67.0,-22.3,0.0,1.0,0.0,4.0,0.44,0,0,0,0,0,0,0,0,0,0,0,0,1,1,2
LNR-0045,CS-101,5,3,2,0.6667,5,111.8,16.0,1,1,76.1,9.1,0.0,1.0,0.0,4.0,0.44,0,0,0,0,0,0,0,0,0,1,1,1,1,1,5
LNR-0046,CS-101,1,3,3,1.0,10,204.0,36.0,2,3,83.8,4.9,1.0,3.0,0.0,4.5,0.81,0,0,0,0,0,0,0,0,0,0,0,0,0,0,0
LNR-0046,CS-101,2,3,3,1.0,12,205.8,36.0,2,1,77.1,-6.7,0.0,1.0,0.0,5.0,0.85,0,1,0,0,0,0,0,0,0,0,0,0,0,0,1
LNR-0046,CS-101,3,2,2,1.0,12,120.8,37.0,2,1,69.9,-0.3,0.0,1.0,0.0,4.0,0.43,0,0,0,0,0,0,0,1,1,1,1,1,0,0,5
LNR-0046,CS-101,4,3,3,1.0,10,260.7,36.0,2,1,82.6,-1.9,0.0,4.0,0.0,5.0,0.69,0,1,0,0,0,0,0,0,0,0,0,0,0,0,1
LNR-0046,CS-101,5,3,3,1.0,9,231.8,34.0,2,1,80.7,-1.9,1.0,0.0,1.0,5.0,0.47,0,0,0,0,0,0,0,0,0,0,0,0,0,0,0
LNR-0047,AI-301,1,3,3,1.0,12,168.3,26.0,1,3,83.6,5.9,1.0,0.0,0.0,4.0,0.44,0,0,0,1,1,0,0,0,0,0,0,0,1,1,4
LNR-0047,AI-301,2,2,2,1.0,9,193.3,35.0,2,2,81.7,-1.9,1.0,0.0,0.0,5.0,0.68,0,0,0,0,0,0,0,0,0,0,0,0,0,0,0
LNR-0047,AI-301,3,3,3,1.0,14,174.9,37.0,1,1,81.1,-0.6,1.0,1.0,0.0,5.0,0.47,0,0,0,0,0,0,0,0,0,0,0,0,0,0,0
LNR-0047,AI-301,4,4,4,1.0,9,167.2,29.0,2,3,90.0,8.9,1.0,0.0,2.0,4.0,0.44,0,0,0,0,0,0,0,0,0,0,0,0,1,1,2
LNR-0047,AI-301,5,3,3,1.0,11,186.6,26.0,2,1,78.5,-11.5,2.0,1.0,0.0,4.5,0.67,0,0,0,0,0,0,0,0,0,0,0,0,0,0,0
LNR-0048,WEB-102,1,4,4,1.0,7,261.7,40.0,2,2,71.1,2.4,0.0,3.0,1.0,4.0,0.44,0,0,0,0,0,0,0,0,0,0,0,0,1,1,2
LNR-0048,WEB-102,2,3,3,1.0,13,200.4,29.0,2,1,70.7,-0.4,1.0,1.0,1.0,4.0,0.44,0,1,0,0,0,0,0,0,0,0,0,0,1,1,3
LNR-0048,WEB-102,3,3,3,1.0,12,194.4,25.0,2,2,67.3,-3.4,0.0,2.0,0.0,4.0,0.89,0,0,0,0,0,0,0,0,0,0,0,0,0,0,0
LNR-0048,WEB-102,4,3,3,1.0,13,173.1,37.0,2,1,71.9,4.6,0.0,1.0,0.0,4.0,0.44,0,0,0,0,0,0,0,0,0,1,1,1,1,1,5
LNR-0048,WEB-102,5,2,2,1.0,9,160.1,31.0,2,1,69.9,-2.0,1.0,2.0,2.0,4.0,0.44,0,0,0,0,0,0,0,0,0,0,0,0,1,1,2
LNR-0049,WEB-102,1,2,2,1.0,4,162.9,34.0,2,2,75.7,2.2,1.0,0.0,1.0,5.0,0.64,0,0,0,0,0,0,0,0,0,0,0,0,0,0,0
LNR-0049,WEB-102,2,2,2,1.0,13,215.4,37.0,2,1,74.8,-0.9,0.0,3.0,0.0,4.5,0.84,0,0,0,0,0,0,0,0,0,0,0,0,0,0,0
LNR-0049,WEB-102,3,2,2,1.0,12,183.6,32.0,2,2,75.6,0.8,2.0,2.0,1.0,4.5,0.65,0,0,0,0,0,0,0,0,0,0,0,0,0,0,0
LNR-0049,WEB-102,4,4,4,1.0,11,142.4,27.0,2,1,69.6,-6.0,0.0,1.0,0.0,4.5,0.88,0,0,0,0,0,0,0,0,0,0,0,0,0,0,0
LNR-0049,WEB-102,5,3,3,1.0,10,181.7,37.0,2,1,73.5,3.9,1.0,1.0,0.0,4.0,0.44,0,0,0,0,0,0,0,0,0,0,0,0,1,1,2
LNR-0050,CS-101,1,3,3,1.0,6,187.2,24.0,1,1,68.0,-3.2,1.0,1.0,0.0,4.0,0.5,0,0,0,0,0,0,0,0,0,0,0,0,0,0,0
LNR-0050,CS-101,2,3,3,1.0,3,168.3,26.0,1,1,71.8,3.8,1.0,1.0,0.0,4.0,0.5,0,0,0,1,1,0,0,0,0,0,0,0,0,0,2
LNR-0050,CS-101,3,3,0,0.0,2,168.3,26.0,0,0,38.1,-33.7,0.0,0.0,0.0,2.0,-0.71,1,0,0,1,1,0,0,0,0,0,0,0,0,0,2
LNR-0050,CS-101,4,3,0,0.0,1,9.5,2.0,0,0,37.7,-0.4,0.0,0.0,0.0,1.0,-0.77,1,0,0,0,0,0,0,0,0,0,0,0,0,0,0
LNR-0050,CS-101,5,3,1,1.0,0,48.9,2.0,0,0,38.1,0.4,0.0,0.0,0.0,4.0,0.44,1,1,0,0,0,0,0,0,0,0,0,0,1,1,3
LNR-0051,AI-301,1,3,2,0.6667,8,156.6,20.0,1,1,48.3,-13.5,2.0,0.0,0.0,3.0,0.4,0,0,0,0,0,0,0,0,0,0,0,0,0,0,0
LNR-0051,AI-301,2,3,2,0.6667,9,111.6,19.0,1,1,59.6,11.3,0.0,1.0,0.0,3.5,0.08,0,0,0,0,0,0,0,0,0,1,1,1,0,0,3
LNR-0051,AI-301,3,2,1,1.0,3,170.9,20.0,1,1,58.1,-1.5,0.0,1.0,2.0,4.0,0.05,0,1,0,0,0,0,0,0,0,0,0,0,0,0,1
LNR-0051,AI-301,4,3,2,0.6667,6,168.3,26.0,2,1,60.1,2.0,1.0,0.0,0.0,4.0,0.22,0,0,0,1,1,0,0,0,0,0,0,0,0,0,2
LNR-0051,AI-301,5,2,1,0.5,8,157.6,25.0,1,1,53.7,-6.4,0.0,0.0,0.0,4.0,0.18,0,0,0,0,0,0,0,0,0,0,0,0,0,0,0
LNR-0052,DATA-201,1,3,2,0.6667,5,106.4,14.0,2,1,55.6,-5.3,0.0,1.0,0.0,3.0,0.37,0,0,0,0,0,0,0,0,0,0,0,0,0,0,0
LNR-0052,DATA-201,2,2,1,0.5,7,168.3,26.0,1,1,58.2,2.6,0.0,1.0,0.0,4.0,0.34,0,0,0,1,1,0,0,0,0,1,1,1,0,0,5
LNR-0052,DATA-201,3,3,2,0.6667,8,114.3,17.0,1,2,69.9,-0.3,0.0,0.0,0.0,3.5,0.28,1,0,0,0,0,0,0,1,1,0,0,0,0,0,2
LNR-0052,DATA-201,4,3,2,0.6667,11,110.5,17.0,0,2,61.9,-4.7,0.0,0.0,0.0,4.0,0.02,1,0,0,0,0,0,0,0,0,0,0,0,0,0,0
LNR-0052,DATA-201,5,3,2,0.6667,8,126.4,18.0,1,2,54.7,-7.2,0.0,3.0,0.0,4.0,0.44,0,0,0,0,0,0,0,0,0,0,0,0,1,1,2
LNR-0053,CS-101,1,2,2,1.0,13,218.9,31.0,2,1,55.1,3.9,0.0,1.0,0.0,4.0,0.87,0,0,0,0,0,0,0,0,0,1,1,1,0,0,3
LNR-0053,CS-101,2,3,3,1.0,12,168.3,26.0,2,1,59.6,4.5,0.0,2.0,0.0,4.5,0.88,0,0,0,1,1,0,0,0,0,0,0,0,0,0,2
LNR-0053,CS-101,3,2,2,1.0,6,172.5,39.0,1,2,55.6,-4.0,1.0,3.0,0.0,4.5,0.8,0,0,0,0,0,0,0,0,0,0,0,0,0,0,0
LNR-0053,CS-101,4,2,2,1.0,8,193.0,32.0,1,2,59.5,3.9,0.0,1.0,0.0,4.0,0.44,0,0,0,0,0,0,0,0,0,1,1,1,1,1,5
LNR-0053,CS-101,5,3,3,1.0,6,183.0,29.0,1,1,50.7,-8.8,1.0,1.0,0.0,4.0,0.44,0,0,0,0,0,0,0,0,0,0,0,0,0,0,0
LNR-0054,WEB-102,1,3,3,1.0,9,219.1,38.0,2,1,82.1,4.6,0.0,0.0,0.0,5.0,0.69,0,0,0,0,0,0,0,0,0,0,0,0,0,0,0
LNR-0054,WEB-102,2,3,3,1.0,11,256.4,25.0,1,1,76.5,-5.6,1.0,0.0,0.0,4.5,0.67,0,0,0,0,0,0,0,0,0,0,0,0,0,0,0
LNR-0054,WEB-102,3,4,4,1.0,12,226.6,32.0,2,1,77.7,1.2,0.0,4.0,1.0,4.0,0.52,0,1,0,0,0,0,0,0,0,0,0,0,0,0,1
LNR-0054,WEB-102,4,3,3,1.0,12,168.3,26.0,2,1,77.1,-0.6,0.0,2.0,0.0,4.5,0.73,0,0,0,1,1,0,0,0,0,0,0,0,0,0,2
LNR-0054,WEB-102,5,3,3,1.0,6,194.9,38.0,2,2,89.2,12.1,0.0,1.0,0.0,5.0,0.59,0,0,0,0,0,0,0,0,0,1,1,1,0,0,3
LNR-0055,CS-101,1,3,3,1.0,10,232.5,39.0,2,1,94.2,-2.0,2.0,0.0,1.0,4.0,0.68,0,0,0,0,0,0,0,0,0,0,0,0,0,0,0
LNR-0055,CS-101,2,4,3,1.0,11,253.4,39.0,2,1,99.4,5.2,0.0,0.0,0.0,4.5,0.8,0,1,0,0,0,0,0,0,0,0,0,0,0,0,1
LNR-0055,CS-101,3,3,3,1.0,11,197.8,33.0,2,2,100.0,0.6,2.0,1.0,0.0,4.5,0.88,0,0,0,0,0,0,0,0,0,0,0,0,0,0,0
LNR-0055,CS-101,4,3,3,1.0,11,182.4,21.0,2,1,98.4,-1.6,0.0,1.0,0.0,4.5,0.66,0,0,0,0,0,0,0,0,0,1,1,1,0,0,3
LNR-0055,CS-101,5,2,2,1.0,12,187.7,27.0,1,3,96.0,-2.4,0.0,1.0,0.0,5.0,0.85,0,1,0,0,0,0,0,0,0,0,0,0,0,0,1
LNR-0056,AI-301,1,3,3,1.0,12,150.9,35.0,2,1,69.9,-0.3,1.0,1.0,0.0,4.5,0.87,0,0,0,0,0,0,0,1,1,0,0,0,0,0,2
LNR-0056,AI-301,2,4,4,1.0,10,170.8,30.0,2,1,84.7,0.8,0.0,1.0,0.0,4.5,0.8,0,0,0,0,0,0,0,0,0,0,0,0,0,0,0
LNR-0056,AI-301,3,3,3,1.0,11,257.4,28.0,2,1,97.3,12.6,1.0,1.0,0.0,4.0,0.87,0,0,0,0,0,0,0,0,0,0,0,0,0,0,0
LNR-0056,AI-301,4,3,3,1.0,10,209.5,40.0,2,1,96.6,-0.7,0.0,0.0,1.0,4.5,0.74,0,0,0,0,0,0,0,0,0,0,0,0,0,0,0
LNR-0056,AI-301,5,3,3,1.0,12,211.5,32.0,2,2,90.2,-6.4,0.0,1.0,0.0,5.0,0.82,0,0,0,0,0,0,0,0,0,1,1,1,0,0,3
LNR-0057,AI-301,1,4,4,1.0,10,108.7,37.0,2,1,57.4,-2.0,1.0,0.0,0.0,5.0,0.52,0,0,0,0,0,0,0,0,0,0,0,0,0,0,0
LNR-0057,AI-301,2,2,2,1.0,12,168.3,26.0,2,2,71.1,13.7,0.0,1.0,0.0,5.0,0.6,0,0,0,1,1,0,0,0,0,0,0,0,0,0,2
LNR-0057,AI-301,3,4,4,1.0,11,226.3,38.0,2,3,61.6,-9.5,2.0,1.0,0.0,4.0,0.49,0,0,0,0,0,0,0,0,0,0,0,0,0,0,0
LNR-0057,AI-301,4,3,3,1.0,13,183.3,35.0,2,1,62.5,0.9,0.0,2.0,0.0,4.5,0.82,0,0,0,0,0,0,0,0,0,0,0,0,0,0,0
LNR-0057,AI-301,5,2,2,1.0,12,237.5,36.0,2,1,67.6,5.1,0.0,1.0,0.0,4.5,0.87,0,0,0,0,0,0,0,0,0,1,1,1,0,0,3
LNR-0058,CS-101,1,4,4,1.0,12,229.1,35.0,1,3,60.8,0.1,1.0,1.0,0.0,5.0,0.61,0,1,0,0,0,0,0,0,0,0,0,0,0,0,1
LNR-0058,CS-101,2,3,3,1.0,13,203.0,28.0,2,1,63.2,2.4,2.0,2.0,0.0,5.0,0.68,0,0,0,0,0,0,0,0,0,0,0,0,0,0,0
LNR-0058,CS-101,3,2,2,1.0,12,168.3,26.0,2,2,55.1,-8.1,0.0,1.0,0.0,4.0,0.44,0,0,0,1,1,0,0,0,0,0,0,0,1,1,4
LNR-0058,CS-101,4,4,4,1.0,10,194.0,34.0,2,2,58.2,3.1,2.0,2.0,0.0,4.5,0.42,0,0,0,0,0,0,0,0,0,0,0,0,0,0,0
LNR-0058,CS-101,5,2,2,1.0,9,225.9,37.0,2,1,60.0,1.8,1.0,2.0,0.0,4.5,0.84,0,0,0,0,0,0,0,0,0,0,0,0,0,0,0
LNR-0059,CS-101,1,2,2,1.0,10,266.5,33.0,2,1,67.3,-11.7,1.0,1.0,1.0,5.0,0.82,0,0,0,0,0,0,0,0,0,0,0,0,0,0,0
LNR-0059,CS-101,2,3,3,1.0,9,133.8,33.0,2,1,82.5,15.2,0.0,0.0,1.0,4.5,0.51,0,0,0,0,0,0,0,0,0,0,0,0,0,0,0
LNR-0059,CS-101,3,3,3,1.0,15,220.9,34.0,2,3,69.9,-0.3,1.0,2.0,0.0,4.0,0.44,0,0,0,0,0,0,0,1,1,0,0,0,1,1,4
LNR-0059,CS-101,4,4,4,1.0,8,178.8,32.0,2,1,82.5,-0.7,1.0,0.0,1.0,4.5,0.72,0,0,0,0,0,0,0,0,0,0,0,0,0,0,0
LNR-0059,CS-101,5,2,2,1.0,11,221.6,49.0,2,1,71.2,-11.3,1.0,1.0,0.0,4.0,0.76,0,0,0,0,0,0,0,0,0,0,0,0,0,0,0
LNR-0060,CS-101,1,2,1,0.5,6,77.1,17.0,1,1,50.3,-5.1,0.0,1.0,0.0,3.5,0.13,0,0,0,0,0,0,0,0,0,0,0,0,0,0,0
LNR-0060,CS-101,2,3,2,0.6667,8,55.9,21.0,2,1,66.6,16.3,0.0,0.0,1.0,3.5,0.17,0,0,0,0,0,0,0,0,0,0,0,0,0,0,0
LNR-0060,CS-101,3,3,2,0.6667,5,178.2,16.0,1,1,69.9,-0.3,1.0,1.0,0.0,4.0,0.44,0,0,0,0,0,0,0,1,1,0,0,0,1,1,4
LNR-0060,CS-101,4,4,3,0.75,7,162.6,19.0,2,2,46.6,-2.5,1.0,0.0,0.0,4.0,0.14,0,0,0,0,0,0,0,0,0,0,0,0,0,0,0
LNR-0060,CS-101,5,2,1,0.5,9,116.3,14.0,1,1,59.4,12.8,1.0,0.0,0.0,3.0,0.03,0,0,0,0,0,0,0,0,0,0,0,0,0,0,0
LNR-0061,DATA-201,1,4,3,0.75,11,204.3,27.0,1,1,62.6,-0.8,1.0,1.0,0.0,4.0,0.44,0,0,0,0,0,0,0,0,0,0,0,0,1,1,2
LNR-0061,DATA-201,2,3,2,0.6667,6,168.3,26.0,1,1,55.0,-7.6,1.0,1.0,0.0,4.0,0.5,0,0,0,1,1,0,0,0,0,0,0,0,0,0,2
LNR-0061,DATA-201,3,3,1,0.3333,0,56.4,4.0,0,1,26.4,-28.6,0.0,0.0,0.0,1.0,-0.26,1,0,0,0,0,0,0,0,0,0,0,0,0,0,0
LNR-0061,DATA-201,4,3,1,0.3333,1,37.0,3.0,0,0,24.4,-2.0,0.0,0.0,0.0,1.0,-0.61,1,0,0,0,0,0,0,0,0,0,0,0,0,0,0
LNR-0061,DATA-201,5,3,0,0.0,2,27.2,6.0,0,1,34.6,10.2,0.0,0.0,0.0,4.0,0.44,1,0,0,0,0,0,0,0,0,0,0,0,1,1,2
LNR-0062,CS-101,1,2,2,1.0,8,186.5,38.0,2,2,69.9,-0.3,1.0,2.0,0.0,4.5,0.72,0,0,0,0,0,0,0,1,1,0,0,0,0,0,2
LNR-0062,CS-101,2,3,3,1.0,12,257.4,35.0,1,2,46.3,-2.4,1.0,1.0,0.0,5.0,0.53,0,0,0,0,0,0,0,0,0,0,0,0,0,0,0
LNR-0062,CS-101,3,3,3,1.0,10,215.7,34.0,2,2,49.8,3.5,0.0,1.0,1.0,4.0,0.44,0,0,0,0,0,0,0,0,0,0,0,0,1,1,2
LNR-0062,CS-101,4,4,4,1.0,9,225.9,38.0,2,3,51.9,2.1,0.0,1.0,0.0,4.0,0.77,0,0,0,0,0,0,0,0,0,0,0,0,0,0,0
LNR-0062,CS-101,5,3,3,1.0,11,135.1,28.0,1,1,56.1,4.2,1.0,1.0,1.0,4.0,0.44,0,0,0,0,0,0,0,0,0,0,0,0,1,1,2
LNR-0063,CS-101,1,2,2,1.0,7,210.9,34.0,2,1,82.1,9.8,0.0,1.0,0.0,4.0,0.44,0,0,0,0,0,0,0,0,0,1,1,1,1,1,5
LNR-0063,CS-101,2,2,2,1.0,7,181.3,22.0,2,1,72.3,-9.8,1.0,3.0,0.0,4.0,0.44,0,0,0,0,0,0,0,0,0,0,0,0,1,1,2
LNR-0063,CS-101,3,4,4,1.0,9,203.8,35.0,2,2,69.9,-0.3,0.0,2.0,1.0,4.0,0.41,0,0,0,0,0,0,0,1,1,0,0,0,0,0,2
LNR-0063,CS-101,4,3,3,1.0,8,183.0,28.0,2,1,80.1,16.1,1.0,1.0,0.0,4.0,0.44,0,0,0,0,0,0,0,0,0,0,0,0,1,1,2
LNR-0063,CS-101,5,3,3,1.0,8,284.7,39.0,2,1,67.8,-12.3,1.0,1.0,1.0,4.0,0.44,0,0,0,0,0,0,0,0,0,0,0,0,1,1,2
LNR-0064,WEB-102,1,4,3,0.75,7,109.4,23.0,1,1,74.0,10.7,0.0,0.0,1.0,4.0,0.43,0,0,0,0,0,0,0,0,0,0,0,0,0,0,0
LNR-0064,WEB-102,2,3,2,0.6667,6,158.8,19.0,1,1,68.4,-5.6,1.0,0.0,0.0,3.5,0.36,0,0,0,0,0,0,0,0,0,0,0,0,0,0,0
LNR-0064,WEB-102,3,4,3,0.75,7,150.8,19.0,1,1,62.7,-5.7,2.0,0.0,1.0,3.0,0.46,0,0,0,0,0,0,0,0,0,0,0,0,0,0,0
LNR-0064,WEB-102,4,3,2,0.6667,10,107.9,17.0,1,1,68.4,5.7,0.0,0.0,0.0,4.0,0.05,0,0,0,0,0,0,0,0,0,0,0,0,0,0,0
LNR-0064,WEB-102,5,2,2,1.0,6,179.5,26.0,1,1,72.1,3.7,0.0,1.0,1.0,4.0,0.4,0,0,0,0,0,0,0,0,0,0,0,0,0,0,0
LNR-0065,DATA-201,1,4,4,1.0,9,196.2,29.0,2,1,90.1,3.7,0.0,1.0,0.0,4.0,0.44,0,0,0,0,0,0,0,0,0,0,0,0,1,1,2
LNR-0065,DATA-201,2,3,3,1.0,10,143.8,33.0,2,1,82.1,-8.0,0.0,2.0,1.0,4.0,0.44,0,0,0,0,0,0,0,0,0,0,0,0,1,1,2
LNR-0065,DATA-201,3,3,3,1.0,12,117.9,41.0,1,1,95.9,13.8,1.0,0.0,1.0,4.0,0.65,0,0,0,0,0,0,0,0,0,0,0,0,0,0,0
LNR-0065,DATA-201,4,3,3,1.0,12,168.3,26.0,1,1,88.3,-7.6,2.0,3.0,1.0,4.5,0.88,0,0,0,1,1,0,0,0,0,0,0,0,0,0,2
LNR-0065,DATA-201,5,2,2,1.0,9,223.3,33.0,1,3,85.0,-3.3,1.0,3.0,0.0,4.5,0.59,0,0,0,0,0,0,0,0,0,0,0,0,0,0,0
LNR-0066,DATA-201,1,4,4,1.0,8,283.2,29.0,2,3,52.9,-11.6,1.0,1.0,0.0,4.5,0.74,0,0,0,0,0,0,0,0,0,0,0,0,0,0,0
LNR-0066,DATA-201,2,3,3,1.0,8,168.3,26.0,1,1,65.6,12.7,0.0,1.0,0.0,4.0,0.44,0,0,0,1,1,0,0,0,0,1,1,1,1,1,7
LNR-0066,DATA-201,3,2,2,1.0,11,221.8,25.0,2,2,60.3,-5.3,2.0,1.0,0.0,4.5,0.7,0,0,0,0,0,0,0,0,0,0,0,0,0,0,0
LNR-0066,DATA-201,4,4,4,1.0,9,252.6,38.0,2,1,64.9,4.6,0.0,1.0,0.0,4.5,0.66,0,0,0,0,0,0,0,0,0,1,1,1,0,0,3
LNR-0066,DATA-201,5,3,3,1.0,10,278.0,23.0,2,2,69.9,5.0,1.0,0.0,1.0,4.5,0.75,0,0,0,0,0,0,0,0,0,0,0,0,0,0,0
LNR-0067,CS-101,1,3,3,1.0,11,190.3,36.0,2,1,66.8,1.1,2.0,3.0,1.0,5.0,0.64,0,0,0,0,0,0,0,0,0,0,0,0,0,0,0
LNR-0067,CS-101,2,3,3,1.0,11,218.7,39.0,1,1,75.4,8.6,0.0,1.0,0.0,5.0,0.47,0,0,0,0,0,0,0,0,0,0,0,0,0,0,0
LNR-0067,CS-101,3,3,3,1.0,11,148.3,27.0,2,1,59.9,-15.5,2.0,2.0,0.0,4.0,0.7,0,0,0,0,0,0,0,0,0,0,0,0,0,0,0
LNR-0067,CS-101,4,2,2,1.0,13,246.7,29.0,2,1,71.8,11.9,1.0,1.0,0.0,4.0,0.44,0,0,0,0,0,0,0,0,0,0,0,0,1,1,2
LNR-0067,CS-101,5,3,3,1.0,5,227.6,30.0,1,1,65.3,-6.5,1.0,0.0,0.0,4.0,0.44,0,1,0,0,0,0,0,0,0,0,0,0,1,1,3
LNR-0068,CS-101,1,3,2,0.6667,11,147.0,18.0,1,1,81.7,-3.6,0.0,2.0,0.0,3.5,0.48,0,0,0,0,0,0,0,0,0,0,0,0,0,0,0
LNR-0068,CS-101,2,2,1,0.5,4,172.8,25.0,1,2,91.5,9.8,0.0,3.0,0.0,3.5,0.15,0,0,0,0,0,0,0,0,0,0,0,0,0,0,0
LNR-0068,CS-101,3,2,2,1.0,8,115.4,20.0,1,1,83.3,-8.2,0.0,1.0,0.0,4.0,0.34,0,0,0,0,0,0,0,0,0,1,1,1,0,0,3
LNR-0068,CS-101,4,3,2,0.6667,10,141.4,23.0,1,2,82.5,-0.8,0.0,0.0,0.0,4.0,0.05,0,0,0,0,0,0,0,0,0,0,0,0,0,0,0
LNR-0068,CS-101,5,3,2,0.6667,8,202.4,21.0,2,2,71.6,-10.9,0.0,0.0,0.0,3.0,0.43,0,0,0,0,0,0,0,0,0,0,0,0,0,0,0
LNR-0069,CS-101,1,3,2,0.6667,9,104.1,20.0,1,1,49.2,-17.0,0.0,1.0,0.0,4.0,0.08,0,0,0,0,0,0,0,0,0,1,1,1,0,0,3
LNR-0069,CS-101,2,3,2,0.6667,10,101.6,21.0,0,1,72.7,23.5,0.0,1.0,0.0,3.5,0.11,0,0,0,0,0,0,0,0,0,0,0,0,0,0,0
LNR-0069,CS-101,3,3,2,0.6667,9,124.1,20.0,0,1,61.2,-11.5,0.0,0.0,0.0,3.5,0.22,0,0,0,0,0,0,0,0,0,0,0,0,0,0,0
LNR-0069,CS-101,4,3,2,0.6667,6,71.2,18.0,2,1,54.3,-6.9,0.0,0.0,0.0,3.5,0.07,0,0,0,0,0,0,0,0,0,0,0,0,0,0,0
LNR-0069,CS-101,5,2,1,0.5,7,203.9,17.0,1,1,85.7,31.4,0.0,1.0,0.0,4.0,0.41,0,0,0,0,0,0,0,0,0,1,1,1,0,0,3
LNR-0070,CS-101,1,2,2,1.0,17,141.0,31.0,2,1,77.7,5.3,0.0,1.0,1.0,4.0,0.44,0,0,0,0,0,0,0,0,0,0,0,0,0,0,0
LNR-0070,CS-101,2,3,3,1.0,7,146.0,25.0,1,1,69.9,-0.3,0.0,1.0,0.0,4.5,0.65,0,0,0,0,0,0,0,1,1,1,1,1,0,0,5
LNR-0070,CS-101,3,2,2,1.0,9,212.2,44.0,2,1,70.3,7.4,0.0,1.0,0.0,4.5,0.64,0,0,0,0,0,0,0,0,0,0,0,0,0,0,0
LNR-0070,CS-101,4,3,3,1.0,9,168.3,26.0,2,1,70.6,0.3,2.0,2.0,0.0,4.0,0.5,0,0,0,1,1,0,0,0,0,0,0,0,0,0,2
LNR-0070,CS-101,5,3,3,1.0,10,197.5,40.0,2,1,65.6,-5.0,0.0,1.0,0.0,5.0,0.42,0,0,0,0,0,0,0,0,0,0,0,0,0,0,0
LNR-0071,DATA-201,1,2,2,1.0,7,148.1,23.0,1,1,86.3,0.9,1.0,2.0,0.0,3.5,0.21,0,0,0,0,0,0,0,0,0,0,0,0,0,0,0
LNR-0071,DATA-201,2,3,2,1.0,3,162.9,28.0,0,1,83.5,-2.8,0.0,0.0,0.0,3.5,0.02,0,1,0,0,0,0,0,0,0,0,0,0,0,0,1
LNR-0071,DATA-201,3,3,2,1.0,7,119.8,19.0,0,2,91.1,7.6,1.0,1.0,0.0,3.5,0.28,0,1,0,0,0,0,0,0,0,0,0,0,0,0,1
LNR-0071,DATA-201,4,4,3,1.0,6,155.3,22.0,0,1,88.0,-3.1,1.0,1.0,0.0,3.0,0.49,0,1,0,0,0,0,0,0,0,0,0,0,0,0,1
LNR-0071,DATA-201,5,2,2,1.0,7,121.4,20.0,2,1,88.2,0.2,1.0,1.0,1.0,3.5,0.17,0,0,0,0,0,0,0,0,0,0,0,0,0,0,0
LNR-0072,CS-101,1,3,2,0.6667,5,177.0,22.0,1,1,72.9,-3.0,0.0,1.0,0.0,3.5,0.17,0,0,0,0,0,0,0,0,0,1,1,1,0,0,3
LNR-0072,CS-101,2,3,2,0.6667,5,168.0,22.0,1,1,92.4,19.5,0.0,1.0,0.0,3.0,0.49,0,0,0,0,0,0,0,0,0,1,1,1,0,0,3
LNR-0072,CS-101,3,3,2,0.6667,8,170.3,14.0,1,1,76.8,-15.6,0.0,1.0,0.0,3.5,0.19,0,0,0,0,0,0,0,0,0,0,0,0,0,0,0
LNR-0072,CS-101,4,3,2,0.6667,8,186.0,16.0,2,1,68.4,-8.4,0.0,0.0,0.0,3.5,0.48,0,0,0,0,0,0,0,0,0,0,0,0,0,0,0
LNR-0072,CS-101,5,3,2,0.6667,7,142.5,28.0,1,1,50.2,-18.2,0.0,1.0,0.0,4.0,0.38,0,0,0,0,0,0,0,0,0,0,0,0,0,0,0
LNR-0073,DATA-201,1,3,2,0.6667,6,114.2,17.0,1,1,100.0,11.6,0.0,1.0,0.0,4.0,0.19,0,0,0,0,0,0,0,0,0,0,0,0,0,0,0
LNR-0073,DATA-201,2,3,2,0.6667,5,181.5,21.0,1,1,80.7,-19.3,0.0,3.0,1.0,3.5,0.45,0,0,0,0,0,0,0,0,0,0,0,0,0,0,0
LNR-0073,DATA-201,3,3,2,0.6667,10,136.3,21.0,1,1,88.5,7.8,1.0,0.0,0.0,3.5,0.27,0,0,0,0,0,0,0,0,0,0,0,0,0,0,0
LNR-0073,DATA-201,4,3,2,0.6667,8,139.6,25.0,2,2,79.4,-9.1,1.0,0.0,0.0,3.0,0.43,0,0,0,0,0,0,0,0,0,0,0,0,0,0,0
LNR-0073,DATA-201,5,3,2,0.6667,3,117.5,20.0,1,1,96.1,16.7,0.0,3.0,1.0,4.0,0.05,0,0,0,0,0,0,0,0,0,0,0,0,0,0,0
LNR-0074,AI-301,1,3,3,1.0,9,234.6,23.0,1,1,83.7,3.1,1.0,1.0,0.0,4.0,0.5,0,0,0,0,0,0,0,0,0,0,0,0,0,0,0
LNR-0074,AI-301,2,4,4,1.0,11,206.2,27.0,1,1,97.6,13.9,1.0,1.0,0.0,4.0,0.5,0,0,0,0,0,0,0,0,0,0,0,0,0,0,0
LNR-0074,AI-301,3,3,1,0.3333,2,29.4,3.0,0,0,57.1,-40.5,0.0,0.0,0.0,1.0,-0.62,1,0,0,0,0,0,0,0,0,0,0,0,0,0,0
LNR-0074,AI-301,4,3,0,0.0,1,20.1,5.0,0,0,49.5,-7.6,0.0,0.0,0.0,1.0,-0.71,1,0,0,0,0,0,0,0,0,0,0,0,0,0,0
LNR-0074,AI-301,5,3,1,0.3333,1,13.2,3.0,0,0,63.3,13.8,0.0,0.0,0.0,2.0,-0.75,1,0,0,0,0,0,0,0,0,0,0,0,0,0,0
LNR-0075,AI-301,1,3,2,0.6667,10,154.3,26.0,1,1,93.0,6.9,0.0,0.0,0.0,3.5,0.35,0,0,0,0,0,0,0,0,0,0,0,0,0,0,0
LNR-0075,AI-301,2,3,2,0.6667,9,190.8,19.0,1,1,76.0,-17.0,0.0,1.0,0.0,3.5,0.49,0,0,0,0,0,0,0,0,0,0,0,0,0,0,0
LNR-0075,AI-301,3,3,2,0.6667,9,168.3,26.0,1,1,90.4,14.4,0.0,1.0,0.0,3.0,0.14,0,0,0,1,1,0,0,0,0,1,1,1,0,0,5
LNR-0075,AI-301,4,3,2,0.6667,6,159.9,18.0,1,2,90.9,0.5,0.0,0.0,0.0,3.5,0.19,0,0,0,0,0,0,0,0,0,0,0,0,0,0,0
LNR-0075,AI-301,5,4,3,0.75,8,143.4,21.0,1,1,71.8,-19.1,0.0,0.0,0.0,3.5,0.1,0,0,0,0,0,0,0,0,0,0,0,0,0,0,0
LNR-0076,DATA-201,1,2,2,1.0,16,241.3,36.0,2,1,82.5,-3.4,0.0,1.0,0.0,4.5,0.59,0,0,0,0,0,0,0,0,0,0,0,0,0,0,0
LNR-0076,DATA-201,2,3,3,1.0,12,162.8,33.0,2,3,81.0,-1.5,2.0,2.0,0.0,4.0,0.44,0,0,0,0,0,0,0,0,0,0,0,0,1,1,2
LNR-0076,DATA-201,3,2,2,1.0,8,197.5,31.0,1,1,90.9,9.9,0.0,1.0,0.0,5.0,0.68,0,0,0,0,0,0,0,0,0,1,1,1,0,0,3
LNR-0076,DATA-201,4,4,4,1.0,10,175.2,32.0,2,1,87.5,-3.4,0.0,3.0,0.0,4.0,0.44,0,0,0,0,0,0,0,0,0,0,0,0,1,1,2
LNR-0076,DATA-201,5,3,3,1.0,9,168.3,26.0,1,1,91.6,4.1,0.0,1.0,0.0,4.5,0.75,0,0,0,1,1,0,0,0,0,1,1,1,0,0,5
LNR-0077,DATA-201,1,3,1,0.3333,5,116.0,13.0,1,0,62.3,-12.2,0.0,0.0,0.0,3.0,-0.04,0,0,0,0,0,0,0,0,0,0,0,0,0,0,0
LNR-0077,DATA-201,2,2,1,0.5,4,141.9,11.0,0,0,58.7,-3.6,0.0,0.0,0.0,1.5,-0.57,1,0,0,0,0,0,0,0,0,0,0,0,0,0,0
LNR-0077,DATA-201,3,4,1,0.25,3,103.2,11.0,0,0,69.9,-0.3,0.0,0.0,0.0,2.0,-0.53,1,0,0,0,0,0,0,1,1,0,0,0,0,0,2
LNR-0077,DATA-201,4,3,0,0.0,0,58.5,8.0,0,0,51.1,-18.3,0.0,0.0,0.0,2.0,-0.21,1,0,0,0,0,0,0,0,0,0,0,0,0,0,0
LNR-0077,DATA-201,5,3,0,0.0,1,51.2,2.0,0,1,68.0,16.9,0.0,0.0,0.0,2.0,0.06,1,0,0,0,0,0,0,0,0,0,0,0,0,0,0
LNR-0078,CS-101,1,4,3,0.75,8,67.6,26.0,1,1,75.0,1.8,0.0,1.0,0.0,3.0,0.23,1,0,0,0,0,0,0,0,0,1,1,1,0,0,3
LNR-0078,CS-101,2,3,2,0.6667,6,151.7,16.0,1,1,70.9,-4.1,1.0,0.0,1.0,3.0,0.09,0,0,0,0,0,0,0,0,0,0,0,0,0,0,0
LNR-0078,CS-101,3,3,2,0.6667,4,197.8,23.0,0,2,64.2,-6.7,1.0,0.0,0.0,4.0,0.17,0,0,0,0,0,0,0,0,0,0,0,0,0,0,0
LNR-0078,CS-101,4,2,1,0.5,7,114.5,27.0,1,1,78.8,14.6,1.0,1.0,0.0,4.0,0.44,1,0,0,0,0,0,0,0,0,0,0,0,1,1,2
LNR-0078,CS-101,5,4,3,0.75,8,67.8,17.0,0,1,70.4,-8.4,0.0,1.0,0.0,3.5,0.47,1,0,0,0,0,0,0,0,0,1,1,1,0,0,3
LNR-0079,AI-301,1,3,3,1.0,15,177.6,36.0,2,2,69.9,-0.3,0.0,1.0,0.0,4.0,0.44,0,1,0,0,0,0,0,1,1,1,1,1,1,1,8
LNR-0079,AI-301,2,3,3,1.0,13,223.7,34.0,2,1,80.4,-13.8,1.0,0.0,1.0,4.0,0.44,0,0,0,0,0,0,0,0,0,0,0,0,1,1,2
LNR-0079,AI-301,3,4,4,1.0,8,197.2,31.0,2,1,69.9,-0.3,1.0,3.0,0.0,4.0,0.44,0,0,0,0,0,0,0,1,1,0,0,0,1,1,4
LNR-0079,AI-301,4,4,4,1.0,8,190.2,34.0,2,2,80.3,13.5,0.0,0.0,0.0,4.5,0.85,0,0,0,0,0,0,0,0,0,0,0,0,0,0,0
LNR-0079,AI-301,5,3,3,1.0,6,177.0,40.0,2,1,77.9,-2.4,4.0,0.0,0.0,4.0,0.44,0,0,0,0,0,0,0,0,0,0,0,0,1,1,2
LNR-0080,DATA-201,1,2,2,1.0,6,158.9,21.0,1,1,72.7,-3.6,1.0,1.0,0.0,3.5,0.24,0,0,0,0,0,0,0,0,0,0,0,0,0,0,0
LNR-0080,DATA-201,2,3,2,0.6667,4,199.8,12.0,1,1,80.5,7.8,2.0,0.0,0.0,3.5,0.45,0,0,0,0,0,0,0,0,0,0,0,0,0,0,0
LNR-0080,DATA-201,3,3,2,0.6667,5,177.1,25.0,2,2,75.3,-5.2,0.0,0.0,0.0,4.0,0.44,0,0,0,0,0,0,0,0,0,0,0,0,1,1,2
LNR-0080,DATA-201,4,3,2,0.6667,8,143.0,14.0,1,1,74.1,-1.2,1.0,1.0,1.0,3.5,0.34,0,0,0,0,0,0,0,0,0,0,0,0,0,0,0
LNR-0080,DATA-201,5,4,3,0.75,5,185.1,22.0,1,1,83.6,9.5,0.0,1.0,0.0,4.0,0.26,0,0,0,0,0,0,0,0,0,0,0,0,0,0,0
LNR-0081,CS-101,1,3,3,1.0,13,190.3,34.0,2,1,84.1,11.0,0.0,1.0,0.0,4.0,0.59,0,0,0,0,0,0,0,0,0,1,1,1,0,0,3
LNR-0081,CS-101,2,4,4,1.0,12,263.6,30.0,2,1,69.9,-0.3,1.0,0.0,0.0,4.0,0.71,0,1,0,0,0,0,0,1,1,0,0,0,0,0,3
LNR-0081,CS-101,3,2,2,1.0,14,195.9,35.0,2,1,79.9,15.4,0.0,1.0,0.0,5.0,0.52,0,0,0,0,0,0,0,0,0,1,1,1,0,0,3
LNR-0081,CS-101,4,3,3,1.0,12,194.9,30.0,2,1,83.1,3.2,0.0,1.0,0.0,4.0,0.44,0,0,0,0,0,0,0,0,0,0,0,0,1,1,2
LNR-0081,CS-101,5,3,3,1.0,12,165.9,36.0,2,1,67.3,-15.8,0.0,1.0,0.0,5.0,0.48,0,0,0,0,0,0,0,0,0,1,1,1,0,0,3
LNR-0082,CS-101,1,3,2,0.6667,7,168.3,26.0,1,1,74.9,0.7,0.0,1.0,0.0,3.5,0.39,0,0,0,1,1,0,0,0,0,0,0,0,0,0,2
LNR-0082,CS-101,2,3,2,0.6667,6,152.4,18.0,1,2,60.4,-14.5,0.0,1.0,1.0,3.5,0.34,0,0,0,0,0,0,0,0,0,0,0,0,0,0,0
LNR-0082,CS-101,3,4,3,0.75,8,145.8,28.0,1,2,66.5,6.1,0.0,0.0,1.0,3.0,0.05,0,0,0,0,0,0,0,0,0,0,0,0,0,0,0
LNR-0082,CS-101,4,3,2,0.6667,3,104.5,23.0,2,2,76.9,10.4,0.0,0.0,1.0,4.0,0.06,0,0,0,0,0,0,0,0,0,0,0,0,0,0,0
LNR-0082,CS-101,5,3,2,0.6667,7,149.0,21.0,1,1,61.3,-15.6,1.0,0.0,0.0,3.5,0.12,0,0,0,0,0,0,0,0,0,0,0,0,0,0,0
LNR-0083,DATA-201,1,2,1,0.5,4,179.9,16.0,1,2,74.9,-4.6,0.0,0.0,0.0,1.5,-0.03,0,0,0,0,0,0,0,0,0,0,0,0,0,0,0
LNR-0083,DATA-201,2,3,1,0.3333,6,90.3,11.0,0,2,82.2,7.3,1.0,0.0,1.0,1.5,-0.24,1,0,0,0,0,0,0,0,0,0,0,0,0,0,0
LNR-0083,DATA-201,3,3,1,0.3333,3,102.2,13.0,0,0,69.9,-0.3,1.0,0.0,0.0,4.0,0.44,1,0,0,0,0,0,0,1,1,0,0,0,1,1,4
LNR-0083,DATA-201,4,3,1,0.3333,3,36.2,8.0,1,0,49.7,-10.8,1.0,0.0,0.0,2.0,0.04,1,0,0,0,0,0,0,0,0,0,0,0,0,0,0
LNR-0083,DATA-201,5,3,0,0.0,1,10.0,9.0,0,2,38.2,-11.5,0.0,0.0,0.0,2.0,-0.23,1,0,0,0,0,0,0,0,0,0,0,0,0,0,0
LNR-0084,WEB-102,1,3,1,0.3333,6,98.3,13.0,1,1,47.3,-19.8,0.0,0.0,0.0,4.0,0.44,1,0,0,0,0,0,0,0,0,0,0,0,1,1,2
LNR-0084,WEB-102,2,2,1,0.5,1,168.3,26.0,1,1,64.4,17.1,0.0,1.0,0.0,2.0,-0.37,1,0,0,1,1,0,0,0,0,1,1,1,0,0,5
LNR-0084,WEB-102,3,3,1,0.3333,6,59.7,9.0,0,1,69.9,-0.3,0.0,0.0,0.0,2.5,-0.06,1,0,0,0,0,0,0,1,1,0,0,0,0,0,2
LNR-0084,WEB-102,4,4,1,0.25,3,35.0,8.0,0,0,42.2,-11.2,0.0,1.0,1.0,4.0,0.44,1,0,0,0,0,0,0,0,0,0,0,0,1,1,2
LNR-0084,WEB-102,5,4,1,0.25,2,10.0,6.0,0,2,47.9,5.7,0.0,0.0,0.0,2.5,-0.22,1,0,0,0,0,0,0,0,0,0,0,0,0,0,0
LNR-0085,AI-301,1,4,4,1.0,15,205.3,27.0,2,2,63.3,8.0,1.0,1.0,1.0,4.5,0.58,0,0,0,0,0,0,0,0,0,0,0,0,0,0,0
LNR-0085,AI-301,2,4,4,1.0,17,242.5,43.0,2,1,62.3,-1.0,0.0,1.0,0.0,4.5,0.47,0,0,0,0,0,0,0,0,0,1,1,1,0,0,3
LNR-0085,AI-301,3,4,4,1.0,8,221.8,29.0,2,1,54.7,-7.6,0.0,1.0,1.0,4.0,0.44,0,0,0,0,0,0,0,0,0,0,0,0,1,1,2
LNR-0085,AI-301,4,4,4,1.0,11,168.3,26.0,2,1,58.5,3.8,1.0,3.0,0.0,4.0,0.41,0,0,0,1,1,0,0,0,0,0,0,0,0,0,2
LNR-0085,AI-301,5,3,3,1.0,14,165.1,38.0,2,1,60.2,1.7,0.0,1.0,0.0,5.0,0.83,0,0,0,0,0,0,0,0,0,0,0,0,0,0,0
LNR-0086,DATA-201,1,2,2,1.0,9,157.0,38.0,2,1,100.0,5.0,1.0,1.0,0.0,4.0,0.44,0,0,0,0,0,0,0,0,0,0,0,0,1,1,2
LNR-0086,DATA-201,2,3,3,1.0,6,168.3,26.0,2,1,97.0,-3.0,1.0,0.0,0.0,4.5,0.57,0,0,0,1,1,0,0,0,0,0,0,0,0,0,2
LNR-0086,DATA-201,3,3,3,1.0,12,218.5,39.0,2,2,91.2,-5.8,0.0,1.0,1.0,4.0,0.44,0,0,0,0,0,0,0,0,0,0,0,0,1,1,2
LNR-0086,DATA-201,4,2,2,1.0,13,213.3,40.0,1,2,100.0,8.8,3.0,1.0,0.0,4.0,0.44,0,0,0,0,0,0,0,0,0,0,0,0,1,1,2
LNR-0086,DATA-201,5,2,2,1.0,9,229.2,37.0,2,1,100.0,0.0,0.0,1.0,0.0,4.5,0.45,0,0,0,0,0,0,0,0,0,0,0,0,0,0,0
LNR-0087,WEB-102,1,3,3,1.0,10,181.0,23.0,1,1,87.2,17.5,0.0,1.0,0.0,5.0,0.52,0,0,0,0,0,0,0,0,0,1,1,1,0,0,3
LNR-0087,WEB-102,2,2,2,1.0,10,218.7,28.0,2,1,70.7,-16.5,2.0,0.0,1.0,4.0,0.85,0,0,0,0,0,0,0,0,0,0,0,0,0,0,0
LNR-0087,WEB-102,3,3,3,1.0,10,202.3,28.0,2,2,81.4,10.7,2.0,1.0,0.0,4.0,0.44,0,0,0,0,0,0,0,0,0,0,0,0,1,1,2
LNR-0087,WEB-102,4,2,2,1.0,17,166.5,19.0,2,2,75.0,-6.4,1.0,3.0,1.0,4.5,0.68,0,0,0,0,0,0,0,0,0,0,0,0,0,0,0
LNR-0087,WEB-102,5,3,3,1.0,16,214.1,45.0,1,3,54.1,-20.9,1.0,2.0,0.0,4.0,0.61,0,0,0,0,0,0,0,0,0,0,0,0,0,0,0
LNR-0088,AI-301,1,3,1,0.3333,5,147.2,14.0,0,0,69.9,-0.3,2.0,0.0,1.0,2.5,-0.07,0,0,0,0,0,0,0,1,1,0,0,0,0,0,2
LNR-0088,AI-301,2,2,1,0.5,4,110.1,10.0,1,0,42.7,-29.7,0.0,1.0,0.0,2.0,-0.17,0,0,0,0,0,0,0,0,0,0,0,0,0,0,0
LNR-0088,AI-301,3,4,1,0.25,4,128.8,14.0,0,2,58.0,15.3,0.0,1.0,0.0,4.0,0.44,1,0,0,0,0,0,0,0,0,0,0,0,1,1,2
LNR-0088,AI-301,4,3,0,0.0,0,102.8,10.0,0,3,39.9,-18.1,1.0,0.0,0.0,2.0,-0.27,1,0,0,0,0,0,0,0,0,0,0,0,0,0,0
LNR-0088,AI-301,5,4,0,0.0,1,25.0,5.0,0,0,58.1,18.2,1.0,0.0,0.0,1.5,-0.26,1,0,0,0,0,0,0,0,0,0,0,0,0,0,0
LNR-0089,CS-101,1,3,1,0.3333,6,132.8,9.0,1,2,74.5,0.2,0.0,0.0,0.0,2.0,-0.26,0,0,0,0,0,0,0,0,0,0,0,0,0,0,0
LNR-0089,CS-101,2,4,1,0.25,5,151.9,11.0,1,1,48.7,-25.8,1.0,0.0,0.0,2.0,-0.29,0,0,0,0,0,0,0,0,0,0,0,0,0,0,0
LNR-0089,CS-101,3,3,1,0.3333,4,63.3,11.0,1,0,46.4,-2.3,0.0,1.0,0.0,4.0,0.44,1,0,0,0,0,0,0,0,0,1,1,1,1,1,5
LNR-0089,CS-101,4,3,1,0.3333,1,51.1,9.0,0,1,61.1,14.7,0.0,0.0,0.0,1.5,-0.5,1,0,0,0,0,0,0,0,0,0,0,0,0,0,0
LNR-0089,CS-101,5,3,0,0.0,1,10.0,2.0,0,0,47.8,-13.3,0.0,0.0,0.0,2.0,-0.21,1,0,0,0,0,0,0,0,0,0,0,0,0,0,0
LNR-0090,AI-301,1,3,3,1.0,6,199.0,45.0,2,1,69.9,-0.3,1.0,3.0,0.0,5.0,0.7,0,0,0,0,0,0,0,1,1,0,0,0,0,0,2
LNR-0090,AI-301,2,3,3,1.0,9,187.1,34.0,1,2,62.6,-11.3,0.0,1.0,0.0,5.0,0.58,0,0,0,0,0,0,0,0,0,0,0,0,0,0,0
LNR-0090,AI-301,3,4,4,1.0,6,198.0,37.0,2,1,69.8,7.2,0.0,2.0,0.0,5.0,0.87,0,0,0,0,0,0,0,0,0,0,0,0,0,0,0
LNR-0090,AI-301,4,3,3,1.0,13,242.3,31.0,1,2,72.9,3.1,2.0,2.0,0.0,4.0,0.63,0,0,0,0,0,0,0,0,0,0,0,0,0,0,0
LNR-0090,AI-301,5,4,4,1.0,8,249.2,25.0,2,3,81.8,8.9,0.0,1.0,0.0,4.0,0.44,0,1,0,0,0,0,0,0,0,1,1,1,1,1,6
LNR-0091,CS-101,1,4,3,0.75,10,131.6,21.0,2,1,75.2,3.3,0.0,0.0,1.0,3.5,0.15,0,0,0,0,0,0,0,0,0,0,0,0,0,0,0
LNR-0091,CS-101,2,4,3,0.75,5,133.6,23.0,2,1,70.9,-4.3,0.0,1.0,0.0,3.0,0.3,0,0,0,0,0,0,0,0,0,0,0,0,0,0,0
LNR-0091,CS-101,3,4,3,0.75,7,168.3,26.0,2,1,82.9,12.0,0.0,1.0,0.0,3.0,0.5,0,0,0,1,1,0,0,0,0,1,1,1,0,0,5
LNR-0091,CS-101,4,3,2,0.6667,7,168.3,26.0,1,1,82.1,-0.8,1.0,0.0,0.0,4.0,0.44,0,0,0,1,1,0,0,0,0,0,0,0,1,1,4
LNR-0091,CS-101,5,3,2,0.6667,8,114.5,21.0,1,2,73.3,-8.8,0.0,0.0,0.0,3.5,0.47,0,0,0,0,0,0,0,0,0,0,0,0,0,0,0
LNR-0092,DATA-201,1,3,3,1.0,10,168.3,26.0,1,1,75.8,-3.1,1.0,1.0,0.0,4.0,0.5,0,0,0,1,1,0,0,0,0,0,0,0,0,0,2
LNR-0092,DATA-201,2,2,2,1.0,12,164.5,28.0,1,1,81.8,6.0,1.0,1.0,0.0,4.0,0.44,0,0,0,0,0,0,0,0,0,0,0,0,1,1,2
LNR-0092,DATA-201,3,3,0,0.0,3,29.0,3.0,0,1,48.1,-33.7,0.0,0.0,0.0,2.0,-0.59,1,0,0,0,0,0,0,0,0,0,0,0,0,0,0
LNR-0092,DATA-201,4,2,0,0.0,0,42.1,2.0,0,1,51.1,3.0,0.0,0.0,0.0,1.0,-0.78,1,0,0,0,0,0,0,0,0,0,0,0,0,0,0
LNR-0092,DATA-201,5,2,0,0.0,0,35.9,2.0,0,0,69.9,-0.3,0.0,1.0,0.0,2.0,-0.37,1,0,0,0,0,0,0,1,1,1,1,1,0,0,5
LNR-0093,WEB-102,1,3,3,1.0,9,149.0,38.0,2,1,94.7,5.2,1.0,0.0,2.0,4.0,0.44,0,0,0,0,0,0,0,0,0,0,0,0,1,1,2
LNR-0093,WEB-102,2,3,3,1.0,7,230.4,28.0,2,1,96.9,2.2,0.0,1.0,0.0,4.5,0.54,0,0,0,0,0,0,0,0,0,1,1,1,0,0,3
LNR-0093,WEB-102,3,2,2,1.0,13,236.1,26.0,1,1,93.8,-3.1,2.0,2.0,1.0,4.5,0.6,0,0,0,0,0,0,0,0,0,0,0,0,0,0,0
LNR-0093,WEB-102,4,2,2,1.0,11,176.6,36.0,2,1,84.9,-8.9,1.0,2.0,0.0,4.5,0.62,0,0,0,0,0,0,0,0,0,0,0,0,0,0,0
LNR-0093,WEB-102,5,2,2,1.0,14,225.9,25.0,2,1,83.4,-1.5,0.0,0.0,0.0,4.0,0.44,0,1,0,0,0,0,0,0,0,0,0,0,1,1,3
LNR-0094,CS-101,1,3,3,1.0,13,167.5,32.0,2,1,73.9,0.3,0.0,1.0,2.0,5.0,0.43,0,0,0,0,0,0,0,0,0,0,0,0,0,0,0
LNR-0094,CS-101,2,2,2,1.0,14,192.0,43.0,1,1,73.1,-0.8,3.0,0.0,0.0,5.0,0.45,0,0,0,0,0,0,0,0,0,0,0,0,0,0,0
LNR-0094,CS-101,3,3,3,1.0,13,219.0,31.0,2,3,75.8,2.7,2.0,1.0,2.0,4.5,0.72,0,0,0,0,0,0,0,0,0,0,0,0,0,0,0
LNR-0094,CS-101,4,4,4,1.0,3,187.4,25.0,2,1,72.6,-3.2,0.0,1.0,0.0,4.5,0.57,0,0,0,0,0,0,0,0,0,1,1,1,0,0,3
LNR-0094,CS-101,5,4,4,1.0,12,202.9,42.0,2,3,79.4,6.8,1.0,0.0,1.0,4.0,0.44,0,0,0,0,0,0,0,0,0,0,0,0,1,1,2
LNR-0095,CS-101,1,2,2,1.0,8,167.2,29.0,2,2,76.0,-5.3,0.0,1.0,0.0,5.0,0.82,0,0,0,0,0,0,0,0,0,1,1,1,0,0,3
LNR-0095,CS-101,2,4,4,1.0,13,210.6,30.0,2,1,87.0,11.0,0.0,1.0,0.0,4.0,0.67,0,0,0,0,0,0,0,0,0,1,1,1,0,0,3
LNR-0095,CS-101,3,3,3,1.0,8,175.1,52.0,2,1,82.3,-4.7,1.0,0.0,1.0,4.0,0.44,0,0,0,0,0,0,0,0,0,0,0,0,1,1,2
LNR-0095,CS-101,4,4,4,1.0,8,240.1,31.0,2,3,81.3,-1.0,0.0,0.0,1.0,4.0,0.44,0,0,0,0,0,0,0,0,0,0,0,0,1,1,2
LNR-0095,CS-101,5,3,3,1.0,13,168.3,26.0,2,1,90.8,9.5,0.0,1.0,0.0,5.0,0.8,0,0,0,1,1,0,0,0,0,1,1,1,0,0,5
LNR-0096,DATA-201,1,4,3,0.75,7,165.5,22.0,1,1,66.4,-4.1,0.0,0.0,0.0,3.5,0.28,0,0,0,0,0,0,0,0,0,0,0,0,0,0,0
LNR-0096,DATA-201,2,3,2,0.6667,5,107.7,23.0,1,2,64.0,-2.4,1.0,2.0,0.0,3.0,0.06,0,0,0,0,0,0,0,0,0,0,0,0,0,0,0
LNR-0096,DATA-201,3,4,3,0.75,8,172.1,28.0,2,1,88.8,24.8,0.0,0.0,0.0,3.0,0.17,0,0,0,0,0,0,0,0,0,0,0,0,0,0,0
LNR-0096,DATA-201,4,3,2,0.6667,5,168.3,26.0,1,1,71.4,-17.4,1.0,0.0,0.0,4.0,0.44,0,0,0,1,1,0,0,0,0,0,0,0,1,1,4
LNR-0096,DATA-201,5,3,2,0.6667,8,168.3,26.0,2,1,69.3,-2.1,0.0,0.0,0.0,3.0,0.45,0,0,0,1,1,0,0,0,0,0,0,0,0,0,2
LNR-0097,DATA-201,1,3,3,1.0,12,194.8,38.0,2,1,65.3,-9.0,0.0,4.0,0.0,4.5,0.74,0,0,0,0,0,0,0,0,0,0,0,0,0,0,0
LNR-0097,DATA-201,2,2,2,1.0,10,207.3,28.0,2,2,67.8,2.5,1.0,1.0,0.0,5.0,0.86,0,0,0,0,0,0,0,0,0,0,0,0,0,0,0
LNR-0097,DATA-201,3,3,3,1.0,14,237.1,31.0,1,3,70.3,2.5,0.0,2.0,0.0,4.0,0.44,0,0,0,0,0,0,0,0,0,0,0,0,1,1,2
LNR-0097,DATA-201,4,3,3,1.0,6,249.5,32.0,2,1,71.6,1.3,1.0,2.0,0.0,5.0,0.86,0,0,0,0,0,0,0,0,0,0,0,0,0,0,0
LNR-0097,DATA-201,5,4,4,1.0,11,138.7,49.0,2,1,80.1,8.5,0.0,1.0,0.0,5.0,0.84,0,0,0,0,0,0,0,0,0,0,0,0,0,0,0
LNR-0098,WEB-102,1,3,3,1.0,11,210.1,30.0,2,2,88.4,-1.1,0.0,1.0,0.0,5.0,0.48,0,0,0,0,0,0,0,0,0,1,1,1,0,0,3
LNR-0098,WEB-102,2,4,4,1.0,8,240.9,36.0,2,1,88.6,0.2,0.0,1.0,0.0,5.0,0.63,0,0,0,0,0,0,0,0,0,1,1,1,0,0,3
LNR-0098,WEB-102,3,3,3,1.0,13,168.3,26.0,2,3,96.5,7.9,0.0,1.0,0.0,4.0,0.69,0,0,0,1,1,0,0,0,0,1,1,1,0,0,5
LNR-0098,WEB-102,4,3,3,1.0,11,207.9,40.0,2,3,69.9,-0.3,1.0,0.0,0.0,5.0,0.71,0,0,0,0,0,0,0,1,1,0,0,0,0,0,2
LNR-0098,WEB-102,5,2,2,1.0,11,218.2,28.0,2,1,94.7,0.9,0.0,1.0,0.0,4.0,0.68,0,0,0,0,0,0,0,0,0,1,1,1,0,0,3
LNR-0099,AI-301,1,3,2,0.6667,6,175.5,13.0,1,1,62.7,4.7,0.0,0.0,0.0,3.0,0.5,0,0,0,0,0,0,0,0,0,0,0,0,0,0,0
LNR-0099,AI-301,2,3,2,0.6667,4,161.2,17.0,1,2,61.8,-0.9,0.0,1.0,0.0,3.5,0.49,0,0,0,0,0,0,0,0,0,0,0,0,0,0,0
LNR-0099,AI-301,3,2,2,1.0,5,92.4,17.0,1,1,69.9,-0.3,0.0,1.0,0.0,3.0,0.04,0,0,0,0,0,0,0,1,1,0,0,0,0,0,2
LNR-0099,AI-301,4,3,3,1.0,7,115.2,18.0,1,1,51.4,0.2,1.0,2.0,0.0,3.5,0.45,0,0,0,0,0,0,0,0,0,0,0,0,0,0,0
LNR-0099,AI-301,5,3,2,0.6667,6,121.1,22.0,0,1,51.3,-0.1,2.0,1.0,0.0,3.0,0.38,0,0,0,0,0,0,0,0,0,0,0,0,0,0,0
LNR-0100,WEB-102,1,2,1,0.5,8,170.0,25.0,1,2,68.6,-7.1,1.0,0.0,0.0,3.0,0.32,0,0,0,0,0,0,0,0,0,0,0,0,0,0,0
LNR-0100,WEB-102,2,3,2,0.6667,6,102.5,13.0,1,1,69.5,0.9,1.0,0.0,0.0,3.5,0.34,0,0,0,0,0,0,0,0,0,0,0,0,0,0,0
LNR-0100,WEB-102,3,2,1,0.5,7,78.4,17.0,0,1,70.4,0.9,0.0,1.0,0.0,3.5,0.42,1,0,0,0,0,0,0,0,0,0,0,0,0,0,0
LNR-0100,WEB-102,4,3,2,0.6667,6,146.1,17.0,1,1,69.9,-0.3,0.0,1.0,0.0,3.0,0.34,0,0,0,0,0,0,0,1,1,0,0,0,0,0,2
LNR-0100,WEB-102,5,3,2,0.6667,9,87.5,24.0,1,2,79.8,10.9,0.0,0.0,0.0,4.0,0.44,0,0,0,0,0,0,0,0,0,0,0,0,1,1,2
LNR-0101,DATA-201,1,2,2,1.0,14,249.9,28.0,2,2,89.7,7.3,1.0,1.0,0.0,4.0,0.44,0,0,0,0,0,0,0,0,0,0,0,0,1,1,2
LNR-0101,DATA-201,2,3,3,1.0,9,201.8,35.0,2,2,83.0,-6.7,1.0,1.0,0.0,5.0,0.71,0,0,0,0,0,0,0,0,0,0,0,0,0,0,0
LNR-0101,DATA-201,3,3,3,1.0,12,164.4,31.0,1,2,83.8,0.8,2.0,1.0,0.0,4.0,0.44,0,0,0,0,0,0,0,0,0,0,0,0,1,1,2
LNR-0101,DATA-201,4,2,2,1.0,9,188.7,25.0,2,1,88.4,4.6,1.0,1.0,0.0,5.0,0.5,0,0,0,0,0,0,0,0,0,0,0,0,0,0,0
LNR-0101,DATA-201,5,3,3,1.0,13,199.1,32.0,2,2,84.6,-3.8,0.0,2.0,0.0,4.5,0.8,0,0,0,0,0,0,0,0,0,0,0,0,0,0,0
LNR-0102,AI-301,1,3,3,1.0,13,165.1,36.0,2,2,67.5,3.4,1.0,0.0,0.0,4.5,0.88,0,0,0,0,0,0,0,0,0,0,0,0,0,0,0
LNR-0102,AI-301,2,3,3,1.0,10,159.1,40.0,2,2,66.5,-1.0,2.0,2.0,1.0,4.5,0.71,0,0,0,0,0,0,0,0,0,0,0,0,0,0,0
LNR-0102,AI-301,3,4,4,1.0,17,182.5,27.0,2,2,60.7,-5.8,1.0,1.0,0.0,4.0,0.44,0,0,0,0,0,0,0,0,0,0,0,0,1,1,2
LNR-0102,AI-301,4,3,3,1.0,4,197.9,39.0,1,1,70.6,9.9,0.0,2.0,0.0,5.0,0.81,0,0,0,0,0,0,0,0,0,0,0,0,0,0,0
LNR-0102,AI-301,5,2,2,1.0,10,216.1,32.0,2,1,69.6,-1.0,0.0,1.0,0.0,5.0,0.58,0,0,0,0,0,0,0,0,0,1,1,1,0,0,3
LNR-0103,CS-101,1,3,2,0.6667,12,126.3,10.0,1,1,59.6,-8.0,0.0,0.0,0.0,3.5,0.27,0,0,0,0,0,0,0,0,0,0,0,0,0,0,0
LNR-0103,CS-101,2,3,2,0.6667,13,130.5,18.0,2,1,77.5,17.9,1.0,0.0,1.0,3.5,0.3,0,0,0,0,0,0,0,0,0,0,0,0,0,0,0
LNR-0103,CS-101,3,3,2,0.6667,11,144.2,21.0,1,1,69.2,-8.3,1.0,0.0,0.0,3.0,0.05,0,0,0,0,0,0,0,0,0,0,0,0,0,0,0
LNR-0103,CS-101,4,4,3,0.75,7,124.2,16.0,1,1,51.6,-17.6,0.0,1.0,0.0,3.5,0.48,0,0,0,0,0,0,0,0,0,1,1,1,0,0,3
LNR-0103,CS-101,5,2,1,0.5,3,100.4,16.0,1,1,59.5,7.9,0.0,1.0,0.0,4.0,0.14,0,0,0,0,0,0,0,0,0,1,1,1,0,0,3
LNR-0104,DATA-201,1,3,3,1.0,4,187.4,31.0,1,1,78.7,2.7,1.0,0.0,0.0,4.0,0.6,0,0,0,0,0,0,0,0,0,0,0,0,0,0,0
LNR-0104,DATA-201,2,2,2,1.0,11,222.7,21.0,1,1,89.4,10.7,1.0,4.0,0.0,4.5,0.68,0,0,0,0,0,0,0,0,0,0,0,0,0,0,0
LNR-0104,DATA-201,3,2,2,1.0,15,214.6,32.0,2,2,72.0,-17.4,3.0,0.0,0.0,5.0,0.45,0,0,0,0,0,0,0,0,0,0,0,0,0,0,0
LNR-0104,DATA-201,4,3,3,1.0,10,259.7,26.0,2,2,76.4,4.4,0.0,0.0,0.0,4.5,0.76,0,0,0,0,0,0,0,0,0,0,0,0,0,0,0
LNR-0104,DATA-201,5,3,3,1.0,6,181.7,37.0,2,2,81.1,4.7,0.0,3.0,0.0,4.0,0.7,0,0,0,0,0,0,0,0,0,0,0,0,0,0,0
LNR-0105,AI-301,1,3,3,1.0,11,225.7,34.0,2,1,92.6,-2.2,1.0,2.0,0.0,4.5,0.86,0,0,0,0,0,0,0,0,0,0,0,0,0,0,0
LNR-0105,AI-301,2,4,4,1.0,11,194.3,34.0,2,1,85.5,-7.1,1.0,2.0,0.0,4.0,0.44,0,0,0,0,0,0,0,0,0,0,0,0,1,1,2
LNR-0105,AI-301,3,4,4,1.0,11,188.9,32.0,2,1,98.9,13.4,0.0,1.0,0.0,4.5,0.59,0,1,0,0,0,0,0,0,0,1,1,1,0,0,4
LNR-0105,AI-301,4,3,3,1.0,9,168.3,26.0,2,3,69.9,-0.3,2.0,0.0,1.0,4.5,0.55,0,0,0,1,1,0,0,1,1,0,0,0,0,0,4
LNR-0105,AI-301,5,3,3,1.0,7,226.5,34.0,1,1,93.9,6.2,0.0,1.0,1.0,5.0,0.46,0,0,0,0,0,0,0,0,0,0,0,0,0,0,0
LNR-0106,CS-101,1,3,3,1.0,13,206.9,33.0,2,1,67.3,5.0,0.0,1.0,2.0,4.0,0.44,0,0,0,0,0,0,0,0,0,0,0,0,1,1,2
LNR-0106,CS-101,2,3,3,1.0,8,232.2,51.0,2,2,60.7,-6.6,1.0,2.0,0.0,4.0,0.44,0,0,0,0,0,0,0,0,0,0,0,0,1,1,2
LNR-0106,CS-101,3,3,3,1.0,8,162.4,25.0,2,1,57.7,-3.0,0.0,1.0,0.0,4.5,0.76,0,0,0,0,0,0,0,0,0,0,0,0,0,0,0
LNR-0106,CS-101,4,3,3,1.0,7,200.3,43.0,2,1,59.7,2.0,1.0,3.0,0.0,4.5,0.86,0,0,0,0,0,0,0,0,0,0,0,0,0,0,0
LNR-0106,CS-101,5,3,3,1.0,12,173.2,30.0,2,1,67.2,7.5,0.0,2.0,1.0,5.0,0.69,0,0,0,0,0,0,0,0,0,0,0,0,0,0,0
LNR-0107,DATA-201,1,3,2,0.6667,3,107.7,15.0,1,2,48.9,-19.7,0.0,1.0,0.0,4.0,0.44,0,0,0,0,0,0,0,0,0,0,0,0,1,1,2
LNR-0107,DATA-201,2,3,1,0.3333,4,85.8,9.0,0,0,69.1,20.2,1.0,0.0,0.0,1.5,-0.3,0,0,0,0,0,0,0,0,0,0,0,0,0,0,0
LNR-0107,DATA-201,3,3,1,0.3333,2,49.9,5.0,1,0,68.9,-0.2,1.0,0.0,0.0,2.5,-0.52,0,0,0,0,0,0,0,0,0,0,0,0,0,0,0
LNR-0107,DATA-201,4,3,0,0.0,3,59.2,6.0,0,1,43.3,-25.6,1.0,0.0,0.0,2.0,-0.24,1,0,0,0,0,0,0,0,0,0,0,0,0,0,0
LNR-0107,DATA-201,5,3,0,0.0,3,25.4,3.0,0,0,42.9,-0.4,0.0,1.0,0.0,2.5,-0.43,1,0,0,0,0,0,0,0,0,1,1,1,0,0,3
LNR-0108,AI-301,1,4,3,0.75,3,137.2,22.0,2,1,87.8,3.1,2.0,1.0,0.0,4.0,0.15,0,0,0,0,0,0,0,0,0,0,0,0,0,0,0
LNR-0108,AI-301,2,3,2,0.6667,5,155.0,30.0,1,1,76.0,-11.8,0.0,0.0,0.0,3.0,0.49,0,0,0,0,0,0,0,0,0,0,0,0,0,0,0
LNR-0108,AI-301,3,2,2,1.0,5,186.6,18.0,1,1,79.2,3.2,4.0,0.0,0.0,3.5,0.48,0,0,0,0,0,0,0,0,0,0,0,0,0,0,0
LNR-0108,AI-301,4,3,2,0.6667,6,127.5,23.0,1,1,87.5,8.3,0.0,0.0,0.0,3.0,0.29,0,0,0,0,0,0,0,0,0,0,0,0,0,0,0
LNR-0108,AI-301,5,2,1,0.5,3,121.3,21.0,1,1,87.0,-0.5,2.0,2.0,0.0,4.0,0.35,0,0,0,0,0,0,0,0,0,0,0,0,0,0,0
LNR-0109,WEB-102,1,3,3,1.0,15,174.6,38.0,2,1,53.9,-2.0,1.0,1.0,0.0,4.5,0.53,0,0,0,0,0,0,0,0,0,0,0,0,0,0,0
LNR-0109,WEB-102,2,3,3,1.0,9,207.3,32.0,1,2,57.5,3.6,0.0,1.0,0.0,4.0,0.44,0,0,0,0,0,0,0,0,0,1,1,1,1,1,5
LNR-0109,WEB-102,3,2,2,1.0,9,162.7,40.0,2,1,47.9,-9.6,0.0,1.0,1.0,5.0,0.53,0,0,0,0,0,0,0,0,0,0,0,0,0,0,0
LNR-0109,WEB-102,4,3,3,1.0,13,182.3,29.0,2,1,64.1,16.2,0.0,3.0,1.0,4.0,0.44,0,0,0,0,0,0,0,0,0,0,0,0,1,1,2
LNR-0109,WEB-102,5,4,4,1.0,11,188.2,41.0,2,2,59.7,-4.4,0.0,0.0,0.0,4.5,0.47,0,0,0,0,0,0,0,0,0,0,0,0,0,0,0
LNR-0110,DATA-201,1,2,2,1.0,10,257.2,28.0,2,1,84.5,8.6,6.0,0.0,0.0,4.0,0.44,0,0,0,0,0,0,0,0,0,0,0,0,1,1,2
LNR-0110,DATA-201,2,3,3,1.0,14,240.5,28.0,2,1,83.4,-1.1,0.0,2.0,0.0,4.0,0.45,0,0,0,0,0,0,0,0,0,0,0,0,0,0,0
LNR-0110,DATA-201,3,2,2,1.0,11,180.3,31.0,2,3,82.9,-0.5,0.0,0.0,1.0,4.0,0.44,0,0,0,0,0,0,0,0,0,0,0,0,1,1,2
LNR-0110,DATA-201,4,4,4,1.0,7,162.8,32.0,2,1,74.2,-8.7,0.0,1.0,0.0,4.0,0.44,0,0,0,0,0,0,0,0,0,1,1,1,1,1,5
LNR-0110,DATA-201,5,2,2,1.0,7,217.8,36.0,2,2,85.8,11.6,0.0,4.0,1.0,5.0,0.56,0,0,0,0,0,0,0,0,0,0,0,0,0,0,0
LNR-0111,AI-301,1,2,2,1.0,10,217.4,32.0,2,1,61.8,5.5,0.0,2.0,1.0,4.0,0.44,0,0,0,0,0,0,0,0,0,0,0,0,1,1,2
LNR-0111,AI-301,2,4,4,1.0,11,173.8,34.0,2,1,64.4,2.6,0.0,1.0,0.0,4.5,0.72,0,0,0,0,0,0,0,0,0,0,0,0,0,0,0
LNR-0111,AI-301,3,3,3,1.0,7,164.5,32.0,2,1,59.3,-5.1,1.0,2.0,0.0,5.0,0.73,0,0,0,0,0,0,0,0,0,0,0,0,0,0,0
LNR-0111,AI-301,4,3,3,1.0,11,226.5,23.0,2,1,52.2,-7.1,1.0,1.0,0.0,5.0,0.81,0,0,0,0,0,0,0,0,0,0,0,0,0,0,0
LNR-0111,AI-301,5,2,2,1.0,12,141.0,22.0,2,1,63.0,10.8,1.0,4.0,0.0,5.0,0.86,0,0,0,0,0,0,0,0,0,0,0,0,0,0,0
LNR-0112,CS-101,1,2,2,1.0,10,248.3,25.0,2,2,70.0,1.4,1.0,3.0,1.0,4.0,0.44,0,0,0,0,0,0,0,0,0,0,0,0,1,1,2
LNR-0112,CS-101,2,3,3,1.0,13,261.9,45.0,2,1,70.1,0.1,1.0,0.0,0.0,4.0,0.5,0,0,0,0,0,0,0,0,0,0,0,0,0,0,0
LNR-0112,CS-101,3,3,3,1.0,13,155.3,28.0,2,2,81.9,11.8,0.0,1.0,0.0,4.0,0.44,0,0,0,0,0,0,0,0,0,0,0,0,1,1,2
LNR-0112,CS-101,4,2,2,1.0,9,184.2,40.0,1,1,66.2,-15.7,1.0,3.0,0.0,4.0,0.47,0,0,0,0,0,0,0,0,0,0,0,0,0,0,0
LNR-0112,CS-101,5,4,4,1.0,10,167.7,27.0,1,1,69.8,3.6,0.0,1.0,0.0,5.0,0.56,0,0,0,0,0,0,0,0,0,0,0,0,0,0,0
LNR-0113,WEB-102,1,4,2,0.5,11,142.2,22.0,1,0,81.4,-1.5,1.0,0.0,0.0,1.5,-0.02,0,0,0,0,0,0,0,0,0,0,0,0,0,0,0
LNR-0113,WEB-102,2,2,1,0.5,3,207.9,13.0,0,2,78.0,-3.4,0.0,0.0,0.0,1.5,-0.17,1,0,0,0,0,0,0,0,0,0,0,0,0,0,0
LNR-0113,WEB-102,3,3,1,0.3333,4,106.0,8.0,1,1,63.3,-14.7,0.0,0.0,0.0,2.0,-0.5,1,0,0,0,0,0,0,0,0,0,0,0,0,0,0
LNR-0113,WEB-102,4,4,1,1.0,4,168.3,26.0,1,1,60.6,-2.7,0.0,1.0,0.0,3.0,-0.19,1,1,0,1,1,0,0,0,0,0,0,0,0,0,3
LNR-0113,WEB-102,5,4,0,0.0,2,29.7,4.0,0,0,50.6,-10.0,0.0,0.0,0.0,4.0,0.44,1,0,0,0,0,0,0,0,0,0,0,0,1,1,2
LNR-0114,WEB-102,1,3,2,0.6667,5,193.2,21.0,1,2,67.5,4.7,1.0,0.0,0.0,4.0,0.44,0,0,0,0,0,0,0,0,0,0,0,0,1,1,2
LNR-0114,WEB-102,2,3,3,1.0,9,189.8,12.0,1,1,60.1,-7.4,1.0,1.0,0.0,4.0,0.44,0,0,0,0,0,0,0,0,0,0,0,0,1,1,2
LNR-0114,WEB-102,3,3,2,0.6667,8,82.6,20.0,1,1,62.3,2.2,1.0,0.0,2.0,3.5,0.09,0,0,0,0,0,0,0,0,0,0,0,0,0,0,0
LNR-0114,WEB-102,4,4,3,0.75,7,125.4,20.0,1,1,70.2,7.9,1.0,1.0,0.0,4.0,0.41,0,0,0,0,0,0,0,0,0,0,0,0,0,0,0
LNR-0114,WEB-102,5,4,3,0.75,6,239.2,18.0,2,1,64.7,-5.5,1.0,2.0,0.0,4.0,0.13,0,0,0,0,0,0,0,0,0,0,0,0,0,0,0
LNR-0115,DATA-201,1,4,2,0.5,4,129.4,20.0,0,2,72.7,-11.3,0.0,0.0,0.0,2.5,-0.07,0,0,0,0,0,0,0,0,0,0,0,0,0,0,0
LNR-0115,DATA-201,2,3,1,0.3333,5,130.2,14.0,1,2,70.6,-2.1,2.0,0.0,0.0,1.5,-0.22,0,0,0,0,0,0,0,0,0,0,0,0,0,0,0
LNR-0115,DATA-201,3,3,1,0.3333,3,48.9,7.0,1,0,63.6,-7.0,0.0,1.0,0.0,2.5,-0.47,1,0,0,0,0,0,0,0,0,1,1,1,0,0,3
LNR-0115,DATA-201,4,4,1,0.25,1,41.6,4.0,0,1,54.6,-9.0,0.0,0.0,0.0,1.5,-0.31,1,0,0,0,0,0,0,0,0,0,0,0,0,0,0
LNR-0115,DATA-201,5,3,0,0.0,0,17.1,5.0,0,0,65.6,11.0,3.0,0.0,0.0,2.0,-0.59,1,0,0,0,0,0,0,0,0,0,0,0,0,0,0
LNR-0116,CS-101,1,4,1,0.25,4,157.1,11.0,1,2,77.8,10.0,0.0,0.0,0.0,1.5,-0.32,0,0,0,0,0,0,0,0,0,0,0,0,0,0,0
LNR-0116,CS-101,2,4,1,0.25,1,117.6,12.0,1,1,57.5,-20.3,0.0,0.0,0.0,2.5,0.07,1,0,0,0,0,0,0,0,0,0,0,0,0,0,0
LNR-0116,CS-101,3,3,1,0.3333,2,112.8,14.0,0,1,57.9,0.4,1.0,0.0,0.0,1.5,-0.19,1,0,0,0,0,0,0,0,0,0,0,0,0,0,0
LNR-0116,CS-101,4,3,1,0.3333,0,10.0,6.0,1,0,50.6,-7.3,0.0,0.0,0.0,2.5,-0.3,1,0,0,0,0,0,0,0,0,0,0,0,0,0,0
LNR-0116,CS-101,5,2,0,0.0,0,22.3,5.0,0,0,54.2,3.6,0.0,0.0,0.0,2.0,0.0,1,0,0,0,0,0,0,0,0,0,0,0,0,0,0
LNR-0117,DATA-201,1,2,2,1.0,5,150.3,20.0,1,1,92.5,6.8,1.0,2.0,1.0,3.5,0.23,0,0,0,0,0,0,0,0,0,0,0,0,0,0,0
LNR-0117,DATA-201,2,3,2,0.6667,7,113.0,13.0,1,1,84.8,-7.7,0.0,0.0,0.0,3.0,0.1,0,0,0,0,0,0,0,0,0,0,0,0,0,0,0
LNR-0117,DATA-201,3,3,2,0.6667,2,161.3,18.0,1,1,78.3,-6.5,1.0,1.0,0.0,4.0,0.46,0,0,0,0,0,0,0,0,0,0,0,0,0,0,0
LNR-0117,DATA-201,4,3,2,0.6667,5,146.3,22.0,0,2,84.9,6.6,2.0,1.0,0.0,3.0,0.17,0,0,0,0,0,0,0,0,0,0,0,0,0,0,0
LNR-0117,DATA-201,5,3,2,0.6667,10,168.3,26.0,2,1,96.3,11.4,0.0,0.0,0.0,3.5,0.5,0,0,0,1,1,0,0,0,0,0,0,0,0,0,2
LNR-0118,DATA-201,1,3,3,1.0,17,298.2,29.0,2,1,69.9,-0.3,1.0,0.0,0.0,4.0,0.44,0,0,0,0,0,0,0,1,1,0,0,0,1,1,4
LNR-0118,DATA-201,2,3,3,1.0,10,211.6,30.0,2,1,100.0,10.2,0.0,1.0,0.0,4.0,0.44,0,0,0,0,0,0,0,0,0,1,1,1,1,1,5
LNR-0118,DATA-201,3,2,2,1.0,12,211.1,37.0,2,1,92.1,-7.9,0.0,0.0,0.0,4.0,0.75,0,0,0,0,0,0,0,0,0,0,0,0,0,0,0
LNR-0118,DATA-201,4,2,2,1.0,9,196.7,31.0,2,1,94.5,2.4,1.0,1.0,0.0,5.0,0.63,0,0,0,0,0,0,0,0,0,0,0,0,0,0,0
LNR-0118,DATA-201,5,3,3,1.0,7,143.2,34.0,2,1,100.0,5.5,0.0,3.0,0.0,5.0,0.74,0,0,0,0,0,0,0,0,0,0,0,0,0,0,0
LNR-0119,WEB-102,1,3,3,1.0,12,288.1,29.0,2,3,69.9,-0.3,3.0,1.0,1.0,5.0,0.51,0,1,0,0,0,0,0,1,1,0,0,0,0,0,3
LNR-0119,WEB-102,2,3,3,1.0,10,233.1,28.0,2,1,82.0,-4.8,0.0,1.0,2.0,4.5,0.66,0,0,0,0,0,0,0,0,0,0,0,0,0,0,0
LNR-0119,WEB-102,3,3,3,1.0,10,185.4,29.0,2,3,91.9,9.9,1.0,1.0,0.0,4.5,0.8,0,0,0,0,0,0,0,0,0,0,0,0,0,0,0
LNR-0119,WEB-102,4,3,3,1.0,9,255.7,46.0,1,1,91.4,-0.5,0.0,2.0,0.0,5.0,0.63,0,0,0,0,0,0,0,0,0,0,0,0,0,0,0
LNR-0119,WEB-102,5,3,3,1.0,9,172.1,38.0,2,1,90.8,-0.6,0.0,4.0,1.0,5.0,0.82,0,0,0,0,0,0,0,0,0,0,0,0,0,0,0
LNR-0120,DATA-201,1,3,3,1.0,4,248.0,37.0,2,1,49.4,-5.8,4.0,2.0,1.0,5.0,0.57,0,0,0,0,0,0,0,0,0,0,0,0,0,0,0
LNR-0120,DATA-201,2,4,4,1.0,12,166.3,39.0,2,2,64.4,15.0,0.0,0.0,0.0,5.0,0.41,0,0,0,0,0,0,0,0,0,0,0,0,0,0,0
LNR-0120,DATA-201,3,3,3,1.0,11,178.5,43.0,2,1,55.8,-8.6,0.0,1.0,0.0,4.0,0.76,0,0,0,0,0,0,0,0,0,1,1,1,0,0,3
LNR-0120,DATA-201,4,4,4,1.0,12,150.7,41.0,1,1,59.3,3.5,1.0,2.0,0.0,4.0,0.71,0,0,0,0,0,0,0,0,0,0,0,0,0,0,0
LNR-0120,DATA-201,5,2,2,1.0,12,290.7,29.0,2,1,53.9,-5.4,2.0,1.0,0.0,4.0,0.44,0,0,0,0,0,0,0,0,0,0,0,0,1,1,2
LNR-0121,CS-101,1,3,1,0.3333,6,103.0,15.0,1,1,80.5,-1.6,0.0,0.0,0.0,2.5,-0.4,0,0,0,0,0,0,0,0,0,0,0,0,0,0,0
LNR-0121,CS-101,2,3,1,0.3333,3,153.4,14.0,1,0,78.7,-1.8,0.0,0.0,0.0,2.0,-0.27,0,0,0,0,0,0,0,0,0,0,0,0,0,0,0
LNR-0121,CS-101,3,3,1,0.3333,3,28.4,8.0,1,2,74.2,-4.5,0.0,1.0,0.0,1.5,-0.24,1,0,0,0,0,0,0,0,0,1,1,1,0,0,3
LNR-0121,CS-101,4,2,0,0.0,2,77.9,9.0,0,0,62.7,-11.5,0.0,0.0,0.0,1.5,-0.56,1,0,0,0,0,0,0,0,0,0,0,0,0,0,0
LNR-0121,CS-101,5,4,1,0.25,2,79.1,5.0,0,0,55.6,-7.1,0.0,0.0,0.0,3.0,-0.35,1,0,0,0,0,0,0,0,0,0,0,0,0,0,0
LNR-0122,AI-301,1,3,2,0.6667,7,127.5,21.0,1,1,82.0,6.6,1.0,0.0,0.0,3.5,0.15,0,0,0,0,0,0,0,0,0,0,0,0,0,0,0
LNR-0122,AI-301,2,2,1,0.5,10,178.9,21.0,1,1,71.0,-11.0,1.0,1.0,0.0,3.5,0.23,0,0,0,0,0,0,0,0,0,0,0,0,0,0,0
LNR-0122,AI-301,3,3,3,1.0,5,161.1,17.0,1,1,84.5,13.5,1.0,0.0,0.0,3.0,0.42,0,0,0,0,0,0,0,0,0,0,0,0,0,0,0
LNR-0122,AI-301,4,3,2,0.6667,10,147.9,18.0,2,1,74.8,-9.7,0.0,2.0,0.0,4.0,0.4,0,0,0,0,0,0,0,0,0,0,0,0,0,0,0
LNR-0122,AI-301,5,3,2,0.6667,9,200.2,22.0,2,1,56.6,-18.2,1.0,0.0,1.0,4.0,0.1,0,0,0,0,0,0,0,0,0,0,0,0,0,0,0
LNR-0123,CS-101,1,3,3,1.0,12,181.0,35.0,2,2,86.2,5.1,2.0,2.0,1.0,4.0,0.78,0,0,0,0,0,0,0,0,0,0,0,0,0,0,0
LNR-0123,CS-101,2,3,3,1.0,12,221.8,26.0,1,1,69.9,-0.3,0.0,1.0,0.0,4.5,0.44,0,0,0,0,0,0,0,1,1,0,0,0,0,0,2
LNR-0123,CS-101,3,3,3,1.0,7,261.6,37.0,2,2,83.8,1.9,0.0,0.0,1.0,4.0,0.44,0,0,0,0,0,0,0,0,0,0,0,0,1,1,2
LNR-0123,CS-101,4,3,3,1.0,6,196.0,32.0,2,1,69.9,-0.3,3.0,0.0,0.0,4.0,0.55,0,0,0,0,0,0,0,1,1,0,0,0,0,0,2
LNR-0123,CS-101,5,2,2,1.0,14,213.4,36.0,2,2,73.6,-21.8,0.0,2.0,0.0,4.0,0.44,0,0,0,0,0,0,0,0,0,0,0,0,1,1,2
LNR-0124,CS-101,1,3,3,1.0,10,197.7,22.0,2,1,91.5,9.0,1.0,0.0,0.0,5.0,0.8,0,0,0,0,0,0,0,0,0,0,0,0,0,0,0
LNR-0124,CS-101,2,3,3,1.0,9,172.4,34.0,2,3,78.2,-13.3,0.0,1.0,0.0,5.0,0.79,0,0,0,0,0,0,0,0,0,1,1,1,0,0,3
LNR-0124,CS-101,3,2,2,1.0,8,163.7,33.0,2,1,69.9,-0.3,0.0,3.0,0.0,4.0,0.73,0,0,0,0,0,0,0,1,1,0,0,0,0,0,2
LNR-0124,CS-101,4,3,3,1.0,9,130.4,33.0,2,1,84.7,-2.3,0.0,2.0,0.0,4.5,0.52,0,0,0,0,0,0,0,0,0,0,0,0,0,0,0
LNR-0124,CS-101,5,2,2,1.0,12,181.0,34.0,2,2,82.9,-1.8,1.0,1.0,0.0,4.0,0.56,0,0,0,0,0,0,0,0,0,0,0,0,0,0,0
LNR-0125,WEB-102,1,3,3,1.0,10,206.7,25.0,2,1,72.5,5.5,1.0,0.0,0.0,4.0,0.44,0,0,0,0,0,0,0,0,0,0,0,0,1,1,2
LNR-0125,WEB-102,2,3,3,1.0,11,237.4,39.0,1,2,56.3,-16.2,3.0,2.0,1.0,5.0,0.6,0,0,0,0,0,0,0,0,0,0,0,0,0,0,0
LNR-0125,WEB-102,3,4,3,0.75,7,229.6,32.0,2,1,64.7,8.4,1.0,0.0,0.0,4.5,0.89,0,0,0,0,0,0,0,0,0,0,0,0,0,0,0
LNR-0125,WEB-102,4,3,3,1.0,13,287.2,37.0,2,2,68.4,3.7,1.0,0.0,1.0,5.0,0.58,0,0,0,0,0,0,0,0,0,0,0,0,0,0,0
LNR-0125,WEB-102,5,2,2,1.0,14,218.6,26.0,1,2,72.0,3.6,3.0,0.0,0.0,5.0,0.43,0,0,0,0,0,0,0,0,0,0,0,0,0,0,0
LNR-0126,DATA-201,1,3,3,1.0,13,168.3,26.0,2,1,90.3,10.5,0.0,0.0,0.0,4.5,0.57,0,0,0,1,1,0,0,0,0,0,0,0,0,0,2
LNR-0126,DATA-201,2,4,4,1.0,16,158.8,28.0,2,2,75.7,-14.6,1.0,1.0,2.0,4.0,0.79,0,0,0,0,0,0,0,0,0,0,0,0,0,0,0
LNR-0126,DATA-201,3,4,4,1.0,10,264.4,34.0,2,1,88.9,13.2,2.0,1.0,0.0,5.0,0.87,0,0,0,0,0,0,0,0,0,0,0,0,0,0,0
LNR-0126,DATA-201,4,4,4,1.0,13,152.7,34.0,2,2,94.9,6.0,2.0,0.0,0.0,5.0,0.79,0,0,0,0,0,0,0,0,0,0,0,0,0,0,0
LNR-0126,DATA-201,5,4,4,1.0,10,238.8,30.0,1,2,79.6,-15.3,0.0,1.0,1.0,5.0,0.44,0,0,0,0,0,0,0,0,0,0,0,0,0,0,0
LNR-0127,AI-301,1,4,4,1.0,12,170.0,30.0,1,1,83.4,-0.3,0.0,2.0,1.0,4.0,0.79,0,0,0,0,0,0,0,0,0,0,0,0,0,0,0
LNR-0127,AI-301,2,4,4,1.0,12,168.3,26.0,2,3,93.3,9.9,1.0,0.0,0.0,4.0,0.81,0,0,0,1,1,0,0,0,0,0,0,0,0,0,2
LNR-0127,AI-301,3,3,3,1.0,13,237.2,32.0,2,1,81.3,-12.0,0.0,1.0,0.0,5.0,0.86,0,0,0,0,0,0,0,0,0,1,1,1,0,0,3
LNR-0127,AI-301,4,4,4,1.0,7,202.4,30.0,2,1,69.9,-0.3,0.0,3.0,0.0,4.5,0.41,0,0,0,0,0,0,0,1,1,0,0,0,0,0,2
LNR-0127,AI-301,5,2,2,1.0,8,216.8,39.0,2,2,85.2,-2.3,0.0,1.0,0.0,4.0,0.69,0,0,0,0,0,0,0,0,0,1,1,1,0,0,3
LNR-0128,AI-301,1,3,3,1.0,9,203.6,36.0,1,1,69.7,7.6,0.0,1.0,0.0,5.0,0.42,0,0,0,0,0,0,0,0,0,1,1,1,0,0,3
LNR-0128,AI-301,2,4,4,1.0,16,197.1,37.0,2,1,72.4,2.7,0.0,2.0,0.0,4.5,0.62,0,0,0,0,0,0,0,0,0,0,0,0,0,0,0
LNR-0128,AI-301,3,3,3,1.0,11,239.6,36.0,2,2,70.8,-1.6,0.0,0.0,1.0,5.0,0.74,0,0,0,0,0,0,0,0,0,0,0,0,0,0,0
LNR-0128,AI-301,4,3,3,1.0,9,168.3,26.0,2,1,64.8,-6.0,0.0,1.0,0.0,4.5,0.61,0,0,0,1,1,0,0,0,0,0,0,0,0,0,2
LNR-0128,AI-301,5,3,3,1.0,10,239.1,31.0,1,1,59.2,-5.6,0.0,1.0,1.0,4.5,0.52,0,0,0,0,0,0,0,0,0,0,0,0,0,0,0
LNR-0129,DATA-201,1,3,2,0.6667,8,118.4,22.0,1,1,52.3,-5.6,2.0,0.0,0.0,3.5,0.33,0,0,0,0,0,0,0,0,0,0,0,0,0,0,0
LNR-0129,DATA-201,2,3,2,0.6667,6,181.9,21.0,1,1,69.9,-0.3,0.0,2.0,0.0,4.0,0.44,0,0,0,0,0,0,0,1,1,0,0,0,1,1,4
LNR-0129,DATA-201,3,3,2,0.6667,10,169.2,26.0,1,1,73.9,12.6,1.0,1.0,0.0,3.0,0.18,0,0,0,0,0,0,0,0,0,0,0,0,0,0,0
LNR-0129,DATA-201,4,3,2,0.6667,6,111.9,20.0,1,2,73.4,-0.5,0.0,1.0,1.0,3.5,0.17,0,0,0,0,0,0,0,0,0,0,0,0,0,0,0
LNR-0129,DATA-201,5,2,2,1.0,4,145.3,30.0,2,1,57.6,-15.8,0.0,0.0,0.0,3.5,0.14,0,0,0,0,0,0,0,0,0,0,0,0,0,0,0
LNR-0130,CS-101,1,4,3,0.75,11,139.1,19.0,0,1,83.3,22.4,0.0,0.0,0.0,4.0,0.44,0,0,0,0,0,0,0,0,0,0,0,0,1,1,2
LNR-0130,CS-101,2,4,3,0.75,12,119.7,29.0,0,2,57.3,-26.0,0.0,0.0,0.0,4.0,0.44,1,0,0,0,0,0,0,0,0,0,0,0,1,1,2
LNR-0130,CS-101,3,3,2,0.6667,7,137.5,26.0,1,1,58.6,1.3,2.0,0.0,0.0,3.5,0.25,0,0,0,0,0,0,0,0,0,0,0,0,0,0,0
LNR-0130,CS-101,4,4,3,0.75,6,134.9,25.0,0,1,63.0,4.4,0.0,1.0,0.0,3.5,0.43,0,0,0,0,0,0,0,0,0,0,0,0,0,0,0
LNR-0130,CS-101,5,3,2,0.6667,9,169.8,25.0,2,1,60.0,-3.0,0.0,1.0,0.0,3.5,0.03,0,0,0,0,0,0,0,0,0,1,1,1,0,0,3
LNR-0131,WEB-102,1,3,3,1.0,15,215.2,33.0,2,1,96.4,7.6,2.0,2.0,0.0,4.0,0.44,0,0,0,0,0,0,0,0,0,0,0,0,1,1,2
LNR-0131,WEB-102,2,2,2,1.0,15,284.2,30.0,2,2,93.1,-3.3,0.0,1.0,0.0,4.0,0.44,0,0,0,0,0,0,0,0,0,0,0,0,1,1,2
LNR-0131,WEB-102,3,2,2,1.0,10,213.2,39.0,2,2,96.9,3.8,1.0,2.0,1.0,5.0,0.9,0,0,0,0,0,0,0,0,0,0,0,0,0,0,0
LNR-0131,WEB-102,4,3,3,1.0,12,188.2,41.0,2,1,95.8,-1.1,1.0,1.0,0.0,4.0,0.44,0,0,0,0,0,0,0,0,0,0,0,0,1,1,2
LNR-0131,WEB-102,5,3,3,1.0,8,270.6,39.0,2,1,94.2,-1.6,1.0,0.0,0.0,4.0,0.44,0,0,0,0,0,0,0,0,0,0,0,0,1,1,2
LNR-0132,WEB-102,1,3,3,1.0,13,216.8,38.0,2,1,69.8,-7.7,0.0,3.0,0.0,4.0,0.44,0,0,0,0,0,0,0,0,0,0,0,0,1,1,2
LNR-0132,WEB-102,2,2,2,1.0,15,224.3,36.0,2,2,78.8,9.0,1.0,3.0,0.0,4.5,0.85,0,0,0,0,0,0,0,0,0,0,0,0,0,0,0
LNR-0132,WEB-102,3,3,3,1.0,10,181.0,32.0,1,1,81.8,3.0,2.0,3.0,2.0,4.0,0.44,0,0,0,0,0,0,0,0,0,0,0,0,1,1,2
LNR-0132,WEB-102,4,3,3,1.0,10,228.7,32.0,2,1,87.1,5.3,3.0,1.0,0.0,5.0,0.64,0,0,0,0,0,0,0,0,0,0,0,0,0,0,0
LNR-0132,WEB-102,5,3,3,1.0,10,314.7,28.0,2,1,84.0,-3.1,1.0,0.0,1.0,4.0,0.81,0,0,0,0,0,0,0,0,0,0,0,0,0,0,0
LNR-0133,DATA-201,1,3,2,1.0,8,174.0,28.0,1,1,68.8,1.7,1.0,2.0,1.0,4.0,0.12,0,1,0,0,0,0,0,0,0,0,0,0,0,0,1
LNR-0133,DATA-201,2,3,2,0.6667,10,168.3,26.0,1,1,69.3,0.5,0.0,0.0,0.0,4.0,0.44,0,0,0,1,1,0,0,0,0,0,0,0,1,1,4
LNR-0133,DATA-201,3,4,3,0.75,7,143.7,22.0,2,2,81.4,12.1,1.0,2.0,0.0,4.0,0.33,0,0,0,0,0,0,0,0,0,0,0,0,0,0,0
LNR-0133,DATA-201,4,3,2,0.6667,11,104.8,23.0,2,2,64.2,-17.2,3.0,0.0,0.0,3.0,0.0,0,0,0,0,0,0,0,0,0,0,0,0,0,0,0
LNR-0133,DATA-201,5,3,2,0.6667,8,198.1,17.0,1,1,57.8,-6.4,0.0,0.0,0.0,3.0,0.4,0,0,0,0,0,0,0,0,0,0,0,0,0,0,0
LNR-0134,DATA-201,1,3,2,0.6667,7,95.7,19.0,2,1,47.9,-2.0,0.0,1.0,0.0,4.0,0.44,0,0,0,0,0,0,0,0,0,1,1,1,1,1,5
LNR-0134,DATA-201,2,2,2,1.0,8,191.7,21.0,1,1,55.7,7.8,0.0,0.0,0.0,4.0,0.48,0,0,0,0,0,0,0,0,0,0,0,0,0,0,0
LNR-0134,DATA-201,3,3,2,1.0,8,97.2,24.0,2,1,53.5,-2.2,0.0,0.0,0.0,4.0,0.26,0,1,0,0,0,0,0,0,0,0,0,0,0,0,1
LNR-0134,DATA-201,4,3,2,1.0,6,155.4,25.0,1,1,29.5,-24.0,0.0,1.0,0.0,4.0,0.12,0,1,0,0,0,0,0,0,0,0,0,0,0,0,1
LNR-0134,DATA-201,5,3,2,0.6667,7,174.8,26.0,1,1,64.0,34.5,0.0,1.0,0.0,3.5,0.45,0,0,0,0,0,0,0,0,0,1,1,1,0,0,3
LNR-0135,DATA-201,1,3,3,1.0,9,168.3,26.0,1,2,80.0,7.9,0.0,1.0,0.0,5.0,0.72,0,0,0,1,1,0,0,0,0,0,0,0,0,0,2
LNR-0135,DATA-201,2,2,2,1.0,10,246.2,42.0,2,3,81.7,1.7,3.0,0.0,0.0,4.0,0.74,0,0,0,0,0,0,0,0,0,0,0,0,0,0,0
LNR-0135,DATA-201,3,3,3,1.0,16,186.5,38.0,2,1,69.9,-0.3,3.0,3.0,0.0,4.0,0.64,0,1,0,0,0,0,0,1,1,0,0,0,0,0,3
LNR-0135,DATA-201,4,3,3,1.0,12,190.9,18.0,2,1,70.5,2.6,1.0,4.0,0.0,4.0,0.47,0,0,0,0,0,0,0,0,0,0,0,0,0,0,0
LNR-0135,DATA-201,5,3,3,1.0,9,215.7,31.0,2,2,73.7,3.2,1.0,0.0,1.0,5.0,0.56,0,0,0,0,0,0,0,0,0,0,0,0,0,0,0
LNR-0136,DATA-201,1,3,3,1.0,11,198.2,42.0,2,1,98.5,16.7,1.0,0.0,0.0,5.0,0.44,0,0,0,0,0,0,0,0,0,0,0,0,0,0,0
LNR-0136,DATA-201,2,3,3,1.0,11,287.7,43.0,2,1,84.2,-14.3,0.0,1.0,0.0,5.0,0.85,0,0,0,0,0,0,0,0,0,0,0,0,0,0,0
LNR-0136,DATA-201,3,3,3,1.0,20,251.1,25.0,2,3,79.3,-4.9,0.0,3.0,0.0,4.0,0.76,0,0,0,0,0,0,0,0,0,0,0,0,0,0,0
LNR-0136,DATA-201,4,3,3,1.0,10,216.7,23.0,2,1,85.2,5.9,0.0,1.0,0.0,5.0,0.68,0,0,0,0,0,0,0,0,0,0,0,0,0,0,0
LNR-0136,DATA-201,5,3,3,1.0,10,156.2,35.0,2,1,79.6,-5.6,1.0,1.0,0.0,5.0,0.58,0,0,0,0,0,0,0,0,0,0,0,0,0,0,0
LNR-0137,AI-301,1,2,2,1.0,16,132.0,27.0,2,1,80.7,-10.8,0.0,2.0,1.0,5.0,0.55,0,0,0,0,0,0,0,0,0,0,0,0,0,0,0
LNR-0137,AI-301,2,3,3,1.0,12,193.4,33.0,2,1,96.2,15.5,0.0,2.0,0.0,4.5,0.74,0,0,0,0,0,0,0,0,0,0,0,0,0,0,0
LNR-0137,AI-301,3,3,3,1.0,14,181.1,23.0,1,2,98.8,2.6,1.0,1.0,0.0,4.0,0.44,0,0,0,0,0,0,0,0,0,0,0,0,1,1,2
LNR-0137,AI-301,4,2,2,1.0,11,235.4,39.0,2,1,95.9,-2.9,0.0,2.0,0.0,4.0,0.64,0,0,0,0,0,0,0,0,0,0,0,0,0,0,0
LNR-0137,AI-301,5,3,3,1.0,9,286.1,26.0,2,1,82.5,-13.4,0.0,1.0,0.0,4.0,0.48,0,0,0,0,0,0,0,0,0,0,0,0,0,0,0
LNR-0138,AI-301,1,2,1,0.5,8,78.5,18.0,1,1,72.2,-12.8,0.0,1.0,0.0,1.5,0.03,0,0,0,0,0,0,0,0,0,1,1,1,0,0,3
LNR-0138,AI-301,2,3,1,0.3333,1,120.4,13.0,1,2,77.6,5.4,0.0,1.0,0.0,2.5,-0.4,0,0,0,0,0,0,0,0,0,0,0,0,0,0,0
LNR-0138,AI-301,3,2,0,0.0,2,72.5,10.0,0,0,57.9,-19.7,0.0,1.0,0.0,2.0,-0.44,1,0,0,0,0,0,0,0,0,1,1,1,0,0,3
LNR-0138,AI-301,4,2,0,0.0,1,80.4,11.0,0,2,74.2,16.3,0.0,0.0,1.0,1.5,-0.49,1,0,0,0,0,0,0,0,0,0,0,0,0,0,0
LNR-0138,AI-301,5,3,0,0.0,0,21.7,6.0,0,0,69.1,-5.1,0.0,0.0,0.0,2.0,-0.38,1,0,0,0,0,0,0,0,0,0,0,0,0,0,0
LNR-0139,DATA-201,1,3,1,0.3333,5,167.0,14.0,0,2,77.3,13.3,0.0,0.0,0.0,2.0,0.04,0,0,0,0,0,0,0,0,0,0,0,0,0,0,0
LNR-0139,DATA-201,2,2,0,0.0,2,141.6,19.0,1,1,49.1,-28.2,0.0,0.0,0.0,2.5,-0.07,1,0,0,0,0,0,0,0,0,0,0,0,0,0,0
LNR-0139,DATA-201,3,2,1,1.0,7,102.4,9.0,0,2,48.7,-0.4,0.0,0.0,0.0,2.5,-0.32,1,1,0,0,0,0,0,0,0,0,0,0,0,0,1
LNR-0139,DATA-201,4,3,0,0.0,0,63.9,8.0,0,0,39.6,-9.1,0.0,0.0,0.0,2.5,-0.1,1,0,0,0,0,0,0,0,0,0,0,0,0,0,0
LNR-0139,DATA-201,5,3,0,0.0,4,46.6,6.0,0,2,31.0,-8.6,1.0,1.0,0.0,4.0,0.44,1,0,0,0,0,0,0,0,0,0,0,0,1,1,2
LNR-0140,AI-301,1,4,4,1.0,14,190.2,29.0,1,1,82.6,2.3,1.0,1.0,0.0,4.0,0.44,0,0,0,0,0,0,0,0,0,0,0,0,1,1,2
LNR-0140,AI-301,2,4,4,1.0,11,191.4,26.0,1,1,74.4,-8.2,1.0,1.0,0.0,4.0,0.44,0,0,0,0,0,0,0,0,0,0,0,0,1,1,2
LNR-0140,AI-301,3,3,0,0.0,1,46.3,5.0,0,0,45.1,-29.3,0.0,0.0,0.0,2.0,-0.46,1,0,0,0,0,0,0,0,0,0,0,0,0,0,0
LNR-0140,AI-301,4,2,0,0.0,0,55.3,2.0,0,0,84.2,39.1,0.0,0.0,0.0,1.0,-0.72,1,0,0,0,0,0,0,0,0,0,0,0,0,0,0
LNR-0140,AI-301,5,3,0,0.0,1,23.3,2.0,0,0,35.5,-48.7,0.0,0.0,0.0,1.0,-0.55,1,0,0,0,0,0,0,0,0,0,0,0,0,0,0
LNR-0141,WEB-102,1,3,2,0.6667,9,147.1,19.0,2,2,77.5,2.6,0.0,0.0,0.0,3.5,0.03,0,0,0,0,0,0,0,0,0,0,0,0,0,0,0
LNR-0141,WEB-102,2,3,2,0.6667,9,178.4,19.0,1,1,63.1,-14.4,2.0,0.0,1.0,3.0,0.15,0,0,0,0,0,0,0,0,0,0,0,0,0,0,0
LNR-0141,WEB-102,3,2,1,0.5,8,147.6,10.0,1,1,86.5,23.4,0.0,0.0,0.0,3.5,0.38,0,0,0,0,0,0,0,0,0,0,0,0,0,0,0
LNR-0141,WEB-102,4,3,2,0.6667,8,173.9,25.0,1,1,69.9,-0.3,0.0,1.0,0.0,4.0,0.44,0,0,0,0,0,0,0,1,1,1,1,1,1,1,7
LNR-0141,WEB-102,5,3,2,0.6667,8,190.0,22.0,1,1,67.0,-6.9,0.0,0.0,0.0,4.0,0.44,0,0,0,0,0,0,0,0,0,0,0,0,1,1,2
LNR-0142,CS-101,1,2,2,1.0,8,159.1,30.0,2,1,82.7,-0.9,2.0,2.0,0.0,4.0,0.61,0,0,0,0,0,0,0,0,0,0,0,0,0,0,0
LNR-0142,CS-101,2,3,3,1.0,8,255.0,33.0,2,1,92.9,10.2,2.0,2.0,0.0,5.0,0.73,0,0,0,0,0,0,0,0,0,0,0,0,0,0,0
LNR-0142,CS-101,3,3,3,1.0,13,184.4,43.0,1,3,80.5,-12.4,0.0,2.0,0.0,4.0,0.44,0,0,0,0,0,0,0,0,0,0,0,0,1,1,2
LNR-0142,CS-101,4,2,2,1.0,15,253.2,39.0,2,3,89.8,9.3,0.0,0.0,2.0,4.0,0.71,0,0,0,0,0,0,0,0,0,0,0,0,0,0,0
LNR-0142,CS-101,5,2,2,1.0,6,163.3,30.0,2,2,91.1,1.3,0.0,1.0,0.0,4.5,0.88,0,0,0,0,0,0,0,0,0,1,1,1,0,0,3
LNR-0143,DATA-201,1,3,3,1.0,10,273.8,38.0,2,1,82.9,9.1,3.0,2.0,1.0,5.0,0.69,0,0,0,0,0,0,0,0,0,0,0,0,0,0,0
LNR-0143,DATA-201,2,2,2,1.0,9,168.1,37.0,1,1,80.0,-2.9,0.0,1.0,0.0,5.0,0.47,0,0,0,0,0,0,0,0,0,1,1,1,0,0,3
LNR-0143,DATA-201,3,2,2,1.0,9,133.5,32.0,1,2,69.9,-10.1,0.0,2.0,0.0,4.5,0.66,0,0,0,0,0,0,0,0,0,0,0,0,0,0,0
LNR-0143,DATA-201,4,4,4,1.0,14,245.0,38.0,2,1,74.9,5.0,1.0,3.0,0.0,4.0,0.44,0,0,0,0,0,0,0,0,0,0,0,0,1,1,2
LNR-0143,DATA-201,5,3,3,1.0,15,179.5,30.0,2,1,75.2,0.3,1.0,0.0,0.0,5.0,0.42,0,1,0,0,0,0,0,0,0,0,0,0,0,0,1
LNR-0144,CS-101,1,4,4,1.0,16,171.1,25.0,2,3,92.4,5.7,0.0,1.0,1.0,5.0,0.73,0,0,0,0,0,0,0,0,0,0,0,0,0,0,0
LNR-0144,CS-101,2,3,3,1.0,11,176.0,27.0,2,2,86.3,-6.1,0.0,0.0,0.0,4.5,0.8,0,0,0,0,0,0,0,0,0,0,0,0,0,0,0
LNR-0144,CS-101,3,2,2,1.0,11,216.2,43.0,2,1,79.6,-6.7,2.0,2.0,0.0,5.0,0.62,0,0,0,0,0,0,0,0,0,0,0,0,0,0,0
LNR-0144,CS-101,4,3,3,1.0,18,188.6,39.0,2,1,90.6,11.0,0.0,1.0,0.0,5.0,0.79,0,0,0,0,0,0,0,0,0,1,1,1,0,0,3
LNR-0144,CS-101,5,4,4,1.0,17,260.4,28.0,2,3,94.8,4.2,0.0,2.0,0.0,4.0,0.76,0,0,0,0,0,0,0,0,0,0,0,0,0,0,0
LNR-0145,CS-101,1,3,3,1.0,11,127.6,31.0,2,3,90.5,9.8,3.0,2.0,0.0,4.0,0.44,0,0,0,0,0,0,0,0,0,0,0,0,1,1,2
LNR-0145,CS-101,2,3,3,1.0,17,204.9,41.0,2,1,81.6,-8.9,0.0,1.0,0.0,4.0,0.44,0,0,0,0,0,0,0,0,0,1,1,1,1,1,5
LNR-0145,CS-101,3,3,3,1.0,9,173.9,36.0,2,2,85.4,3.8,0.0,1.0,1.0,5.0,0.64,0,0,0,0,0,0,0,0,0,0,0,0,0,0,0
LNR-0145,CS-101,4,2,2,1.0,19,230.4,32.0,2,3,84.7,-0.7,0.0,0.0,1.0,4.0,0.44,0,0,0,0,0,0,0,0,0,0,0,0,1,1,2
LNR-0145,CS-101,5,2,2,1.0,11,168.3,26.0,2,1,69.9,-0.3,1.0,2.0,3.0,5.0,0.83,0,0,0,1,1,0,0,1,1,0,0,0,0,0,4
LNR-0146,AI-301,1,2,2,1.0,5,168.3,26.0,1,1,67.1,-3.1,0.0,1.0,1.0,4.0,0.44,0,0,0,1,1,0,0,0,0,0,0,0,1,1,4
LNR-0146,AI-301,2,3,2,0.6667,8,88.7,21.0,1,1,79.3,12.2,1.0,0.0,0.0,3.5,0.25,0,0,0,0,0,0,0,0,0,0,0,0,0,0,0
LNR-0146,AI-301,3,2,1,0.5,11,168.7,25.0,2,1,71.8,-7.5,0.0,0.0,0.0,4.0,0.25,0,0,0,0,0,0,0,0,0,0,0,0,0,0,0
LNR-0146,AI-301,4,2,2,1.0,7,166.4,20.0,0,1,68.9,-2.9,1.0,1.0,0.0,4.0,0.44,0,0,0,0,0,0,0,0,0,0,0,0,1,1,2
LNR-0146,AI-301,5,3,2,0.6667,8,168.3,26.0,0,1,58.7,-10.2,0.0,0.0,0.0,4.0,0.18,1,0,0,1,1,0,0,0,0,0,0,0,0,0,2
LNR-0147,WEB-102,1,4,3,0.75,7,173.7,20.0,2,1,54.0,-5.9,0.0,1.0,0.0,3.0,0.04,0,0,0,0,0,0,0,0,0,0,0,0,0,0,0
LNR-0147,WEB-102,2,3,2,0.6667,6,172.4,20.0,1,2,69.1,15.1,0.0,1.0,0.0,3.0,0.31,0,0,0,0,0,0,0,0,0,0,0,0,0,0,0
LNR-0147,WEB-102,3,4,3,0.75,6,165.9,24.0,1,1,50.9,-18.2,0.0,0.0,0.0,3.5,0.07,0,0,0,0,0,0,0,0,0,0,0,0,0,0,0
LNR-0147,WEB-102,4,2,2,1.0,8,139.1,20.0,1,1,65.5,14.6,0.0,0.0,0.0,4.0,0.44,0,0,0,0,0,0,0,0,0,0,0,0,1,1,2
LNR-0147,WEB-102,5,3,2,0.6667,7,67.4,23.0,2,1,56.8,-8.7,0.0,1.0,0.0,4.0,0.44,0,0,0,0,0,0,0,0,0,0,0,0,1,1,2
LNR-0148,AI-301,1,3,1,0.3333,4,95.9,15.0,1,1,73.2,-2.7,1.0,0.0,0.0,4.0,0.44,0,0,0,0,0,0,0,0,0,0,0,0,1,1,2
LNR-0148,AI-301,2,3,1,0.3333,4,116.5,10.0,0,0,65.5,-7.7,3.0,0.0,0.0,1.5,-0.47,1,0,0,0,0,0,0,0,0,0,0,0,0,0,0
LNR-0148,AI-301,3,2,1,0.5,3,73.3,9.0,1,1,54.4,-11.1,0.0,1.0,0.0,1.5,-0.34,1,0,0,0,0,0,0,0,0,1,1,1,0,0,3
LNR-0148,AI-301,4,3,0,0.0,7,70.6,9.0,0,0,73.7,19.3,0.0,0.0,0.0,1.5,-0.3,1,0,0,0,0,0,0,0,0,0,0,0,0,0,0
LNR-0148,AI-301,5,4,0,0.0,2,44.1,4.0,0,0,51.0,-22.7,0.0,1.0,0.0,2.0,-0.47,1,0,0,0,0,0,0,0,0,1,1,1,0,0,3
LNR-0149,CS-101,1,4,3,0.75,8,202.0,31.0,2,1,67.1,-3.2,0.0,0.0,1.0,3.0,0.06,0,0,0,0,0,0,0,0,0,0,0,0,0,0,0
LNR-0149,CS-101,2,3,3,1.0,9,130.2,17.0,1,2,68.2,1.1,0.0,0.0,0.0,3.5,0.48,0,0,0,0,0,0,0,0,0,0,0,0,0,0,0
LNR-0149,CS-101,3,3,2,0.6667,12,183.1,19.0,1,1,73.2,5.0,0.0,0.0,1.0,4.0,0.27,0,0,0,0,0,0,0,0,0,0,0,0,0,0,0
LNR-0149,CS-101,4,3,2,0.6667,7,150.8,30.0,1,1,69.7,-3.5,0.0,0.0,1.0,4.0,0.34,0,0,0,0,0,0,0,0,0,0,0,0,0,0,0
LNR-0149,CS-101,5,3,2,0.6667,9,157.1,13.0,2,2,74.2,4.5,0.0,0.0,0.0,4.0,0.37,0,0,0,0,0,0,0,0,0,0,0,0,0,0,0
LNR-0150,AI-301,1,3,3,1.0,12,205.3,41.0,2,2,81.9,4.5,0.0,3.0,0.0,4.0,0.44,0,0,0,0,0,0,0,0,0,0,0,0,1,1,2
LNR-0150,AI-301,2,3,3,1.0,13,159.8,33.0,2,1,69.9,-0.3,0.0,1.0,1.0,4.5,0.84,0,0,0,0,0,0,0,1,1,0,0,0,0,0,2
LNR-0150,AI-301,3,3,3,1.0,12,167.1,36.0,2,1,76.6,6.0,0.0,2.0,0.0,4.5,0.59,0,0,0,0,0,0,0,0,0,0,0,0,0,0,0
LNR-0150,AI-301,4,3,3,1.0,5,258.5,24.0,2,2,67.3,-9.3,2.0,2.0,0.0,4.0,0.89,0,1,0,0,0,0,0,0,0,0,0,0,0,0,1
LNR-0150,AI-301,5,3,3,1.0,7,174.4,28.0,2,1,69.7,2.4,3.0,1.0,2.0,5.0,0.48,0,0,0,0,0,0,0,0,0,0,0,0,0,0,0
LNR-0151,DATA-201,1,4,3,0.75,9,96.0,17.0,2,1,38.9,-14.3,1.0,1.0,1.0,4.0,0.11,0,0,0,0,0,0,0,0,0,0,0,0,0,0,0
LNR-0151,DATA-201,2,3,2,0.6667,7,140.6,17.0,1,2,48.1,9.2,1.0,0.0,1.0,4.0,0.25,0,0,0,0,0,0,0,0,0,0,0,0,0,0,0
LNR-0151,DATA-201,3,3,2,0.6667,4,146.8,19.0,1,1,54.6,6.5,0.0,2.0,0.0,3.0,0.28,0,0,0,0,0,0,0,0,0,0,0,0,0,0,0
LNR-0151,DATA-201,4,2,1,0.5,11,166.0,16.0,1,1,45.8,-8.8,1.0,2.0,0.0,3.5,0.35,0,0,0,0,0,0,0,0,0,0,0,0,0,0,0
LNR-0151,DATA-201,5,3,2,0.6667,3,169.2,19.0,1,1,60.6,14.8,2.0,0.0,0.0,3.0,0.14,0,0,0,0,0,0,0,0,0,0,0,0,0,0,0
LNR-0152,CS-101,1,4,3,0.75,6,186.3,21.0,1,2,76.2,-8.8,0.0,0.0,0.0,3.0,0.27,0,0,0,0,0,0,0,0,0,0,0,0,0,0,0
LNR-0152,CS-101,2,3,2,0.6667,2,156.2,19.0,1,1,84.8,8.6,0.0,1.0,0.0,3.5,0.33,0,0,0,0,0,0,0,0,0,1,1,1,0,0,3
LNR-0152,CS-101,3,3,2,0.6667,5,155.0,22.0,0,1,66.7,-18.1,1.0,0.0,0.0,4.0,0.44,0,0,0,0,0,0,0,0,0,0,0,0,1,1,2
LNR-0152,CS-101,4,3,2,0.6667,9,187.5,20.0,1,1,93.5,26.8,0.0,0.0,0.0,4.0,0.44,0,0,0,0,0,0,0,0,0,0,0,0,1,1,2
LNR-0152,CS-101,5,3,2,0.6667,4,150.9,25.0,1,1,62.0,-31.5,0.0,1.0,0.0,4.0,0.44,0,0,0,0,0,0,0,0,0,0,0,0,1,1,2
LNR-0153,DATA-201,1,4,4,1.0,12,282.0,30.0,2,2,40.4,-4.0,0.0,1.0,1.0,5.0,0.86,0,0,0,0,0,0,0,0,0,0,0,0,0,0,0
LNR-0153,DATA-201,2,2,2,1.0,9,168.3,26.0,2,1,57.5,17.1,2.0,1.0,0.0,4.0,0.44,0,0,0,1,1,0,0,0,0,0,0,0,1,1,4
LNR-0153,DATA-201,3,4,4,1.0,9,235.9,35.0,1,3,44.6,-12.9,1.0,2.0,1.0,4.5,0.87,0,0,0,0,0,0,0,0,0,0,0,0,0,0,0
LNR-0153,DATA-201,4,3,3,1.0,13,162.8,34.0,2,2,51.5,6.9,0.0,1.0,0.0,4.0,0.55,0,0,0,0,0,0,0,0,0,1,1,1,0,0,3
LNR-0153,DATA-201,5,2,2,1.0,12,186.7,37.0,2,2,55.3,3.8,0.0,1.0,0.0,4.0,0.47,0,0,0,0,0,0,0,0,0,0,0,0,0,0,0
LNR-0154,DATA-201,1,3,3,1.0,8,245.8,29.0,2,1,81.6,0.3,0.0,0.0,0.0,4.5,0.56,0,0,0,0,0,0,0,0,0,0,0,0,0,0,0
LNR-0154,DATA-201,2,3,3,1.0,9,216.4,41.0,2,1,92.3,10.7,1.0,2.0,2.0,5.0,0.52,0,0,0,0,0,0,0,0,0,0,0,0,0,0,0
LNR-0154,DATA-201,3,3,3,1.0,12,236.1,33.0,2,3,92.8,0.5,0.0,3.0,0.0,4.5,0.5,0,0,0,0,0,0,0,0,0,0,0,0,0,0,0
LNR-0154,DATA-201,4,3,3,1.0,12,174.3,32.0,2,2,89.0,-3.8,0.0,2.0,1.0,5.0,0.69,0,0,0,0,0,0,0,0,0,0,0,0,0,0,0
LNR-0154,DATA-201,5,3,3,1.0,9,217.3,36.0,2,3,85.5,-3.5,0.0,1.0,0.0,4.0,0.44,0,0,0,0,0,0,0,0,0,0,0,0,1,1,2
LNR-0155,WEB-102,1,3,2,0.6667,5,152.9,17.0,1,1,66.9,-6.0,0.0,1.0,0.0,4.0,0.02,0,0,0,0,0,0,0,0,0,0,0,0,0,0,0
LNR-0155,WEB-102,2,3,2,0.6667,5,104.2,28.0,1,1,81.1,14.2,0.0,2.0,0.0,4.0,0.33,0,0,0,0,0,0,0,0,0,0,0,0,0,0,0
LNR-0155,WEB-102,3,3,2,0.6667,8,81.9,21.0,1,1,70.5,-10.6,1.0,1.0,0.0,4.0,0.04,0,0,0,0,0,0,0,0,0,0,0,0,0,0,0
LNR-0155,WEB-102,4,3,2,0.6667,11,140.2,28.0,1,1,66.9,-3.6,0.0,1.0,0.0,4.0,0.42,0,0,0,0,0,0,0,0,0,1,1,1,0,0,3
LNR-0155,WEB-102,5,3,2,0.6667,8,139.8,22.0,1,1,80.6,13.7,0.0,0.0,1.0,3.0,0.04,0,0,0,0,0,0,0,0,0,0,0,0,0,0,0
LNR-0156,CS-101,1,3,3,1.0,10,168.3,26.0,1,1,57.0,-6.5,0.0,4.0,0.0,4.5,0.8,0,0,0,1,1,0,0,0,0,0,0,0,0,0,2
LNR-0156,CS-101,2,3,3,1.0,11,171.3,28.0,2,1,63.7,6.7,0.0,2.0,0.0,5.0,0.67,0,0,0,0,0,0,0,0,0,0,0,0,0,0,0
LNR-0156,CS-101,3,4,3,0.75,11,202.9,21.0,2,2,73.4,9.7,0.0,2.0,1.0,5.0,0.73,0,0,0,0,0,0,0,0,0,0,0,0,0,0,0
LNR-0156,CS-101,4,3,3,1.0,9,212.5,30.0,2,3,60.9,-12.5,2.0,1.0,1.0,5.0,0.59,0,0,0,0,0,0,0,0,0,0,0,0,0,0,0
LNR-0156,CS-101,5,3,3,1.0,11,250.0,34.0,2,1,72.7,11.8,3.0,0.0,0.0,5.0,0.41,0,0,0,0,0,0,0,0,0,0,0,0,0,0,0
LNR-0157,CS-101,1,4,1,0.25,7,149.1,17.0,1,0,47.2,-9.9,0.0,0.0,0.0,4.0,0.44,1,0,0,0,0,0,0,0,0,0,0,0,1,1,2
LNR-0157,CS-101,2,3,1,0.3333,4,91.7,15.0,0,3,56.5,9.3,0.0,1.0,0.0,2.5,-0.18,1,0,0,0,0,0,0,0,0,1,1,1,0,0,3
LNR-0157,CS-101,3,3,1,0.3333,4,98.6,11.0,0,0,48.8,-7.7,2.0,1.0,0.0,3.0,-0.39,0,0,0,0,0,0,0,0,0,0,0,0,0,0,0
LNR-0157,CS-101,4,3,1,0.3333,2,168.3,26.0,1,0,31.7,-17.1,1.0,0.0,0.0,2.0,-0.16,1,0,0,1,1,0,0,0,0,0,0,0,0,0,2
LNR-0157,CS-101,5,3,0,0.0,0,35.1,1.0,0,1,22.1,-9.6,0.0,1.0,0.0,2.0,0.06,1,0,0,0,0,0,0,0,0,0,0,0,0,0,0
LNR-0158,AI-301,1,3,3,1.0,18,204.4,23.0,2,1,90.8,9.3,0.0,1.0,0.0,4.0,0.5,0,0,0,0,0,0,0,0,0,1,1,1,0,0,3
LNR-0158,AI-301,2,3,3,1.0,13,165.8,34.0,2,1,69.9,-0.3,0.0,1.0,1.0,4.0,0.44,0,0,0,0,0,0,0,1,1,0,0,0,1,1,4
LNR-0158,AI-301,3,3,3,1.0,9,207.9,39.0,2,1,80.6,-6.9,0.0,2.0,1.0,4.0,0.7,0,0,0,0,0,0,0,0,0,0,0,0,0,0,0
LNR-0158,AI-301,4,3,3,1.0,11,195.9,28.0,1,2,83.1,2.5,0.0,1.0,0.0,4.5,0.79,0,0,0,0,0,0,0,0,0,1,1,1,0,0,3
LNR-0158,AI-301,5,4,3,0.75,12,189.7,30.0,2,2,83.9,0.8,2.0,3.0,0.0,4.5,0.6,0,0,0,0,0,0,0,0,0,0,0,0,0,0,0
LNR-0159,AI-301,1,2,2,1.0,11,222.1,34.0,2,2,69.9,-0.3,2.0,1.0,0.0,4.0,0.44,0,0,0,0,0,0,0,1,1,0,0,0,1,1,4
LNR-0159,AI-301,2,3,3,1.0,15,327.4,36.0,1,2,73.8,7.9,1.0,2.0,0.0,4.0,0.55,0,0,0,0,0,0,0,0,0,0,0,0,0,0,0
LNR-0159,AI-301,3,3,3,1.0,16,225.0,49.0,2,1,58.9,-14.9,0.0,0.0,0.0,4.0,0.44,0,0,0,0,0,0,0,0,0,0,0,0,1,1,2
LNR-0159,AI-301,4,3,3,1.0,10,247.0,37.0,2,1,75.1,16.2,3.0,1.0,0.0,4.5,0.7,0,0,0,0,0,0,0,0,0,0,0,0,0,0,0
LNR-0159,AI-301,5,2,2,1.0,7,191.2,34.0,2,1,71.7,-3.4,1.0,4.0,0.0,4.0,0.44,0,0,0,0,0,0,0,0,0,0,0,0,1,1,2
LNR-0160,AI-301,1,4,2,0.5,7,78.8,18.0,1,3,69.9,-0.3,1.0,1.0,0.0,2.0,-0.37,1,0,0,0,0,0,0,1,1,0,0,0,0,0,2
LNR-0160,AI-301,2,3,1,0.3333,6,119.1,11.0,1,1,47.6,-0.2,1.0,0.0,0.0,3.0,-0.01,0,0,0,0,0,0,0,0,0,0,0,0,0,0,0
LNR-0160,AI-301,3,2,0,0.0,5,121.1,7.0,0,3,51.0,3.4,0.0,0.0,0.0,2.5,-0.45,1,0,0,0,0,0,0,0,0,0,0,0,0,0,0
LNR-0160,AI-301,4,4,0,0.0,4,75.8,4.0,0,1,53.9,2.9,1.0,0.0,0.0,4.0,0.44,1,0,0,0,0,0,0,0,0,0,0,0,1,1,2
LNR-0160,AI-301,5,3,0,1.0,1,12.4,4.0,0,1,36.8,-17.1,0.0,1.0,0.0,2.0,-0.36,1,1,0,0,0,0,0,0,0,1,1,1,0,0,4
LNR-0161,AI-301,1,3,2,0.6667,8,162.0,18.0,1,2,65.5,0.3,1.0,0.0,0.0,3.0,0.16,0,0,0,0,0,0,0,0,0,0,0,0,0,0,0
LNR-0161,AI-301,2,4,3,1.0,6,175.6,27.0,2,1,53.5,-12.0,0.0,1.0,0.0,4.0,0.05,0,1,0,0,0,0,0,0,0,0,0,0,0,0,1
LNR-0161,AI-301,3,4,3,0.75,12,86.4,21.0,1,1,53.4,-0.1,2.0,0.0,1.0,3.5,0.02,0,0,0,0,0,0,0,0,0,0,0,0,0,0,0
LNR-0161,AI-301,4,2,1,0.5,4,168.3,26.0,0,1,79.8,26.4,2.0,1.0,0.0,4.0,0.09,0,0,0,1,1,0,0,0,0,0,0,0,0,0,2
LNR-0161,AI-301,5,4,3,0.75,10,107.1,30.0,2,1,64.1,-15.7,1.0,2.0,1.0,4.0,0.44,0,0,0,0,0,0,0,0,0,0,0,0,1,1,2
LNR-0162,WEB-102,1,3,3,1.0,10,202.9,32.0,2,1,64.3,-11.4,1.0,1.0,0.0,4.5,0.87,0,0,0,0,0,0,0,0,0,0,0,0,0,0,0
LNR-0162,WEB-102,2,2,2,1.0,9,226.6,44.0,2,1,71.6,7.3,0.0,2.0,0.0,4.5,0.74,0,0,0,0,0,0,0,0,0,0,0,0,0,0,0
LNR-0162,WEB-102,3,3,3,1.0,14,191.0,28.0,2,1,81.0,9.4,2.0,1.0,0.0,4.0,0.44,0,0,0,0,0,0,0,0,0,0,0,0,1,1,2
LNR-0162,WEB-102,4,3,3,1.0,6,156.1,29.0,2,2,69.9,-0.3,0.0,3.0,1.0,4.0,0.9,0,0,0,0,0,0,0,1,1,0,0,0,0,0,2
LNR-0162,WEB-102,5,3,3,1.0,8,253.4,33.0,2,1,88.1,16.9,0.0,0.0,0.0,4.0,0.44,0,0,0,0,0,0,0,0,0,0,0,0,1,1,2
LNR-0163,DATA-201,1,3,1,0.3333,7,96.1,17.0,0,2,82.9,13.9,0.0,0.0,0.0,4.0,0.44,1,0,0,0,0,0,0,0,0,0,0,0,1,1,2
LNR-0163,DATA-201,2,3,1,0.3333,5,168.3,26.0,1,0,70.6,-12.3,0.0,1.0,0.0,1.5,0.01,1,0,0,1,1,0,0,0,0,1,1,1,0,0,5
LNR-0163,DATA-201,3,3,0,0.0,3,86.8,7.0,0,1,57.9,-12.7,0.0,0.0,0.0,2.0,-0.03,1,0,0,0,0,0,0,0,0,0,0,0,0,0,0
LNR-0163,DATA-201,4,2,1,0.5,0,84.1,5.0,0,1,58.4,0.5,0.0,0.0,0.0,2.5,-0.03,1,0,0,0,0,0,0,0,0,0,0,0,0,0,0
LNR-0163,DATA-201,5,3,0,0.0,2,43.9,6.0,0,0,35.2,-23.2,0.0,1.0,0.0,1.5,-0.12,1,0,0,0,0,0,0,0,0,1,1,1,0,0,3
LNR-0164,CS-101,1,3,3,1.0,8,196.2,26.0,2,1,79.6,-6.1,2.0,3.0,1.0,5.0,0.89,0,0,0,0,0,0,0,0,0,0,0,0,0,0,0
LNR-0164,CS-101,2,3,3,1.0,9,168.3,26.0,2,1,80.9,1.3,2.0,0.0,0.0,5.0,0.56,0,0,0,1,1,0,0,0,0,0,0,0,0,0,2
LNR-0164,CS-101,3,4,4,1.0,12,187.4,39.0,2,3,96.9,16.0,0.0,1.0,0.0,4.0,0.56,0,0,0,0,0,0,0,0,0,1,1,1,0,0,3
LNR-0164,CS-101,4,3,3,1.0,13,221.8,22.0,1,2,99.1,2.2,1.0,1.0,3.0,4.0,0.44,0,0,0,0,0,0,0,0,0,0,0,0,1,1,2
LNR-0164,CS-101,5,3,3,1.0,10,191.9,38.0,2,1,88.3,-10.8,1.0,3.0,1.0,4.5,0.68,0,0,0,0,0,0,0,0,0,0,0,0,0,0,0
LNR-0165,DATA-201,1,2,1,0.5,4,124.7,15.0,0,1,69.3,-2.8,0.0,1.0,0.0,4.0,0.44,1,0,0,0,0,0,0,0,0,0,0,0,1,1,2
LNR-0165,DATA-201,2,3,1,0.3333,3,149.9,15.0,0,1,64.2,-5.1,2.0,0.0,0.0,1.5,-0.22,1,0,0,0,0,0,0,0,0,0,0,0,0,0,0
LNR-0165,DATA-201,3,2,0,0.0,2,112.6,11.0,0,2,66.2,2.0,1.0,0.0,1.0,2.0,-0.09,1,0,0,0,0,0,0,0,0,0,0,0,0,0,0
LNR-0165,DATA-201,4,3,0,0.0,3,65.5,3.0,0,0,46.5,-19.7,0.0,1.0,0.0,2.5,-0.52,1,0,0,0,0,0,0,0,0,1,1,1,0,0,3
LNR-0165,DATA-201,5,3,0,0.0,2,168.3,26.0,0,0,69.9,-0.3,1.0,0.0,0.0,1.5,-0.02,1,0,0,1,1,0,0,1,1,0,0,0,0,0,4
LNR-0166,CS-101,1,2,2,1.0,7,309.4,35.0,1,2,62.1,-4.6,0.0,1.0,1.0,4.0,0.63,0,0,0,0,0,0,0,0,0,0,0,0,0,0,0
LNR-0166,CS-101,2,4,4,1.0,14,255.8,26.0,2,1,68.5,6.4,1.0,1.0,0.0,5.0,0.7,0,0,0,0,0,0,0,0,0,0,0,0,0,0,0
LNR-0166,CS-101,3,4,4,1.0,8,150.8,34.0,2,2,70.3,1.8,0.0,0.0,0.0,5.0,0.69,0,0,0,0,0,0,0,0,0,0,0,0,0,0,0
LNR-0166,CS-101,4,2,2,1.0,17,215.8,31.0,2,1,65.2,-5.1,2.0,1.0,0.0,4.5,0.45,0,0,0,0,0,0,0,0,0,0,0,0,0,0,0
LNR-0166,CS-101,5,3,3,1.0,12,195.2,40.0,2,1,68.6,3.4,0.0,2.0,2.0,4.0,0.44,0,0,0,0,0,0,0,0,0,0,0,0,1,1,2
LNR-0167,CS-101,1,3,1,0.3333,3,103.8,17.0,1,2,46.6,-25.1,1.0,0.0,0.0,1.5,-0.11,1,0,0,0,0,0,0,0,0,0,0,0,0,0,0
LNR-0167,CS-101,2,4,2,0.5,6,70.9,12.0,0,1,54.7,8.1,2.0,0.0,0.0,3.0,-0.38,1,0,0,0,0,0,0,0,0,0,0,0,0,0,0
LNR-0167,CS-101,3,3,1,0.3333,1,80.1,10.0,0,3,61.7,7.0,0.0,0.0,0.0,2.0,-0.44,1,0,0,0,0,0,0,0,0,0,0,0,0,0,0
LNR-0167,CS-101,4,2,0,0.0,3,168.3,26.0,0,1,36.1,-25.6,0.0,0.0,0.0,4.0,0.44,1,0,0,1,1,0,0,0,0,0,0,0,1,1,4
LNR-0167,CS-101,5,3,0,0.0,1,32.5,9.0,0,1,53.3,17.2,2.0,0.0,0.0,2.0,-0.11,1,0,0,0,0,0,0,0,0,0,0,0,0,0,0
LNR-0168,DATA-201,1,3,2,0.6667,9,168.3,26.0,0,1,66.6,-1.1,1.0,0.0,0.0,4.0,0.47,0,0,0,1,1,0,0,0,0,0,0,0,0,0,2
LNR-0168,DATA-201,2,2,2,1.0,7,168.3,26.0,2,1,66.2,-0.4,2.0,0.0,0.0,3.5,0.41,0,0,0,1,1,0,0,0,0,0,0,0,0,0,2
LNR-0168,DATA-201,3,3,2,0.6667,5,128.9,18.0,2,1,68.6,2.4,0.0,1.0,0.0,4.0,0.26,0,0,0,0,0,0,0,0,0,0,0,0,0,0,0
LNR-0168,DATA-201,4,4,3,0.75,6,137.3,14.0,1,2,59.5,-9.1,0.0,1.0,1.0,3.0,0.22,0,0,0,0,0,0,0,0,0,0,0,0,0,0,0
LNR-0168,DATA-201,5,4,3,0.75,7,175.3,10.0,0,1,71.4,11.9,0.0,1.0,0.0,3.0,0.17,0,0,0,0,0,0,0,0,0,0,0,0,0,0,0
LNR-0169,AI-301,1,3,2,0.6667,7,120.0,24.0,0,2,66.4,-14.4,2.0,2.0,0.0,3.0,0.37,0,0,0,0,0,0,0,0,0,0,0,0,0,0,0
LNR-0169,AI-301,2,4,3,0.75,3,159.4,29.0,1,1,69.9,-0.3,0.0,2.0,0.0,3.0,0.46,0,0,0,0,0,0,0,1,1,0,0,0,0,0,2
LNR-0169,AI-301,3,4,3,0.75,11,177.1,17.0,2,1,78.2,-7.8,0.0,1.0,2.0,3.5,0.35,0,0,0,0,0,0,0,0,0,0,0,0,0,0,0
LNR-0169,AI-301,4,3,2,0.6667,8,77.5,21.0,1,1,72.8,-5.4,1.0,1.0,1.0,3.5,0.02,0,0,0,0,0,0,0,0,0,0,0,0,0,0,0
LNR-0169,AI-301,5,3,2,0.6667,8,70.3,21.0,1,2,81.9,9.1,3.0,1.0,0.0,3.5,0.36,0,0,0,0,0,0,0,0,0,0,0,0,0,0,0
LNR-0170,AI-301,1,2,2,1.0,7,122.1,20.0,1,1,97.4,5.7,1.0,3.0,0.0,4.0,0.1,0,0,0,0,0,0,0,0,0,0,0,0,0,0,0
LNR-0170,AI-301,2,2,2,1.0,9,109.9,20.0,1,1,77.7,-19.7,0.0,1.0,0.0,4.0,0.3,0,0,0,0,0,0,0,0,0,0,0,0,0,0,0
LNR-0170,AI-301,3,3,2,0.6667,5,189.8,19.0,1,1,88.3,10.6,1.0,4.0,1.0,4.0,0.01,0,0,0,0,0,0,0,0,0,0,0,0,0,0,0
LNR-0170,AI-301,4,4,3,0.75,7,135.4,19.0,1,1,92.4,4.1,0.0,2.0,0.0,3.0,0.42,0,0,0,0,0,0,0,0,0,0,0,0,0,0,0
LNR-0170,AI-301,5,3,2,0.6667,11,146.7,24.0,1,1,80.3,-12.1,1.0,0.0,0.0,3.5,0.15,0,0,0,0,0,0,0,0,0,0,0,0,0,0,0
LNR-0171,DATA-201,1,2,2,1.0,13,259.0,29.0,2,1,66.7,11.3,0.0,0.0,0.0,4.0,0.82,0,0,0,0,0,0,0,0,0,0,0,0,0,0,0
LNR-0171,DATA-201,2,3,3,1.0,12,149.7,44.0,2,1,52.9,-13.8,1.0,2.0,0.0,4.0,0.44,0,0,0,0,0,0,0,0,0,0,0,0,1,1,2
LNR-0171,DATA-201,3,4,3,0.75,16,190.5,43.0,2,2,54.3,1.4,0.0,3.0,0.0,5.0,0.68,0,0,0,0,0,0,0,0,0,0,0,0,0,0,0
LNR-0171,DATA-201,4,3,3,1.0,22,169.0,39.0,1,1,56.3,2.0,0.0,2.0,1.0,5.0,0.64,0,0,0,0,0,0,0,0,0,0,0,0,0,0,0
LNR-0171,DATA-201,5,3,3,1.0,10,267.6,37.0,2,1,59.8,3.5,0.0,2.0,0.0,4.5,0.41,0,0,0,0,0,0,0,0,0,0,0,0,0,0,0
LNR-0172,WEB-102,1,4,2,0.5,6,93.6,12.0,0,1,59.3,-8.8,3.0,0.0,0.0,4.0,0.44,1,0,0,0,0,0,0,0,0,0,0,0,1,1,2
LNR-0172,WEB-102,2,3,1,0.3333,4,130.0,12.0,1,1,69.6,10.3,0.0,1.0,0.0,2.0,-0.48,1,0,0,0,0,0,0,0,0,0,0,0,0,0,0
LNR-0172,WEB-102,3,3,1,0.3333,0,168.3,26.0,1,0,53.8,-15.8,0.0,0.0,0.0,1.5,-0.39,1,0,0,1,1,0,0,0,0,0,0,0,0,0,2
LNR-0172,WEB-102,4,3,1,0.3333,2,35.9,8.0,1,1,49.1,-4.7,0.0,0.0,0.0,2.0,-0.25,1,0,0,0,0,0,0,0,0,0,0,0,0,0,0
LNR-0172,WEB-102,5,3,0,0.0,1,168.3,26.0,0,1,48.6,-0.5,1.0,0.0,0.0,2.0,-0.0,1,0,0,1,1,0,0,0,0,0,0,0,0,0,2
LNR-0173,AI-301,1,3,2,0.6667,7,136.0,23.0,1,2,84.4,9.8,0.0,0.0,0.0,3.5,0.09,0,0,0,0,0,0,0,0,0,0,0,0,0,0,0
LNR-0173,AI-301,2,3,2,0.6667,15,168.3,26.0,2,1,85.3,0.9,1.0,1.0,0.0,3.5,0.18,0,0,0,1,1,0,0,0,0,0,0,0,0,0,2
LNR-0173,AI-301,3,3,2,0.6667,5,138.0,20.0,0,1,82.0,-3.3,1.0,2.0,0.0,4.0,0.44,1,0,0,0,0,0,0,0,0,0,0,0,1,1,2
LNR-0173,AI-301,4,3,2,0.6667,13,131.9,20.0,2,1,62.8,-19.2,2.0,1.0,0.0,4.0,0.44,0,0,0,0,0,0,0,0,0,0,0,0,1,1,2
LNR-0173,AI-301,5,3,2,0.6667,7,158.4,25.0,1,1,63.2,0.4,1.0,1.0,0.0,4.0,0.44,0,0,0,0,0,0,0,0,0,0,0,0,1,1,2
LNR-0174,WEB-102,1,3,2,0.6667,9,174.8,15.0,1,0,63.6,-17.1,0.0,1.0,0.0,1.5,-0.25,0,0,0,0,0,0,0,0,0,0,0,0,0,0,0
LNR-0174,WEB-102,2,3,1,0.3333,7,95.0,10.0,1,1,72.4,8.8,0.0,0.0,0.0,4.0,0.44,0,0,0,0,0,0,0,0,0,0,0,0,1,1,2
LNR-0174,WEB-102,3,2,0,0.0,3,140.1,12.0,0,2,45.6,-26.8,0.0,0.0,0.0,2.0,-0.06,1,0,0,0,0,0,0,0,0,0,0,0,0,0,0
LNR-0174,WEB-102,4,4,0,0.0,3,168.3,26.0,1,0,68.0,22.4,0.0,0.0,1.0,2.0,-0.21,1,0,0,1,1,0,0,0,0,0,0,0,0,0,2
LNR-0174,WEB-102,5,3,0,0.0,3,21.0,2.0,0,0,69.9,-0.3,0.0,0.0,0.0,2.5,-0.36,1,0,0,0,0,0,0,1,1,0,0,0,0,0,2
LNR-0175,CS-101,1,3,3,1.0,5,165.1,40.0,1,2,69.4,-1.4,0.0,1.0,0.0,4.5,0.79,0,0,0,0,0,0,0,0,0,0,0,0,0,0,0
LNR-0175,CS-101,2,4,4,1.0,11,252.1,32.0,2,3,77.8,8.4,0.0,3.0,1.0,4.5,0.45,0,0,0,0,0,0,0,0,0,0,0,0,0,0,0
LNR-0175,CS-101,3,3,3,1.0,13,194.3,38.0,1,2,84.7,6.9,2.0,0.0,0.0,5.0,0.62,0,0,0,0,0,0,0,0,0,0,0,0,0,0,0
LNR-0175,CS-101,4,2,2,1.0,13,111.4,39.0,2,2,61.4,-23.3,0.0,1.0,0.0,5.0,0.42,0,0,0,0,0,0,0,0,0,0,0,0,0,0,0
LNR-0175,CS-101,5,2,2,1.0,12,167.8,30.0,2,2,69.9,-0.3,0.0,1.0,0.0,4.5,0.55,0,0,0,0,0,0,0,1,1,1,1,1,0,0,5
LNR-0176,CS-101,1,3,2,0.6667,12,192.2,22.0,1,1,73.7,-3.4,0.0,1.0,0.0,4.0,0.44,0,0,0,0,0,0,0,0,0,1,1,1,1,1,5
LNR-0176,CS-101,2,3,2,0.6667,8,160.3,19.0,1,1,78.9,5.2,0.0,2.0,0.0,4.0,0.45,0,0,0,0,0,0,0,0,0,0,0,0,0,0,0
LNR-0176,CS-101,3,3,2,0.6667,6,125.6,22.0,1,1,75.3,-3.6,0.0,1.0,0.0,3.5,0.43,0,0,0,0,0,0,0,0,0,0,0,0,0,0,0
LNR-0176,CS-101,4,3,2,0.6667,7,172.5,18.0,1,1,73.6,-1.7,1.0,1.0,0.0,4.0,0.31,0,0,0,0,0,0,0,0,0,0,0,0,0,0,0
LNR-0176,CS-101,5,3,2,0.6667,9,168.3,26.0,1,1,76.0,2.4,0.0,1.0,0.0,3.5,0.04,0,0,0,1,1,0,0,0,0,1,1,1,0,0,5
LNR-0177,AI-301,1,3,1,0.3333,7,153.9,12.0,0,1,43.7,-18.7,0.0,0.0,0.0,1.5,-0.45,1,0,0,0,0,0,0,0,0,0,0,0,0,0,0
LNR-0177,AI-301,2,3,1,0.3333,0,135.2,8.0,0,0,64.9,21.2,0.0,0.0,0.0,4.0,0.44,1,0,0,0,0,0,0,0,0,0,0,0,1,1,2
LNR-0177,AI-301,3,3,1,0.3333,5,97.9,10.0,1,0,48.8,-16.1,0.0,1.0,0.0,4.0,0.44,0,0,0,0,0,0,0,0,0,1,1,1,1,1,5
LNR-0177,AI-301,4,3,1,0.3333,6,61.0,7.0,0,1,60.2,11.4,0.0,0.0,0.0,2.0,-0.28,1,0,0,0,0,0,0,0,0,0,0,0,0,0,0
LNR-0177,AI-301,5,3,0,0.0,2,60.9,4.0,0,2,58.5,-1.7,0.0,1.0,0.0,2.0,-0.47,1,0,0,0,0,0,0,0,0,1,1,1,0,0,3
LNR-0178,CS-101,1,4,4,1.0,11,199.7,31.0,2,2,57.0,-6.6,0.0,3.0,0.0,4.5,0.75,0,0,0,0,0,0,0,0,0,0,0,0,0,0,0
LNR-0178,CS-101,2,4,4,1.0,18,125.4,36.0,2,1,64.1,7.1,1.0,0.0,0.0,4.0,0.71,0,0,0,0,0,0,0,0,0,0,0,0,0,0,0
LNR-0178,CS-101,3,3,3,1.0,9,180.5,35.0,2,1,71.2,7.1,0.0,2.0,0.0,4.5,0.69,0,0,0,0,0,0,0,0,0,0,0,0,0,0,0
LNR-0178,CS-101,4,3,3,1.0,7,268.8,28.0,2,1,69.9,-0.3,0.0,0.0,0.0,4.0,0.44,0,0,0,0,0,0,0,1,1,0,0,0,1,1,4
LNR-0178,CS-101,5,4,4,1.0,17,209.0,41.0,1,2,67.9,10.2,1.0,1.0,1.0,4.5,0.5,0,0,0,0,0,0,0,0,0,0,0,0,0,0,0
LNR-0179,DATA-201,1,2,0,0.0,5,130.5,26.0,1,1,65.1,1.5,0.0,1.0,0.0,4.0,0.44,1,0,0,0,0,0,0,0,0,0,0,0,1,1,2
LNR-0179,DATA-201,2,3,1,0.3333,6,92.0,12.0,0,1,50.9,-14.2,0.0,0.0,1.0,2.0,-0.21,1,0,0,0,0,0,0,0,0,0,0,0,0,0,0
LNR-0179,DATA-201,3,3,0,1.0,2,38.8,15.0,1,2,36.0,-14.9,0.0,0.0,0.0,2.0,-0.29,1,1,0,0,0,0,0,0,0,0,0,0,0,0,1
LNR-0179,DATA-201,4,3,0,0.0,0,14.4,2.0,1,0,47.4,11.4,0.0,0.0,0.0,1.5,-0.06,1,0,0,0,0,0,0,0,0,0,0,0,0,0,0
LNR-0179,DATA-201,5,4,0,0.0,3,41.4,3.0,0,0,69.9,-0.3,1.0,0.0,0.0,4.0,0.44,1,0,0,0,0,0,0,1,1,0,0,0,1,1,4
LNR-0180,DATA-201,1,3,2,0.6667,11,144.6,22.0,0,1,92.7,4.8,0.0,1.0,0.0,4.0,0.25,0,0,0,0,0,0,0,0,0,1,1,1,0,0,3
LNR-0180,DATA-201,2,3,2,0.6667,4,201.6,26.0,1,1,69.9,-0.3,1.0,0.0,1.0,4.0,0.36,0,0,0,0,0,0,0,1,1,0,0,0,0,0,2
LNR-0180,DATA-201,3,4,3,0.75,5,103.1,17.0,1,1,85.3,4.2,0.0,2.0,0.0,4.0,0.16,0,0,0,0,0,0,0,0,0,0,0,0,0,0,0
LNR-0180,DATA-201,4,2,1,0.5,11,200.5,24.0,2,1,100.0,14.7,2.0,1.0,0.0,4.0,0.44,0,0,0,0,0,0,0,0,0,0,0,0,1,1,2
LNR-0180,DATA-201,5,2,1,0.5,6,168.3,26.0,1,2,87.4,-12.6,0.0,0.0,0.0,3.5,0.0,0,0,0,1,1,0,0,0,0,0,0,0,0,0,2
LNR-0181,WEB-102,1,3,3,1.0,15,179.5,35.0,2,1,62.8,0.1,1.0,2.0,1.0,4.5,0.69,0,0,0,0,0,0,0,0,0,0,0,0,0,0,0
LNR-0181,WEB-102,2,4,4,1.0,13,186.4,33.0,2,1,55.9,-6.9,1.0,0.0,0.0,4.5,0.57,0,0,0,0,0,0,0,0,0,0,0,0,0,0,0
LNR-0181,WEB-102,3,3,3,1.0,10,224.5,25.0,2,1,52.1,-3.8,3.0,0.0,0.0,5.0,0.75,0,0,0,0,0,0,0,0,0,0,0,0,0,0,0
LNR-0181,WEB-102,4,4,4,1.0,11,235.7,32.0,2,3,77.8,25.7,2.0,1.0,1.0,4.0,0.44,0,0,0,0,0,0,0,0,0,0,0,0,1,1,2
LNR-0181,WEB-102,5,3,3,1.0,12,212.2,35.0,2,2,64.8,-13.0,0.0,0.0,0.0,5.0,0.42,0,0,0,0,0,0,0,0,0,0,0,0,0,0,0
LNR-0182,WEB-102,1,2,2,1.0,8,209.3,28.0,1,1,50.7,-1.1,0.0,1.0,0.0,4.0,0.5,0,0,0,0,0,0,0,0,0,1,1,1,0,0,3
LNR-0182,WEB-102,2,4,3,0.75,9,176.7,25.0,1,1,53.4,2.7,1.0,1.0,0.0,4.0,0.5,0,0,0,0,0,0,0,0,0,0,0,0,0,0,0
LNR-0182,WEB-102,3,2,0,0.0,0,14.8,3.0,0,0,24.4,-29.0,0.0,0.0,0.0,1.0,-0.26,1,0,0,0,0,0,0,0,0,0,0,0,0,0,0
LNR-0182,WEB-102,4,3,0,0.0,3,40.4,3.0,0,0,36.0,11.6,0.0,0.0,0.0,1.0,-0.69,1,0,0,0,0,0,0,0,0,0,0,0,0,0,0
LNR-0182,WEB-102,5,4,0,1.0,2,40.5,1.0,0,0,22.4,-13.6,0.0,0.0,0.0,1.0,-0.64,1,1,0,0,0,0,0,0,0,0,0,0,0,0,1
LNR-0183,WEB-102,1,4,4,1.0,12,166.7,29.0,2,1,76.1,-5.2,1.0,1.0,1.0,5.0,0.56,0,0,0,0,0,0,0,0,0,0,0,0,0,0,0
LNR-0183,WEB-102,2,3,3,1.0,10,150.9,31.0,2,2,89.1,13.0,0.0,2.0,1.0,4.5,0.77,0,0,0,0,0,0,0,0,0,0,0,0,0,0,0
LNR-0183,WEB-102,3,2,2,1.0,10,227.1,34.0,2,2,88.6,-0.5,0.0,1.0,0.0,4.5,0.81,0,0,0,0,0,0,0,0,0,1,1,1,0,0,3
LNR-0183,WEB-102,4,4,4,1.0,10,168.0,37.0,1,2,84.9,-3.7,0.0,0.0,0.0,4.0,0.53,0,0,0,0,0,0,0,0,0,0,0,0,0,0,0
LNR-0183,WEB-102,5,3,3,1.0,15,195.2,35.0,2,1,75.9,-9.0,0.0,1.0,0.0,4.5,0.89,0,0,0,0,0,0,0,0,0,1,1,1,0,0,3
LNR-0184,AI-301,1,3,3,1.0,7,167.6,25.0,1,1,69.5,7.0,1.0,1.0,0.0,4.0,0.5,0,0,0,0,0,0,0,0,0,0,0,0,0,0,0
LNR-0184,AI-301,2,2,2,1.0,6,168.3,26.0,1,1,69.9,-0.3,1.0,1.0,0.0,4.0,0.44,0,0,0,1,1,0,0,1,1,0,0,0,1,1,6
LNR-0184,AI-301,3,3,0,0.0,0,168.3,26.0,0,0,41.3,-28.1,0.0,0.0,0.0,2.0,-0.38,1,0,0,1,1,0,0,0,0,0,0,0,0,0,2
LNR-0184,AI-301,4,4,1,0.25,1,28.1,3.0,0,0,69.9,-0.3,0.0,0.0,0.0,1.0,-0.66,1,0,0,0,0,0,0,1,1,0,0,0,0,0,2
LNR-0184,AI-301,5,4,1,0.25,0,25.2,0.0,0,0,15.6,-39.6,0.0,1.0,0.0,4.0,0.44,1,0,0,0,0,0,0,0,0,1,1,1,1,1,5
LNR-0185,AI-301,1,3,3,1.0,10,212.6,27.0,2,1,69.9,-0.3,1.0,0.0,2.0,5.0,0.63,0,0,0,0,0,0,0,1,1,0,0,0,0,0,2
LNR-0185,AI-301,2,3,3,1.0,8,262.7,28.0,2,2,73.1,-4.9,1.0,2.0,0.0,5.0,0.88,0,1,0,0,0,0,0,0,0,0,0,0,0,0,1
LNR-0185,AI-301,3,3,3,1.0,10,199.1,31.0,1,1,64.2,-8.9,0.0,1.0,0.0,4.0,0.87,0,0,0,0,0,0,0,0,0,0,0,0,0,0,0
LNR-0185,AI-301,4,3,3,1.0,13,194.8,33.0,2,1,75.2,11.0,0.0,0.0,1.0,5.0,0.47,0,0,0,0,0,0,0,0,0,0,0,0,0,0,0
LNR-0185,AI-301,5,4,3,0.75,11,192.9,33.0,2,1,83.4,8.2,0.0,1.0,1.0,4.5,0.4,0,0,0,0,0,0,0,0,0,0,0,0,0,0,0
LNR-0186,AI-301,1,3,2,1.0,9,82.9,20.0,1,2,71.5,2.3,0.0,1.0,0.0,3.5,0.3,0,1,0,0,0,0,0,0,0,0,0,0,0,0,1
LNR-0186,AI-301,2,3,2,1.0,6,167.9,15.0,1,1,69.9,-0.3,0.0,1.0,0.0,3.5,0.05,0,1,0,0,0,0,0,1,1,0,0,0,0,0,3
LNR-0186,AI-301,3,4,3,0.75,4,157.7,27.0,2,1,69.9,-0.3,0.0,0.0,0.0,4.0,0.3,0,0,0,0,0,0,0,1,1,0,0,0,0,0,2
LNR-0186,AI-301,4,4,3,0.75,6,64.5,23.0,1,1,71.4,-15.4,0.0,1.0,0.0,4.0,0.44,0,0,0,0,0,0,0,0,0,0,0,0,1,1,2
LNR-0186,AI-301,5,3,2,0.6667,7,199.8,27.0,1,1,75.4,4.0,0.0,1.0,0.0,3.5,0.14,0,0,0,0,0,0,0,0,0,1,1,1,0,0,3
LNR-0187,CS-101,1,4,4,1.0,13,196.1,36.0,2,1,69.9,-0.3,0.0,1.0,0.0,4.5,0.61,0,0,0,0,0,0,0,1,1,0,0,0,0,0,2
LNR-0187,CS-101,2,3,3,1.0,8,221.6,32.0,2,1,60.0,-8.5,0.0,1.0,0.0,5.0,0.43,0,0,0,0,0,0,0,0,0,0,0,0,0,0,0
LNR-0187,CS-101,3,3,3,1.0,15,140.3,40.0,2,1,60.6,0.6,1.0,2.0,0.0,4.5,0.57,0,0,0,0,0,0,0,0,0,0,0,0,0,0,0
LNR-0187,CS-101,4,3,3,1.0,11,220.7,30.0,2,2,56.0,-4.6,1.0,0.0,0.0,5.0,0.72,0,0,0,0,0,0,0,0,0,0,0,0,0,0,0
LNR-0187,CS-101,5,3,3,1.0,11,246.8,36.0,2,1,63.0,7.0,1.0,1.0,0.0,5.0,0.41,0,0,0,0,0,0,0,0,0,0,0,0,0,0,0
LNR-0188,DATA-201,1,3,1,0.3333,1,126.2,17.0,1,2,69.9,-0.3,3.0,0.0,0.0,1.5,-0.41,1,0,0,0,0,0,0,1,1,0,0,0,0,0,2
LNR-0188,DATA-201,2,2,0,0.0,3,72.5,9.0,0,3,54.3,-13.2,0.0,0.0,1.0,3.0,-0.04,1,0,0,0,0,0,0,0,0,0,0,0,0,0,0
LNR-0188,DATA-201,3,3,1,0.3333,3,104.0,8.0,0,0,48.7,-5.6,1.0,0.0,0.0,4.0,0.44,1,0,0,0,0,0,0,0,0,0,0,0,1,1,2
LNR-0188,DATA-201,4,3,0,0.0,0,168.3,26.0,0,1,25.0,-23.7,0.0,0.0,0.0,2.0,-0.12,1,0,0,1,1,0,0,0,0,0,0,0,0,0,2
LNR-0188,DATA-201,5,4,0,0.0,3,27.0,4.0,0,2,37.2,12.2,1.0,0.0,0.0,1.5,-0.47,1,0,0,0,0,0,0,0,0,0,0,0,0,0,0
LNR-0189,AI-301,1,4,4,1.0,12,221.7,33.0,2,3,71.8,-1.2,4.0,0.0,0.0,5.0,0.63,0,0,0,0,0,0,0,0,0,0,0,0,0,0,0
LNR-0189,AI-301,2,4,4,1.0,12,193.9,43.0,1,2,65.6,-6.2,1.0,1.0,0.0,4.5,0.82,0,0,0,0,0,0,0,0,0,0,0,0,0,0,0
LNR-0189,AI-301,3,4,4,1.0,11,185.9,32.0,2,1,75.1,9.5,0.0,2.0,1.0,4.0,0.68,0,0,0,0,0,0,0,0,0,0,0,0,0,0,0
LNR-0189,AI-301,4,4,4,1.0,15,242.7,33.0,2,2,76.5,1.4,0.0,2.0,0.0,4.0,0.42,0,0,0,0,0,0,0,0,0,0,0,0,0,0,0
LNR-0189,AI-301,5,2,2,1.0,9,135.7,32.0,2,1,74.9,-1.6,0.0,3.0,0.0,4.5,0.7,0,0,0,0,0,0,0,0,0,0,0,0,0,0,0
LNR-0190,DATA-201,1,3,1,0.3333,5,138.8,9.0,1,4,79.8,14.3,0.0,1.0,0.0,2.0,-0.18,0,0,0,0,0,0,0,0,0,0,0,0,0,0,0
LNR-0190,DATA-201,2,3,1,0.3333,6,165.8,10.0,1,2,53.9,-25.9,0.0,0.0,0.0,2.0,-0.5,1,0,0,0,0,0,0,0,0,0,0,0,0,0,0
LNR-0190,DATA-201,3,4,1,0.25,9,123.6,5.0,0,2,32.1,-21.8,0.0,0.0,1.0,2.0,-0.0,1,0,0,0,0,0,0,0,0,0,0,0,0,0,0
LNR-0190,DATA-201,4,4,0,0.0,1,168.3,26.0,0,1,45.9,13.8,0.0,0.0,0.0,3.0,-0.19,1,0,0,1,1,0,0,0,0,0,0,0,0,0,2
LNR-0190,DATA-201,5,2,0,0.0,1,10.0,1.0,0,0,27.7,-18.2,0.0,0.0,0.0,1.5,-0.12,1,0,0,0,0,0,0,0,0,0,0,0,0,0,0
LNR-0191,DATA-201,1,3,3,1.0,10,181.6,22.0,1,1,52.1,-5.6,1.0,1.0,0.0,4.0,0.44,0,0,0,0,0,0,0,0,0,0,0,0,1,1,2
LNR-0191,DATA-201,2,3,3,1.0,15,160.0,25.0,1,1,69.3,17.2,1.0,1.0,0.0,4.0,0.44,0,1,0,0,0,0,0,0,0,0,0,0,1,1,3
LNR-0191,DATA-201,3,4,1,0.25,0,26.0,3.0,0,0,45.1,-24.2,0.0,0.0,0.0,1.0,-0.54,1,0,0,0,0,0,0,0,0,0,0,0,0,0,0
LNR-0191,DATA-201,4,2,1,0.5,3,23.3,3.0,0,1,32.7,-12.4,0.0,0.0,0.0,1.0,-0.65,1,0,0,0,0,0,0,0,0,0,0,0,0,0,0
LNR-0191,DATA-201,5,2,0,0.0,1,44.1,0.0,0,0,66.1,33.4,0.0,0.0,0.0,4.0,0.44,1,0,0,0,0,0,0,0,0,0,0,0,1,1,2
LNR-0192,AI-301,1,3,3,1.0,12,201.4,25.0,1,2,98.0,0.0,0.0,1.0,0.0,4.0,0.44,0,0,0,0,0,0,0,0,0,0,0,0,1,1,2
LNR-0192,AI-301,2,3,3,1.0,8,172.7,38.0,1,1,69.9,-0.3,3.0,1.0,0.0,4.0,0.44,0,0,0,0,0,0,0,1,1,0,0,0,1,1,4
LNR-0192,AI-301,3,3,3,1.0,11,191.8,33.0,2,1,95.1,-4.9,0.0,0.0,1.0,4.0,0.44,0,0,0,0,0,0,0,0,0,0,0,0,1,1,2
LNR-0192,AI-301,4,2,2,1.0,9,214.8,44.0,2,1,92.6,-2.5,0.0,3.0,0.0,5.0,0.63,0,0,0,0,0,0,0,0,0,0,0,0,0,0,0
LNR-0192,AI-301,5,3,3,1.0,8,246.0,41.0,1,1,69.9,-0.3,1.0,2.0,1.0,4.0,0.44,0,0,0,0,0,0,0,1,1,0,0,0,1,1,4
LNR-0193,WEB-102,1,4,3,0.75,5,108.3,17.0,1,1,86.6,0.3,1.0,0.0,0.0,4.0,0.26,0,0,0,0,0,0,0,0,0,0,0,0,0,0,0
LNR-0193,WEB-102,2,4,3,0.75,6,168.3,26.0,1,2,100.0,13.4,1.0,0.0,0.0,3.5,0.42,0,0,0,1,1,0,0,0,0,0,0,0,0,0,2
LNR-0193,WEB-102,3,3,2,0.6667,3,156.5,20.0,1,1,80.6,-19.4,0.0,1.0,1.0,4.0,0.44,0,0,0,0,0,0,0,0,0,0,0,0,1,1,2
LNR-0193,WEB-102,4,2,1,0.5,8,109.3,31.0,2,1,93.7,13.1,0.0,1.0,0.0,4.0,0.49,0,0,0,0,0,0,0,0,0,1,1,1,0,0,3
LNR-0193,WEB-102,5,3,2,1.0,9,168.7,17.0,2,1,84.6,-9.1,1.0,0.0,0.0,4.0,0.04,0,1,0,0,0,0,0,0,0,0,0,0,0,0,1
LNR-0194,DATA-201,1,3,1,0.3333,7,119.5,14.0,0,3,47.7,1.3,0.0,1.0,0.0,2.0,0.0,1,0,0,0,0,0,0,0,0,0,0,0,0,0,0
LNR-0194,DATA-201,2,2,0,0.0,9,166.1,11.0,1,2,60.3,12.6,1.0,0.0,0.0,4.0,0.44,1,0,0,0,0,0,0,0,0,0,0,0,1,1,2
LNR-0194,DATA-201,3,4,1,0.25,6,91.8,11.0,0,2,56.6,-3.7,0.0,0.0,0.0,4.0,0.44,1,0,0,0,0,0,0,0,0,0,0,0,1,1,2
LNR-0194,DATA-201,4,3,1,0.3333,0,81.4,11.0,0,1,13.0,-43.6,1.0,0.0,0.0,3.0,-0.25,1,0,0,0,0,0,0,0,0,0,0,0,0,0,0
LNR-0194,DATA-201,5,2,0,0.0,2,80.6,2.0,0,0,14.0,1.0,2.0,0.0,0.0,4.0,0.44,1,0,0,0,0,0,0,0,0,0,0,0,1,1,2
LNR-0195,AI-301,1,3,3,1.0,7,307.0,32.0,2,1,81.6,1.4,1.0,1.0,0.0,4.0,0.44,0,0,0,0,0,0,0,0,0,0,0,0,1,1,2
LNR-0195,AI-301,2,2,2,1.0,8,250.5,29.0,2,1,86.6,5.0,0.0,1.0,0.0,5.0,0.84,0,0,0,0,0,0,0,0,0,1,1,1,0,0,3
LNR-0195,AI-301,3,4,3,0.75,9,196.9,23.0,2,1,92.6,6.0,0.0,0.0,0.0,4.5,0.42,0,0,0,0,0,0,0,0,0,0,0,0,0,0,0
LNR-0195,AI-301,4,3,3,1.0,15,209.1,30.0,2,2,86.5,-6.1,2.0,0.0,0.0,4.5,0.51,0,0,0,0,0,0,0,0,0,0,0,0,0,0,0
LNR-0195,AI-301,5,3,3,1.0,17,193.5,31.0,2,1,80.8,-5.7,2.0,1.0,1.0,4.5,0.73,0,0,0,0,0,0,0,0,0,0,0,0,0,0,0
LNR-0196,DATA-201,1,3,3,1.0,6,209.2,23.0,1,1,82.7,10.3,0.0,1.0,0.0,4.0,0.5,0,0,0,0,0,0,0,0,0,1,1,1,0,0,3
LNR-0196,DATA-201,2,3,2,0.6667,7,183.5,12.0,1,1,77.7,-5.0,1.0,1.0,0.0,4.0,0.5,0,0,0,0,0,0,0,0,0,0,0,0,0,0,0
LNR-0196,DATA-201,3,3,0,0.0,1,7.2,2.0,0,0,57.2,-20.5,0.0,0.0,0.0,1.0,-0.6,1,0,0,0,0,0,0,0,0,0,0,0,0,0,0
LNR-0196,DATA-201,4,3,0,0.0,0,38.6,5.0,0,0,57.9,0.7,0.0,1.0,0.0,2.0,-0.26,1,0,0,0,0,0,0,0,0,1,1,1,0,0,3
LNR-0196,DATA-201,5,3,0,0.0,1,22.1,3.0,0,1,41.6,-16.3,0.0,0.0,0.0,1.0,-0.29,1,0,0,0,0,0,0,0,0,0,0,0,0,0,0
LNR-0197,CS-101,1,2,2,1.0,13,242.3,33.0,2,2,76.0,9.1,0.0,1.0,0.0,4.5,0.77,0,0,0,0,0,0,0,0,0,1,1,1,0,0,3
LNR-0197,CS-101,2,2,2,1.0,12,198.9,28.0,2,1,76.8,0.8,0.0,1.0,0.0,4.5,0.7,0,0,0,0,0,0,0,0,0,0,0,0,0,0,0
LNR-0197,CS-101,3,3,3,1.0,14,200.3,34.0,1,2,67.4,-9.4,0.0,3.0,0.0,4.0,0.44,0,0,0,0,0,0,0,0,0,0,0,0,1,1,2
LNR-0197,CS-101,4,3,3,1.0,8,127.6,29.0,2,3,63.7,-3.7,0.0,1.0,0.0,4.0,0.44,0,0,0,0,0,0,0,0,0,0,0,0,1,1,2
LNR-0197,CS-101,5,2,2,1.0,12,181.5,35.0,2,2,77.3,13.6,1.0,1.0,0.0,4.5,0.64,0,0,0,0,0,0,0,0,0,0,0,0,0,0,0
LNR-0198,CS-101,1,3,3,1.0,11,199.0,24.0,2,2,100.0,7.3,1.0,2.0,1.0,5.0,0.74,0,0,0,0,0,0,0,0,0,0,0,0,0,0,0
LNR-0198,CS-101,2,4,4,1.0,10,173.8,32.0,2,1,94.9,-5.1,1.0,2.0,0.0,5.0,0.89,0,0,0,0,0,0,0,0,0,0,0,0,0,0,0
LNR-0198,CS-101,3,2,2,1.0,11,195.4,29.0,2,1,100.0,5.1,1.0,2.0,0.0,4.0,0.44,0,0,0,0,0,0,0,0,0,0,0,0,1,1,2
LNR-0198,CS-101,4,3,3,1.0,10,182.0,28.0,2,1,69.9,-0.3,0.0,0.0,0.0,4.0,0.44,0,0,0,0,0,0,0,1,1,0,0,0,1,1,4
LNR-0198,CS-101,5,3,3,1.0,10,207.0,31.0,2,1,98.9,5.8,0.0,1.0,0.0,4.5,0.5,0,0,0,0,0,0,0,0,0,1,1,1,0,0,3
LNR-0199,AI-301,1,2,2,1.0,8,68.8,26.0,1,1,53.6,-8.6,0.0,1.0,1.0,3.5,0.41,0,0,0,0,0,0,0,0,0,0,0,0,0,0,0
LNR-0199,AI-301,2,3,2,0.6667,8,59.7,21.0,1,1,61.9,8.3,0.0,1.0,0.0,4.0,0.34,0,0,0,0,0,0,0,0,0,1,1,1,0,0,3
LNR-0199,AI-301,3,3,2,0.6667,7,167.8,24.0,1,1,67.9,6.0,0.0,0.0,0.0,3.5,0.46,0,0,0,0,0,0,0,0,0,0,0,0,0,0,0
LNR-0199,AI-301,4,2,1,0.5,9,202.6,34.0,1,1,58.6,-9.3,0.0,1.0,0.0,4.0,0.44,0,0,0,0,0,0,0,0,0,0,0,0,1,1,2
LNR-0199,AI-301,5,2,2,1.0,10,124.1,21.0,1,1,57.9,-0.7,0.0,1.0,0.0,3.0,0.21,0,0,0,0,0,0,0,0,0,0,0,0,0,0,0
LNR-0200,WEB-102,1,3,3,1.0,7,218.7,35.0,2,2,85.2,-6.9,1.0,0.0,0.0,5.0,0.85,0,0,0,0,0,0,0,0,0,0,0,0,0,0,0
LNR-0200,WEB-102,2,3,3,1.0,8,243.4,31.0,2,2,93.1,7.9,0.0,1.0,0.0,4.5,0.89,0,0,0,0,0,0,0,0,0,1,1,1,0,0,3
LNR-0200,WEB-102,3,4,4,1.0,10,237.6,30.0,2,2,83.3,-9.8,0.0,1.0,1.0,4.0,0.44,0,0,0,0,0,0,0,0,0,0,0,0,1,1,2
LNR-0200,WEB-102,4,4,4,1.0,16,240.9,39.0,2,2,84.3,1.0,0.0,2.0,1.0,4.0,0.44,0,0,0,0,0,0,0,0,0,0,0,0,1,1,2
LNR-0200,WEB-102,5,3,3,1.0,4,203.9,23.0,2,1,100.0,15.7,0.0,2.0,0.0,5.0,0.7,0,0,0,0,0,0,0,0,0,0,0,0,0,0,0
LNR-0201,CS-101,1,3,3,1.0,8,143.6,31.0,1,1,64.4,-3.8,1.0,1.0,0.0,4.0,0.62,0,0,0,0,0,0,0,0,0,0,0,0,0,0,0
LNR-0201,CS-101,2,3,3,1.0,16,177.1,52.0,2,3,65.9,1.5,0.0,1.0,1.0,4.5,0.41,0,0,0,0,0,0,0,0,0,0,0,0,0,0,0
LNR-0201,CS-101,3,2,2,1.0,14,222.5,39.0,2,1,69.9,-0.3,0.0,1.0,0.0,4.0,0.62,0,0,0,0,0,0,0,1,1,1,1,1,0,0,5
LNR-0201,CS-101,4,3,3,1.0,7,157.7,35.0,2,1,69.9,-0.3,1.0,0.0,0.0,5.0,0.7,0,0,0,0,0,0,0,1,1,0,0,0,0,0,2
LNR-0201,CS-101,5,3,3,1.0,9,214.4,28.0,1,1,70.2,-8.2,1.0,2.0,0.0,5.0,0.55,0,0,0,0,0,0,0,0,0,0,0,0,0,0,0
LNR-0202,DATA-201,1,3,3,1.0,13,168.3,26.0,2,2,81.5,2.4,1.0,1.0,0.0,4.5,0.78,0,0,0,1,1,0,0,0,0,0,0,0,0,0,2
LNR-0202,DATA-201,2,3,3,1.0,10,297.8,31.0,2,2,75.4,-6.1,1.0,2.0,0.0,5.0,0.74,0,0,0,0,0,0,0,0,0,0,0,0,0,0,0
LNR-0202,DATA-201,3,4,4,1.0,10,216.8,35.0,2,1,88.5,13.1,0.0,1.0,0.0,5.0,0.51,0,0,0,0,0,0,0,0,0,1,1,1,0,0,3
LNR-0202,DATA-201,4,3,3,1.0,13,223.1,25.0,1,1,72.3,-16.2,0.0,3.0,1.0,4.5,0.61,0,0,0,0,0,0,0,0,0,0,0,0,0,0,0
LNR-0202,DATA-201,5,3,3,1.0,13,197.6,32.0,1,1,86.4,14.1,0.0,2.0,2.0,4.5,0.74,0,0,0,0,0,0,0,0,0,0,0,0,0,0,0
LNR-0203,AI-301,1,3,3,1.0,8,189.8,33.0,2,1,57.3,8.3,0.0,2.0,0.0,4.0,0.44,0,0,0,0,0,0,0,0,0,0,0,0,1,1,2
LNR-0203,AI-301,2,4,4,1.0,8,214.9,31.0,2,1,69.9,-0.3,1.0,1.0,1.0,4.5,0.81,0,0,0,0,0,0,0,1,1,0,0,0,0,0,2
LNR-0203,AI-301,3,3,3,1.0,11,187.4,28.0,2,1,60.4,12.9,1.0,1.0,0.0,4.5,0.64,0,0,0,0,0,0,0,0,0,0,0,0,0,0,0
LNR-0203,AI-301,4,3,3,1.0,10,268.2,31.0,1,2,37.1,-23.3,0.0,1.0,0.0,4.0,0.44,0,0,0,0,0,0,0,0,0,0,0,0,1,1,2
LNR-0203,AI-301,5,3,3,1.0,7,263.1,40.0,2,1,60.6,23.5,1.0,1.0,2.0,4.0,0.46,0,0,0,0,0,0,0,0,0,0,0,0,0,0,0
LNR-0204,WEB-102,1,3,3,1.0,7,189.3,28.0,2,1,83.6,8.0,1.0,2.0,0.0,5.0,0.65,0,0,0,0,0,0,0,0,0,0,0,0,0,0,0
LNR-0204,WEB-102,2,3,3,1.0,11,184.4,34.0,2,1,79.4,-4.2,0.0,2.0,1.0,4.0,0.44,0,0,0,0,0,0,0,0,0,0,0,0,1,1,2
LNR-0204,WEB-102,3,3,3,1.0,11,176.2,29.0,2,2,82.5,3.1,1.0,1.0,0.0,4.0,0.44,0,0,0,0,0,0,0,0,0,0,0,0,1,1,2
LNR-0204,WEB-102,4,3,3,1.0,15,235.5,36.0,2,2,76.5,-6.0,0.0,1.0,0.0,5.0,0.84,0,0,0,0,0,0,0,0,0,0,0,0,0,0,0
LNR-0204,WEB-102,5,3,3,1.0,11,202.2,37.0,2,1,74.7,-1.8,1.0,3.0,1.0,4.0,0.44,0,0,0,0,0,0,0,0,0,0,0,0,1,1,2
LNR-0205,CS-101,1,4,4,1.0,11,199.1,33.0,1,1,40.7,1.0,1.0,1.0,1.0,4.5,0.5,0,0,0,0,0,0,0,0,0,0,0,0,0,0,0
LNR-0205,CS-101,2,4,4,1.0,11,179.9,25.0,2,2,39.1,-1.6,0.0,2.0,0.0,5.0,0.74,0,0,0,0,0,0,0,0,0,0,0,0,0,0,0
LNR-0205,CS-101,3,3,3,1.0,12,176.0,48.0,2,1,38.4,-0.7,0.0,1.0,0.0,4.0,0.44,0,0,0,0,0,0,0,0,0,0,0,0,1,1,2
LNR-0205,CS-101,4,4,4,1.0,7,265.6,24.0,1,1,40.8,2.4,0.0,0.0,0.0,4.5,0.41,0,1,0,0,0,0,0,0,0,0,0,0,0,0,1
LNR-0205,CS-101,5,3,3,1.0,15,180.3,29.0,2,1,46.3,5.5,2.0,2.0,0.0,5.0,0.71,0,0,0,0,0,0,0,0,0,0,0,0,0,0,0
LNR-0206,DATA-201,1,3,3,1.0,5,132.1,17.0,1,1,97.8,5.7,0.0,1.0,1.0,3.5,0.05,0,0,0,0,0,0,0,0,0,0,0,0,0,0,0
LNR-0206,DATA-201,2,2,1,0.5,9,207.4,20.0,1,1,98.4,0.6,0.0,1.0,0.0,3.5,0.08,0,0,0,0,0,0,0,0,0,0,0,0,0,0,0
LNR-0206,DATA-201,3,3,2,0.6667,5,103.3,16.0,0,1,69.9,-0.3,1.0,1.0,0.0,3.0,0.13,0,0,0,0,0,0,0,1,1,0,0,0,0,0,2
LNR-0206,DATA-201,4,3,2,0.6667,4,170.1,23.0,1,1,92.3,11.0,0.0,2.0,0.0,4.0,0.02,0,0,0,0,0,0,0,0,0,0,0,0,0,0,0
LNR-0206,DATA-201,5,3,2,0.6667,8,132.8,25.0,1,1,96.2,3.9,1.0,1.0,0.0,3.0,0.29,0,0,0,0,0,0,0,0,0,0,0,0,0,0,0
LNR-0207,AI-301,1,3,3,1.0,9,256.2,29.0,2,1,92.3,-0.2,0.0,1.0,0.0,4.5,0.77,0,0,0,0,0,0,0,0,0,1,1,1,0,0,3
LNR-0207,AI-301,2,2,2,1.0,18,135.6,29.0,2,1,89.9,-2.4,0.0,1.0,0.0,5.0,0.83,0,0,0,0,0,0,0,0,0,1,1,1,0,0,3
LNR-0207,AI-301,3,2,2,1.0,12,194.7,35.0,1,1,86.0,-3.9,0.0,2.0,0.0,4.0,0.44,0,0,0,0,0,0,0,0,0,0,0,0,1,1,2
LNR-0207,AI-301,4,3,3,1.0,15,141.9,40.0,2,1,88.9,2.9,1.0,2.0,1.0,4.0,0.44,0,0,0,0,0,0,0,0,0,0,0,0,1,1,2
LNR-0207,AI-301,5,3,3,1.0,9,236.7,33.0,2,2,95.8,6.9,0.0,1.0,0.0,4.0,0.44,0,0,0,0,0,0,0,0,0,1,1,1,1,1,5
LNR-0208,AI-301,1,2,2,1.0,8,163.7,17.0,1,1,81.0,-10.2,1.0,1.0,0.0,4.0,0.5,0,0,0,0,0,0,0,0,0,0,0,0,0,0,0
LNR-0208,AI-301,2,3,3,1.0,10,168.3,26.0,1,1,86.3,5.3,1.0,1.0,0.0,4.0,0.5,0,0,0,1,1,0,0,0,0,0,0,0,0,0,2
LNR-0208,AI-301,3,3,1,0.3333,2,11.0,3.0,0,0,71.7,-14.6,0.0,0.0,0.0,4.0,0.44,1,0,0,0,0,0,0,0,0,0,0,0,1,1,2
LNR-0208,AI-301,4,3,1,0.3333,1,21.9,5.0,0,0,50.3,-21.4,0.0,0.0,0.0,1.0,-0.34,1,0,0,0,0,0,0,0,0,0,0,0,0,0,0
LNR-0208,AI-301,5,4,1,0.25,3,21.6,4.0,0,0,55.2,4.9,0.0,0.0,0.0,4.0,0.44,1,0,0,0,0,0,0,0,0,0,0,0,1,1,2
LNR-0209,DATA-201,1,4,3,0.75,11,165.7,17.0,1,1,88.5,1.5,1.0,1.0,0.0,4.0,0.35,0,0,0,0,0,0,0,0,0,0,0,0,0,0,0
LNR-0209,DATA-201,2,3,2,0.6667,10,172.9,13.0,1,1,70.3,-18.2,1.0,2.0,0.0,4.0,0.44,0,0,0,0,0,0,0,0,0,0,0,0,1,1,2
LNR-0209,DATA-201,3,4,3,0.75,11,119.3,14.0,2,1,87.6,17.3,0.0,1.0,1.0,3.5,0.47,0,0,0,0,0,0,0,0,0,0,0,0,0,0,0
LNR-0209,DATA-201,4,3,2,0.6667,5,187.0,24.0,0,1,82.6,-5.0,1.0,1.0,0.0,4.0,0.44,0,0,0,0,0,0,0,0,0,0,0,0,1,1,2
LNR-0209,DATA-201,5,4,3,0.75,7,155.2,11.0,1,1,86.1,3.5,0.0,0.0,0.0,3.5,0.47,0,0,0,0,0,0,0,0,0,0,0,0,0,0,0
LNR-0210,DATA-201,1,3,3,1.0,8,166.9,31.0,2,2,64.8,-4.5,2.0,0.0,0.0,4.0,0.44,0,0,0,0,0,0,0,0,0,0,0,0,1,1,2
LNR-0210,DATA-201,2,2,2,1.0,11,203.0,34.0,1,1,68.8,4.0,3.0,3.0,0.0,4.0,0.72,0,0,0,0,0,0,0,0,0,0,0,0,0,0,0
LNR-0210,DATA-201,3,4,4,1.0,10,234.5,36.0,2,1,78.9,10.1,0.0,2.0,1.0,4.5,0.86,0,0,0,0,0,0,0,0,0,0,0,0,0,0,0
LNR-0210,DATA-201,4,4,4,1.0,11,168.3,26.0,2,1,69.9,-0.3,0.0,1.0,0.0,4.0,0.43,0,0,0,1,1,0,0,1,1,1,1,1,0,0,7
LNR-0210,DATA-201,5,2,2,1.0,13,272.1,28.0,2,2,77.9,10.8,1.0,0.0,1.0,5.0,0.71,0,0,0,0,0,0,0,0,0,0,0,0,0,0,0
LNR-0211,DATA-201,1,3,3,1.0,9,168.3,26.0,2,1,86.1,1.7,1.0,2.0,0.0,4.0,0.44,0,0,0,1,1,0,0,0,0,0,0,0,1,1,4
LNR-0211,DATA-201,2,3,3,1.0,10,215.9,35.0,2,1,79.1,-7.0,0.0,1.0,0.0,5.0,0.75,0,0,0,0,0,0,0,0,0,1,1,1,0,0,3
LNR-0211,DATA-201,3,4,4,1.0,5,168.3,26.0,1,2,100.0,20.9,0.0,1.0,0.0,4.5,0.76,0,0,0,1,1,0,0,0,0,0,0,0,0,0,2
LNR-0211,DATA-201,4,3,3,1.0,9,222.8,32.0,2,2,81.8,-18.2,0.0,1.0,0.0,5.0,0.8,0,1,0,0,0,0,0,0,0,1,1,1,0,0,4
LNR-0211,DATA-201,5,3,3,1.0,14,261.4,41.0,1,1,80.5,-1.3,1.0,1.0,0.0,5.0,0.42,0,1,0,0,0,0,0,0,0,0,0,0,0,0,1
LNR-0212,DATA-201,1,3,3,1.0,14,145.8,31.0,2,2,68.7,17.0,0.0,1.0,0.0,4.5,0.75,0,0,0,0,0,0,0,0,0,0,0,0,0,0,0
LNR-0212,DATA-201,2,3,3,1.0,11,187.9,33.0,2,2,55.5,-13.2,0.0,1.0,0.0,5.0,0.51,0,0,0,0,0,0,0,0,0,1,1,1,0,0,3
LNR-0212,DATA-201,3,4,4,1.0,16,211.0,31.0,1,1,69.9,-0.3,0.0,2.0,0.0,4.0,0.44,0,0,0,0,0,0,0,1,1,0,0,0,1,1,4
LNR-0212,DATA-201,4,3,3,1.0,8,170.5,29.0,2,1,69.9,-0.3,1.0,0.0,0.0,4.0,0.88,0,0,0,0,0,0,0,1,1,0,0,0,0,0,2
LNR-0212,DATA-201,5,3,3,1.0,11,118.4,37.0,1,1,52.1,2.5,0.0,1.0,1.0,4.5,0.75,0,0,0,0,0,0,0,0,0,0,0,0,0,0,0
LNR-0213,DATA-201,1,3,3,1.0,12,159.6,27.0,2,1,76.2,-4.0,0.0,3.0,0.0,4.0,0.87,0,0,0,0,0,0,0,0,0,0,0,0,0,0,0
LNR-0213,DATA-201,2,3,3,1.0,10,184.3,35.0,1,1,94.0,17.8,1.0,1.0,0.0,4.0,0.66,0,0,0,0,0,0,0,0,0,0,0,0,0,0,0
LNR-0213,DATA-201,3,3,3,1.0,5,277.8,31.0,2,2,85.0,-9.0,1.0,1.0,0.0,5.0,0.68,0,0,0,0,0,0,0,0,0,0,0,0,0,0,0
LNR-0213,DATA-201,4,4,4,1.0,9,219.5,30.0,2,1,80.7,-4.3,1.0,1.0,1.0,4.5,0.56,0,0,0,0,0,0,0,0,0,0,0,0,0,0,0
LNR-0213,DATA-201,5,3,3,1.0,14,303.8,34.0,2,1,84.0,3.3,2.0,2.0,1.0,4.0,0.44,0,0,0,0,0,0,0,0,0,0,0,0,1,1,2
LNR-0214,CS-101,1,3,3,1.0,12,176.1,35.0,2,1,66.4,0.7,1.0,2.0,0.0,5.0,0.46,0,0,0,0,0,0,0,0,0,0,0,0,0,0,0
LNR-0214,CS-101,2,4,4,1.0,8,264.0,33.0,2,3,61.9,-4.5,3.0,0.0,0.0,4.0,0.44,0,0,0,0,0,0,0,0,0,0,0,0,1,1,2
LNR-0214,CS-101,3,2,2,1.0,14,291.9,28.0,2,2,62.0,0.1,0.0,0.0,0.0,4.5,0.75,0,0,0,0,0,0,0,0,0,0,0,0,0,0,0
LNR-0214,CS-101,4,3,3,1.0,11,159.2,28.0,2,1,61.9,-0.1,2.0,2.0,1.0,5.0,0.77,0,0,0,0,0,0,0,0,0,0,0,0,0,0,0
LNR-0214,CS-101,5,3,3,1.0,13,195.6,29.0,2,2,64.9,3.0,2.0,1.0,0.0,4.0,0.44,0,0,0,0,0,0,0,0,0,0,0,0,1,1,2
LNR-0215,CS-101,1,3,1,0.3333,2,79.0,15.0,1,3,82.0,1.9,1.0,1.0,0.0,2.0,0.07,1,0,0,0,0,0,0,0,0,0,0,0,0,0,0
LNR-0215,CS-101,2,3,1,0.3333,6,86.8,13.0,0,1,80.0,-2.0,1.0,0.0,0.0,2.5,-0.42,1,0,0,0,0,0,0,0,0,0,0,0,0,0,0
LNR-0215,CS-101,3,3,1,0.3333,3,168.3,26.0,0,0,64.3,-15.7,0.0,1.0,0.0,2.0,-0.18,1,0,0,1,1,0,0,0,0,1,1,1,0,0,5
LNR-0215,CS-101,4,3,1,0.3333,1,108.2,5.0,0,1,53.3,-11.0,0.0,0.0,0.0,1.5,-0.1,1,0,0,0,0,0,0,0,0,0,0,0,0,0,0
LNR-0215,CS-101,5,3,0,0.0,1,25.5,4.0,0,1,56.7,3.4,0.0,0.0,0.0,3.0,-0.44,1,0,0,0,0,0,0,0,0,0,0,0,0,0,0
LNR-0216,AI-301,1,4,4,1.0,8,234.3,29.0,2,1,69.9,-0.3,0.0,1.0,0.0,4.5,0.6,0,0,0,0,0,0,0,1,1,0,0,0,0,0,2
LNR-0216,AI-301,2,3,3,1.0,16,168.3,26.0,2,1,65.6,4.7,0.0,1.0,0.0,5.0,0.52,0,0,0,1,1,0,0,0,0,1,1,1,0,0,5
LNR-0216,AI-301,3,3,3,1.0,10,194.9,37.0,1,1,54.7,-10.9,0.0,2.0,0.0,4.0,0.44,0,0,0,0,0,0,0,0,0,0,0,0,1,1,2
LNR-0216,AI-301,4,3,3,1.0,9,176.3,32.0,2,1,57.7,3.0,0.0,2.0,0.0,4.5,0.45,0,0,0,0,0,0,0,0,0,0,0,0,0,0,0
LNR-0216,AI-301,5,2,2,1.0,9,209.6,38.0,2,1,60.0,2.3,1.0,1.0,0.0,4.5,0.43,0,0,0,0,0,0,0,0,0,0,0,0,0,0,0
LNR-0217,DATA-201,1,2,2,1.0,10,153.5,31.0,1,1,84.5,5.7,0.0,0.0,1.0,4.0,0.51,0,0,0,0,0,0,0,0,0,0,0,0,0,0,0
LNR-0217,DATA-201,2,3,3,1.0,9,188.1,30.0,2,1,68.8,-15.7,0.0,1.0,0.0,4.0,0.44,0,0,0,0,0,0,0,0,0,0,0,0,1,1,2
LNR-0217,DATA-201,3,3,3,1.0,10,211.4,34.0,2,2,71.4,2.6,0.0,1.0,0.0,4.0,0.44,0,0,0,0,0,0,0,0,0,1,1,1,1,1,5
LNR-0217,DATA-201,4,3,3,1.0,12,194.8,35.0,2,1,80.4,9.0,0.0,3.0,0.0,4.0,0.44,0,0,0,0,0,0,0,0,0,0,0,0,1,1,2
LNR-0217,DATA-201,5,2,2,1.0,11,251.8,31.0,2,1,83.3,2.9,0.0,1.0,0.0,4.5,0.5,0,0,0,0,0,0,0,0,0,1,1,1,0,0,3
LNR-0218,CS-101,1,2,2,1.0,6,216.9,20.0,1,1,82.5,-9.5,1.0,1.0,0.0,4.0,0.44,0,0,0,0,0,0,0,0,0,0,0,0,1,1,2
LNR-0218,CS-101,2,4,4,1.0,10,189.7,20.0,1,1,92.3,9.8,1.0,1.0,0.0,4.0,0.5,0,0,0,0,0,0,0,0,0,0,0,0,0,0,0
LNR-0218,CS-101,3,2,0,0.0,2,40.1,1.0,0,0,54.5,-37.8,0.0,0.0,0.0,1.0,-0.61,1,0,0,0,0,0,0,0,0,0,0,0,0,0,0
LNR-0218,CS-101,4,4,0,0.0,1,40.3,4.0,0,0,59.9,5.4,0.0,0.0,0.0,1.0,-0.45,1,0,0,0,0,0,0,0,0,0,0,0,0,0,0
LNR-0218,CS-101,5,3,1,0.3333,2,46.3,3.0,0,0,78.3,18.4,0.0,0.0,0.0,1.0,-0.22,1,0,0,0,0,0,0,0,0,0,0,0,0,0,0
LNR-0219,CS-101,1,3,3,1.0,14,151.5,30.0,2,1,93.5,-0.2,2.0,2.0,1.0,4.0,0.63,0,0,0,0,0,0,0,0,0,0,0,0,0,0,0
LNR-0219,CS-101,2,3,3,1.0,11,249.8,37.0,2,1,91.2,-2.3,0.0,2.0,1.0,4.0,0.5,0,0,0,0,0,0,0,0,0,0,0,0,0,0,0
LNR-0219,CS-101,3,3,3,1.0,11,267.6,28.0,2,1,96.1,4.9,0.0,1.0,2.0,4.5,0.68,0,0,0,0,0,0,0,0,0,0,0,0,0,0,0
LNR-0219,CS-101,4,3,3,1.0,13,118.7,26.0,2,1,94.0,-2.1,1.0,0.0,0.0,5.0,0.5,0,0,0,0,0,0,0,0,0,0,0,0,0,0,0
LNR-0219,CS-101,5,4,4,1.0,11,291.8,39.0,2,1,98.1,4.1,2.0,2.0,0.0,5.0,0.75,0,0,0,0,0,0,0,0,0,0,0,0,0,0,0
LNR-0220,CS-101,1,4,2,0.5,3,128.5,12.0,1,0,65.0,8.7,0.0,1.0,0.0,1.5,-0.01,0,0,0,0,0,0,0,0,0,1,1,1,0,0,3
LNR-0220,CS-101,2,3,1,0.3333,5,55.4,18.0,1,1,73.7,8.7,0.0,0.0,0.0,4.0,0.44,1,0,0,0,0,0,0,0,0,0,0,0,1,1,2
LNR-0220,CS-101,3,4,1,0.25,5,92.9,14.0,0,2,69.9,-0.3,0.0,0.0,0.0,3.0,-0.25,1,0,0,0,0,0,0,1,1,0,0,0,0,0,2
LNR-0220,CS-101,4,3,0,0.0,3,168.3,26.0,0,1,44.8,11.5,0.0,2.0,0.0,1.5,-0.02,1,0,0,1,1,0,0,0,0,0,0,0,0,0,2
LNR-0220,CS-101,5,4,1,0.25,2,41.8,4.0,0,0,14.1,-30.7,1.0,0.0,0.0,2.0,-0.35,1,0,0,0,0,0,0,0,0,0,0,0,0,0,0
LNR-0221,AI-301,1,4,1,0.25,6,94.8,16.0,0,0,41.7,-23.0,1.0,0.0,0.0,4.0,0.44,1,0,0,0,0,0,0,0,0,0,0,0,1,1,2
LNR-0221,AI-301,2,3,1,0.3333,4,88.1,10.0,0,1,61.2,19.5,0.0,1.0,0.0,2.5,-0.17,1,0,0,0,0,0,0,0,0,1,1,1,0,0,3
LNR-0221,AI-301,3,4,1,0.25,4,73.1,12.0,0,1,56.8,-4.4,1.0,0.0,0.0,3.0,0.08,1,0,0,0,0,0,0,0,0,0,0,0,0,0,0
LNR-0221,AI-301,4,3,0,0.0,2,74.4,9.0,0,1,51.5,-5.3,0.0,0.0,0.0,1.5,-0.4,1,0,0,0,0,0,0,0,0,0,0,0,0,0,0
LNR-0221,AI-301,5,2,0,0.0,1,77.8,6.0,0,0,69.9,-0.3,0.0,0.0,0.0,2.0,-0.32,1,0,0,0,0,0,0,1,1,0,0,0,0,0,2
LNR-0222,DATA-201,1,3,3,1.0,20,194.1,42.0,2,1,80.9,11.6,1.0,2.0,0.0,4.0,0.44,0,0,0,0,0,0,0,0,0,0,0,0,1,1,2
LNR-0222,DATA-201,2,2,2,1.0,13,145.3,29.0,1,2,66.5,-14.4,0.0,1.0,0.0,4.0,0.44,0,0,0,0,0,0,0,0,0,1,1,1,1,1,5
LNR-0222,DATA-201,3,3,3,1.0,11,164.7,33.0,2,1,81.0,14.5,0.0,1.0,0.0,4.0,0.44,0,0,0,0,0,0,0,0,0,1,1,1,0,0,3
LNR-0222,DATA-201,4,3,3,1.0,12,230.4,24.0,2,2,69.9,-0.3,1.0,0.0,0.0,4.0,0.79,0,0,0,0,0,0,0,1,1,0,0,0,0,0,2
LNR-0222,DATA-201,5,3,3,1.0,11,207.8,24.0,1,1,70.8,-2.0,1.0,0.0,2.0,4.5,0.72,0,1,0,0,0,0,0,0,0,0,0,0,0,0,1
LNR-0223,CS-101,1,3,2,0.6667,9,145.9,21.0,1,1,43.5,-11.1,0.0,1.0,0.0,3.5,0.49,0,0,0,0,0,0,0,0,0,0,0,0,0,0,0
LNR-0223,CS-101,2,2,1,0.5,4,98.8,23.0,1,1,49.1,5.6,0.0,0.0,0.0,4.0,0.23,0,0,0,0,0,0,0,0,0,0,0,0,0,0,0
LNR-0223,CS-101,3,2,1,0.5,9,99.7,22.0,1,1,60.5,11.4,1.0,0.0,0.0,4.0,0.08,0,0,0,0,0,0,0,0,0,0,0,0,0,0,0
LNR-0223,CS-101,4,3,2,0.6667,5,168.3,26.0,2,2,53.6,-6.9,0.0,1.0,0.0,4.0,0.21,0,0,0,1,1,0,0,0,0,0,0,0,0,0,2
LNR-0223,CS-101,5,3,2,0.6667,3,119.0,24.0,1,1,59.5,5.9,0.0,0.0,0.0,3.0,0.45,0,0,0,0,0,0,0,0,0,0,0,0,0,0,0
LNR-0224,WEB-102,1,3,2,0.6667,14,184.6,24.0,1,1,60.7,-13.1,1.0,1.0,0.0,4.0,0.5,0,0,0,0,0,0,0,0,0,0,0,0,0,0,0
LNR-0224,WEB-102,2,4,3,0.75,8,199.5,26.0,1,1,73.4,12.7,1.0,1.0,0.0,4.0,0.5,0,0,0,0,0,0,0,0,0,0,0,0,0,0,0
LNR-0224,WEB-102,3,4,0,0.0,1,6.7,1.0,0,0,69.9,-0.3,0.0,0.0,0.0,1.0,-0.73,1,0,0,0,0,0,0,1,1,0,0,0,0,0,2
LNR-0224,WEB-102,4,3,1,0.3333,1,168.3,26.0,0,1,53.4,17.9,0.0,0.0,0.0,1.0,-0.62,1,0,0,1,1,0,0,0,0,0,0,0,0,0,2
LNR-0224,WEB-102,5,4,0,0.0,1,47.3,3.0,0,0,55.4,2.0,0.0,0.0,0.0,4.0,0.44,1,0,0,0,0,0,0,0,0,0,0,0,1,1,2
LNR-0225,DATA-201,1,2,2,1.0,9,162.3,34.0,2,1,78.5,-6.5,1.0,2.0,1.0,4.5,0.42,0,0,0,0,0,0,0,0,0,0,0,0,0,0,0
LNR-0225,DATA-201,2,3,3,1.0,7,172.6,30.0,2,1,91.3,12.8,0.0,0.0,0.0,4.0,0.78,0,0,0,0,0,0,0,0,0,0,0,0,0,0,0
LNR-0225,DATA-201,3,3,3,1.0,7,163.3,38.0,2,1,88.0,-3.3,0.0,1.0,0.0,5.0,0.46,0,0,0,0,0,0,0,0,0,1,1,1,0,0,3
LNR-0225,DATA-201,4,3,3,1.0,13,168.3,26.0,1,1,73.4,-14.6,2.0,2.0,0.0,4.5,0.84,0,0,0,1,1,0,0,0,0,0,0,0,0,0,2
LNR-0225,DATA-201,5,3,3,1.0,11,168.3,26.0,1,1,93.2,19.8,1.0,1.0,0.0,4.0,0.44,0,0,0,1,1,0,0,0,0,0,0,0,1,1,4
LNR-0226,CS-101,1,2,2,1.0,6,242.3,29.0,1,1,83.3,-3.9,0.0,1.0,0.0,4.5,0.76,0,0,0,0,0,0,0,0,0,1,1,1,0,0,3
LNR-0226,CS-101,2,3,3,1.0,9,178.9,23.0,2,3,82.7,-0.6,1.0,0.0,1.0,4.5,0.4,0,0,0,0,0,0,0,0,0,0,0,0,0,0,0
LNR-0226,CS-101,3,3,3,1.0,7,201.8,41.0,2,1,81.5,-1.2,0.0,1.0,0.0,5.0,0.5,0,0,0,0,0,0,0,0,0,1,1,1,0,0,3
LNR-0226,CS-101,4,4,4,1.0,12,218.0,32.0,2,1,69.9,-0.3,1.0,0.0,1.0,4.5,0.74,0,1,0,0,0,0,0,1,1,0,0,0,0,0,3
LNR-0226,CS-101,5,2,2,1.0,7,170.0,38.0,2,1,91.5,8.0,1.0,1.0,0.0,4.5,0.74,0,0,0,0,0,0,0,0,0,0,0,0,0,0,0
LNR-0227,CS-101,1,4,4,1.0,10,224.6,26.0,2,1,77.2,-0.4,3.0,0.0,2.0,5.0,0.66,0,0,0,0,0,0,0,0,0,0,0,0,0,0,0
LNR-0227,CS-101,2,3,3,1.0,18,269.7,36.0,2,1,90.5,13.3,0.0,1.0,0.0,4.0,0.44,0,0,0,0,0,0,0,0,0,1,1,1,1,1,5
LNR-0227,CS-101,3,3,3,1.0,15,196.4,31.0,1,1,91.3,0.8,0.0,1.0,0.0,4.0,0.44,0,0,0,0,0,0,0,0,0,1,1,1,1,1,5
LNR-0227,CS-101,4,3,3,1.0,11,167.3,37.0,2,1,73.0,-18.3,0.0,0.0,2.0,5.0,0.72,0,0,0,0,0,0,0,0,0,0,0,0,0,0,0
LNR-0227,CS-101,5,3,3,1.0,11,276.4,34.0,2,1,75.7,2.7,3.0,3.0,0.0,4.5,0.71,0,0,0,0,0,0,0,0,0,0,0,0,0,0,0
LNR-0228,CS-101,1,2,1,0.5,5,121.6,15.0,1,2,83.6,-1.7,1.0,0.0,0.0,2.0,0.08,0,0,0,0,0,0,0,0,0,0,0,0,0,0,0
LNR-0228,CS-101,2,4,1,0.25,3,128.6,16.0,0,0,70.0,-13.6,0.0,0.0,0.0,4.0,0.44,1,0,0,0,0,0,0,0,0,0,0,0,1,1,2
LNR-0228,CS-101,3,3,1,0.3333,5,110.0,14.0,1,3,73.1,3.1,0.0,0.0,0.0,2.0,-0.57,0,0,0,0,0,0,0,0,0,0,0,0,0,0,0
LNR-0228,CS-101,4,4,1,0.25,3,61.8,12.0,0,1,59.2,-13.9,1.0,1.0,0.0,4.0,0.44,1,0,0,0,0,0,0,0,0,0,0,0,1,1,2
LNR-0228,CS-101,5,2,0,0.0,2,168.3,26.0,0,0,84.5,25.3,1.0,0.0,0.0,4.0,0.44,1,0,0,1,1,0,0,0,0,0,0,0,1,1,4
LNR-0229,WEB-102,1,4,4,1.0,15,210.4,29.0,2,2,64.1,0.0,0.0,2.0,1.0,4.5,0.59,0,0,0,0,0,0,0,0,0,0,0,0,0,0,0
LNR-0229,WEB-102,2,3,3,1.0,8,163.2,30.0,2,1,71.8,7.7,0.0,1.0,0.0,4.5,0.83,0,0,0,0,0,0,0,0,0,1,1,1,0,0,3
LNR-0229,WEB-102,3,3,3,1.0,7,253.8,29.0,2,1,61.6,-10.2,0.0,1.0,1.0,4.5,0.46,0,0,0,0,0,0,0,0,0,0,0,0,0,0,0
LNR-0229,WEB-102,4,3,3,1.0,12,211.0,30.0,2,2,65.5,3.9,0.0,2.0,1.0,4.0,0.44,0,0,0,0,0,0,0,0,0,0,0,0,1,1,2
LNR-0229,WEB-102,5,4,4,1.0,11,147.7,27.0,2,2,73.2,7.7,0.0,1.0,0.0,4.5,0.8,0,0,0,0,0,0,0,0,0,0,0,0,0,0,0
LNR-0230,WEB-102,1,4,3,0.75,5,112.1,17.0,2,1,69.9,-0.3,1.0,0.0,0.0,4.0,0.44,0,0,0,0,0,0,0,1,1,0,0,0,1,1,4
LNR-0230,WEB-102,2,2,1,0.5,5,178.7,23.0,0,1,61.1,-6.6,0.0,1.0,0.0,4.0,0.05,0,0,0,0,0,0,0,0,0,0,0,0,0,0,0
LNR-0230,WEB-102,3,4,3,0.75,7,90.6,17.0,2,1,68.1,7.0,1.0,0.0,0.0,3.5,0.39,0,0,0,0,0,0,0,0,0,0,0,0,0,0,0
LNR-0230,WEB-102,4,2,1,0.5,10,87.9,20.0,2,1,60.5,-7.6,0.0,1.0,0.0,3.5,0.15,0,0,0,0,0,0,0,0,0,0,0,0,0,0,0
LNR-0230,WEB-102,5,3,2,0.6667,7,161.1,16.0,0,1,65.6,5.1,0.0,0.0,0.0,3.0,0.38,0,0,0,0,0,0,0,0,0,0,0,0,0,0,0
LNR-0231,DATA-201,1,4,1,0.25,5,131.9,19.0,0,1,69.9,-0.3,0.0,1.0,0.0,1.5,-0.32,1,0,0,0,0,0,0,1,1,1,1,1,0,0,5
LNR-0231,DATA-201,2,3,1,0.3333,4,108.9,18.0,1,1,68.1,-0.2,0.0,2.0,0.0,2.5,-0.14,0,0,0,0,0,0,0,0,0,0,0,0,0,0,0
LNR-0231,DATA-201,3,2,0,0.0,2,168.3,26.0,0,0,57.5,-10.6,0.0,0.0,0.0,4.0,0.44,1,0,0,1,1,0,0,0,0,0,0,0,1,1,4
LNR-0231,DATA-201,4,2,1,0.5,2,76.7,5.0,1,2,63.5,6.0,2.0,0.0,0.0,4.0,0.44,1,0,0,0,0,0,0,0,0,0,0,0,1,1,2
LNR-0231,DATA-201,5,2,0,0.0,1,12.6,4.0,0,0,52.0,-11.5,1.0,0.0,1.0,2.5,-0.02,1,0,0,0,0,0,0,0,0,0,0,0,0,0,0
LNR-0232,CS-101,1,3,1,0.3333,5,151.2,9.0,1,0,79.2,7.3,0.0,0.0,0.0,2.0,0.02,0,0,0,0,0,0,0,0,0,0,0,0,0,0,0
LNR-0232,CS-101,2,3,1,0.3333,7,160.8,8.0,1,0,63.7,-15.5,0.0,1.0,0.0,1.5,-0.53,0,0,0,0,0,0,0,0,0,1,1,1,0,0,3
LNR-0232,CS-101,3,3,1,0.3333,2,69.3,11.0,1,0,55.7,-8.0,3.0,1.0,0.0,2.0,-0.26,1,0,0,0,0,0,0,0,0,0,0,0,0,0,0
LNR-0232,CS-101,4,2,0,0.0,3,92.5,7.0,0,1,69.9,-0.3,0.0,0.0,0.0,4.0,0.44,1,0,0,0,0,0,0,1,1,0,0,0,1,1,4
LNR-0232,CS-101,5,2,0,0.0,1,57.3,5.0,0,0,35.4,-18.4,3.0,0.0,0.0,2.0,-0.02,1,0,0,0,0,0,0,0,0,0,0,0,0,0,0
LNR-0233,CS-101,1,4,4,1.0,8,183.4,29.0,2,3,88.3,3.9,1.0,0.0,1.0,4.0,0.44,0,0,0,0,0,0,0,0,0,0,0,0,1,1,2
LNR-0233,CS-101,2,3,3,1.0,14,163.5,31.0,2,2,81.5,-6.8,0.0,3.0,1.0,4.0,0.81,0,0,0,0,0,0,0,0,0,0,0,0,0,0,0
LNR-0233,CS-101,3,2,2,1.0,12,172.9,32.0,2,2,80.2,-1.3,0.0,0.0,2.0,4.5,0.51,0,0,0,0,0,0,0,0,0,0,0,0,0,0,0
LNR-0233,CS-101,4,4,4,1.0,14,218.9,40.0,2,1,89.8,9.6,1.0,0.0,0.0,5.0,0.87,0,0,0,0,0,0,0,0,0,0,0,0,0,0,0
LNR-0233,CS-101,5,3,3,1.0,12,231.3,38.0,1,3,85.1,-4.7,1.0,0.0,0.0,5.0,0.41,0,0,0,0,0,0,0,0,0,0,0,0,0,0,0
LNR-0234,CS-101,1,4,4,1.0,12,203.5,37.0,2,1,69.6,6.4,1.0,1.0,0.0,5.0,0.88,0,0,0,0,0,0,0,0,0,0,0,0,0,0,0
LNR-0234,CS-101,2,3,3,1.0,9,254.2,26.0,2,1,70.0,0.4,1.0,1.0,0.0,4.5,0.57,0,0,0,0,0,0,0,0,0,0,0,0,0,0,0
LNR-0234,CS-101,3,2,2,1.0,9,226.7,26.0,1,1,69.2,-0.8,1.0,1.0,0.0,4.0,0.79,0,0,0,0,0,0,0,0,0,0,0,0,0,0,0
LNR-0234,CS-101,4,3,3,1.0,10,232.3,39.0,2,3,65.2,-4.0,0.0,3.0,1.0,4.5,0.77,0,0,0,0,0,0,0,0,0,0,0,0,0,0,0
LNR-0234,CS-101,5,3,3,1.0,9,227.6,37.0,2,2,65.6,0.4,1.0,0.0,1.0,4.5,0.87,0,0,0,0,0,0,0,0,0,0,0,0,0,0,0
LNR-0235,AI-301,1,4,4,1.0,9,203.3,14.0,1,1,67.5,-4.1,1.0,1.0,0.0,4.0,0.5,0,0,0,0,0,0,0,0,0,0,0,0,0,0,0
LNR-0235,AI-301,2,3,3,1.0,9,155.0,25.0,1,1,84.4,16.9,1.0,1.0,0.0,4.0,0.5,0,0,0,0,0,0,0,0,0,0,0,0,0,0,0
LNR-0235,AI-301,3,3,1,0.3333,1,32.4,4.0,0,0,57.7,-26.7,0.0,0.0,0.0,2.0,-0.71,1,0,0,0,0,0,0,0,0,0,0,0,0,0,0
LNR-0235,AI-301,4,2,0,0.0,1,168.3,26.0,0,0,65.8,8.1,0.0,0.0,0.0,1.0,-0.46,1,0,0,1,1,0,0,0,0,0,0,0,0,0,2
LNR-0235,AI-301,5,3,0,0.0,1,18.3,3.0,0,1,52.6,-13.2,0.0,0.0,0.0,2.0,-0.72,1,0,0,0,0,0,0,0,0,0,0,0,0,0,0
LNR-0236,CS-101,1,3,3,1.0,15,166.7,37.0,2,1,74.4,12.0,0.0,1.0,0.0,4.0,0.44,0,0,0,0,0,0,0,0,0,0,0,0,1,1,2
LNR-0236,CS-101,2,4,4,1.0,12,168.3,26.0,2,2,76.1,1.7,1.0,1.0,0.0,4.5,0.51,0,1,0,1,1,0,0,0,0,0,0,0,0,0,3
LNR-0236,CS-101,3,3,3,1.0,13,195.7,25.0,2,1,66.1,-10.0,3.0,0.0,1.0,5.0,0.42,0,0,0,0,0,0,0,0,0,0,0,0,0,0,0
LNR-0236,CS-101,4,3,3,1.0,10,154.3,36.0,2,1,60.8,-5.3,1.0,0.0,0.0,4.5,0.49,0,0,0,0,0,0,0,0,0,0,0,0,0,0,0
LNR-0236,CS-101,5,2,2,1.0,9,263.6,32.0,2,2,73.7,12.9,1.0,0.0,1.0,5.0,0.76,0,0,0,0,0,0,0,0,0,0,0,0,0,0,0
LNR-0237,AI-301,1,3,3,1.0,15,165.4,37.0,2,1,80.4,0.6,1.0,0.0,0.0,4.5,0.4,0,0,0,0,0,0,0,0,0,0,0,0,0,0,0
LNR-0237,AI-301,2,4,3,0.75,8,203.4,23.0,2,2,91.0,10.6,0.0,1.0,0.0,4.5,0.74,0,0,0,0,0,0,0,0,0,0,0,0,0,0,0
LNR-0237,AI-301,3,3,3,1.0,15,271.8,37.0,2,2,83.4,-7.6,0.0,1.0,0.0,4.5,0.85,0,1,0,0,0,0,0,0,0,1,1,1,0,0,4
LNR-0237,AI-301,4,4,4,1.0,10,237.2,31.0,2,1,76.7,-6.7,1.0,4.0,1.0,4.5,0.63,0,0,0,0,0,0,0,0,0,0,0,0,0,0,0
LNR-0237,AI-301,5,2,2,1.0,11,126.1,30.0,2,1,71.0,-5.7,1.0,0.0,0.0,4.0,0.44,0,0,0,0,0,0,0,0,0,0,0,0,1,1,2
LNR-0238,WEB-102,1,3,2,0.6667,6,145.3,23.0,1,1,74.0,6.3,2.0,0.0,0.0,3.0,0.08,0,0,0,0,0,0,0,0,0,0,0,0,0,0,0
LNR-0238,WEB-102,2,3,2,0.6667,7,167.0,25.0,1,1,69.9,-0.3,1.0,1.0,0.0,3.0,0.17,0,0,0,0,0,0,0,1,1,0,0,0,0,0,2
LNR-0238,WEB-102,3,3,2,0.6667,8,151.4,28.0,2,1,59.1,-14.0,0.0,1.0,0.0,3.5,0.34,0,0,0,0,0,0,0,0,0,0,0,0,0,0,0
LNR-0238,WEB-102,4,3,3,1.0,5,101.9,17.0,2,1,72.3,13.2,0.0,1.0,0.0,3.0,0.28,0,0,0,0,0,0,0,0,0,0,0,0,0,0,0
LNR-0238,WEB-102,5,3,2,0.6667,9,136.2,22.0,1,1,74.5,2.2,0.0,0.0,0.0,3.0,0.38,0,0,0,0,0,0,0,0,0,0,0,0,0,0,0
LNR-0239,WEB-102,1,3,3,1.0,15,145.6,34.0,2,2,60.1,11.4,0.0,1.0,1.0,4.5,0.88,0,0,0,0,0,0,0,0,0,0,0,0,0,0,0
LNR-0239,WEB-102,2,3,3,1.0,13,266.4,41.0,2,1,43.0,-17.1,2.0,1.0,2.0,4.0,0.73,0,0,0,0,0,0,0,0,0,0,0,0,0,0,0
LNR-0239,WEB-102,3,3,3,1.0,4,168.3,26.0,2,2,48.6,5.6,2.0,1.0,1.0,5.0,0.74,0,0,0,1,1,0,0,0,0,0,0,0,0,0,2
LNR-0239,WEB-102,4,3,3,1.0,10,168.3,26.0,2,1,42.7,-5.9,2.0,3.0,1.0,4.0,0.44,0,0,0,1,1,0,0,0,0,0,0,0,1,1,4
LNR-0239,WEB-102,5,4,4,1.0,9,233.9,31.0,2,1,44.9,2.2,0.0,1.0,1.0,4.5,0.56,0,0,0,0,0,0,0,0,0,0,0,0,0,0,0
LNR-0240,WEB-102,1,3,3,1.0,8,274.5,35.0,1,1,81.7,-0.7,0.0,1.0,0.0,4.0,0.83,0,0,0,0,0,0,0,0,0,0,0,0,0,0,0
LNR-0240,WEB-102,2,2,2,1.0,12,259.9,30.0,2,3,90.8,9.1,0.0,1.0,0.0,5.0,0.77,0,0,0,0,0,0,0,0,0,0,0,0,0,0,0
LNR-0240,WEB-102,3,3,3,1.0,8,168.3,26.0,2,1,86.1,-4.7,1.0,1.0,0.0,5.0,0.65,0,0,0,1,1,0,0,0,0,0,0,0,0,0,2
LNR-0240,WEB-102,4,4,4,1.0,9,146.1,32.0,2,1,83.3,-2.8,0.0,0.0,0.0,4.0,0.77,0,0,0,0,0,0,0,0,0,0,0,0,0,0,0
LNR-0240,WEB-102,5,2,2,1.0,9,265.5,36.0,2,1,77.1,-6.2,3.0,3.0,0.0,5.0,0.51,0,0,0,0,0,0,0,0,0,0,0,0,0,0,0
LNR-0241,WEB-102,1,4,3,0.75,5,168.3,26.0,1,2,91.3,7.3,2.0,0.0,2.0,4.0,0.48,0,0,0,1,1,0,0,0,0,0,0,0,0,0,2
LNR-0241,WEB-102,2,3,2,0.6667,7,149.3,21.0,1,1,84.8,-6.5,2.0,1.0,0.0,4.0,0.44,0,0,0,0,0,0,0,0,0,0,0,0,1,1,2
LNR-0241,WEB-102,3,4,3,0.75,2,168.3,26.0,2,1,89.2,4.4,0.0,1.0,0.0,4.0,0.44,0,0,0,1,1,0,0,0,0,0,0,0,1,1,4
LNR-0241,WEB-102,4,2,1,0.5,7,132.7,21.0,1,1,69.0,-20.2,0.0,2.0,0.0,4.0,0.09,1,0,0,0,0,0,0,0,0,0,0,0,0,0,0
LNR-0241,WEB-102,5,3,2,0.6667,12,150.4,26.0,1,1,81.0,12.0,1.0,3.0,0.0,3.5,0.13,0,0,0,0,0,0,0,0,0,0,0,0,0,0,0
LNR-0242,WEB-102,1,2,2,1.0,9,157.5,29.0,2,1,88.8,9.5,0.0,1.0,0.0,4.5,0.69,0,0,0,0,0,0,0,0,0,1,1,1,0,0,3
LNR-0242,WEB-102,2,3,3,1.0,13,185.4,34.0,2,1,83.6,-5.2,0.0,0.0,0.0,5.0,0.58,0,0,0,0,0,0,0,0,0,0,0,0,0,0,0
LNR-0242,WEB-102,3,4,4,1.0,10,233.5,30.0,2,1,85.8,2.2,1.0,3.0,1.0,5.0,0.63,0,0,0,0,0,0,0,0,0,0,0,0,0,0,0
LNR-0242,WEB-102,4,3,3,1.0,16,241.3,29.0,2,1,90.0,4.2,0.0,1.0,2.0,4.0,0.44,0,0,0,0,0,0,0,0,0,0,0,0,1,1,2
LNR-0242,WEB-102,5,3,3,1.0,8,165.1,34.0,2,1,69.9,-0.3,0.0,1.0,1.0,5.0,0.87,0,0,0,0,0,0,0,1,1,0,0,0,0,0,2
LNR-0243,WEB-102,1,3,1,0.3333,2,107.3,14.0,1,2,89.9,12.7,0.0,0.0,0.0,1.5,-0.52,0,0,0,0,0,0,0,0,0,0,0,0,0,0,0
LNR-0243,WEB-102,2,3,1,0.3333,7,68.9,17.0,0,4,64.3,-25.6,0.0,1.0,0.0,4.0,0.44,1,0,0,0,0,0,0,0,0,1,1,1,1,1,5
LNR-0243,WEB-102,3,2,1,0.5,2,50.9,8.0,0,0,65.3,1.0,0.0,1.0,0.0,4.0,0.44,1,0,0,0,0,0,0,0,0,1,1,1,1,1,5
LNR-0243,WEB-102,4,4,0,0.0,2,37.8,4.0,0,0,65.4,0.1,1.0,0.0,1.0,2.0,-0.2,1,0,0,0,0,0,0,0,0,0,0,0,0,0,0
LNR-0243,WEB-102,5,4,1,0.25,2,32.3,5.0,0,0,43.5,-21.9,1.0,0.0,0.0,2.0,-0.37,1,0,0,0,0,0,0,0,0,0,0,0,0,0,0
LNR-0244,WEB-102,1,2,1,0.5,7,141.6,11.0,1,1,59.3,-15.4,0.0,1.0,0.0,3.0,-0.49,0,0,0,0,0,0,0,0,0,0,0,0,0,0,0
LNR-0244,WEB-102,2,3,1,0.3333,4,80.4,17.0,1,1,59.1,-0.2,0.0,0.0,0.0,2.5,-0.38,0,0,0,0,0,0,0,0,0,0,0,0,0,0,0
LNR-0244,WEB-102,3,3,0,0.0,2,103.3,14.0,0,2,58.8,-0.3,1.0,0.0,0.0,4.0,0.44,1,0,0,0,0,0,0,0,0,0,0,0,1,1,2
LNR-0244,WEB-102,4,2,0,0.0,1,49.1,9.0,1,1,48.5,-10.3,0.0,0.0,0.0,4.0,0.44,1,0,0,0,0,0,0,0,0,0,0,0,1,1,2
LNR-0244,WEB-102,5,4,0,0.0,2,35.2,1.0,0,1,49.9,1.4,0.0,2.0,0.0,2.0,-0.34,1,0,0,0,0,0,0,0,0,0,0,0,0,0,0
LNR-0245,DATA-201,1,3,3,1.0,11,288.0,32.0,2,2,52.7,0.1,0.0,1.0,0.0,4.5,0.45,0,1,0,0,0,0,0,0,0,0,0,0,0,0,1
LNR-0245,DATA-201,2,4,3,0.75,10,164.4,28.0,2,2,52.6,-0.1,3.0,2.0,0.0,4.5,0.46,0,0,0,0,0,0,0,0,0,0,0,0,0,0,0
LNR-0245,DATA-201,3,3,3,1.0,11,245.6,37.0,2,1,58.0,5.4,1.0,1.0,0.0,4.5,0.73,0,0,0,0,0,0,0,0,0,0,0,0,0,0,0
LNR-0245,DATA-201,4,2,2,1.0,21,218.2,29.0,1,1,69.9,-0.3,2.0,4.0,0.0,4.0,0.71,0,0,0,0,0,0,0,1,1,0,0,0,0,0,2
LNR-0245,DATA-201,5,4,4,1.0,4,168.3,26.0,2,1,58.6,8.9,1.0,2.0,1.0,4.5,0.73,0,0,0,1,1,0,0,0,0,0,0,0,0,0,2
LNR-0246,DATA-201,1,3,3,1.0,10,168.3,26.0,1,1,75.7,14.1,0.0,0.0,0.0,5.0,0.42,0,1,0,1,1,0,0,0,0,0,0,0,0,0,3
LNR-0246,DATA-201,2,3,3,1.0,14,195.5,31.0,2,2,60.6,-15.1,0.0,4.0,0.0,4.0,0.46,0,0,0,0,0,0,0,0,0,0,0,0,0,0,0
LNR-0246,DATA-201,3,3,3,1.0,6,207.9,30.0,2,2,59.9,-0.7,1.0,1.0,0.0,4.0,0.44,0,0,0,0,0,0,0,0,0,0,0,0,1,1,2
LNR-0246,DATA-201,4,3,3,1.0,8,199.4,24.0,1,3,62.5,2.6,0.0,2.0,1.0,4.0,0.44,0,1,0,0,0,0,0,0,0,0,0,0,1,1,3
LNR-0246,DATA-201,5,3,3,1.0,15,233.4,37.0,2,1,59.6,-2.9,0.0,1.0,1.0,4.5,0.76,0,0,0,0,0,0,0,0,0,0,0,0,0,0,0
LNR-0247,AI-301,1,3,2,0.6667,4,143.5,16.0,1,1,63.6,4.1,0.0,1.0,0.0,2.5,0.03,0,0,0,0,0,0,0,0,0,1,1,1,0,0,3
LNR-0247,AI-301,2,3,1,0.3333,5,99.6,9.0,1,0,45.5,-18.1,0.0,0.0,0.0,2.0,-0.44,1,0,0,0,0,0,0,0,0,0,0,0,0,0,0
LNR-0247,AI-301,3,3,1,0.3333,2,109.6,7.0,1,0,50.8,5.3,0.0,0.0,0.0,1.5,-0.17,1,0,0,0,0,0,0,0,0,0,0,0,0,0,0
LNR-0247,AI-301,4,3,1,0.3333,3,40.6,5.0,0,0,43.8,-7.0,0.0,0.0,1.0,1.5,-0.56,1,0,0,0,0,0,0,0,0,0,0,0,0,0,0
LNR-0247,AI-301,5,2,0,0.0,0,96.6,3.0,0,0,31.9,-11.9,0.0,1.0,0.0,2.5,-0.43,1,0,0,0,0,0,0,0,0,1,1,1,0,0,3
LNR-0248,DATA-201,1,2,2,1.0,12,133.1,18.0,1,1,63.3,6.9,0.0,1.0,0.0,3.5,0.3,0,1,0,0,0,0,0,0,0,0,0,0,0,0,1
LNR-0248,DATA-201,2,2,2,1.0,13,175.0,23.0,0,1,58.5,-4.8,1.0,1.0,0.0,3.0,0.05,0,0,0,0,0,0,0,0,0,0,0,0,0,0,0
LNR-0248,DATA-201,3,2,1,0.5,6,160.1,17.0,1,1,58.5,0.0,0.0,3.0,0.0,3.5,0.25,0,0,0,0,0,0,0,0,0,0,0,0,0,0,0
LNR-0248,DATA-201,4,3,2,1.0,9,206.5,25.0,2,1,53.0,-5.5,0.0,0.0,0.0,4.0,0.11,0,1,0,0,0,0,0,0,0,0,0,0,0,0,1
LNR-0248,DATA-201,5,4,3,0.75,12,111.5,20.0,1,1,58.3,5.3,1.0,0.0,0.0,3.5,0.31,0,0,0,0,0,0,0,0,0,0,0,0,0,0,0
LNR-0249,CS-101,1,3,3,1.0,9,147.5,38.0,2,1,77.9,-3.1,0.0,3.0,1.0,4.0,0.44,0,0,0,0,0,0,0,0,0,0,0,0,1,1,2
LNR-0249,CS-101,2,3,3,1.0,10,174.7,32.0,2,1,85.7,7.8,1.0,1.0,1.0,4.5,0.44,0,0,0,0,0,0,0,0,0,0,0,0,0,0,0
LNR-0249,CS-101,3,4,4,1.0,8,181.4,36.0,2,1,84.0,-1.7,1.0,1.0,0.0,4.5,0.76,0,1,0,0,0,0,0,0,0,0,0,0,0,0,1
LNR-0249,CS-101,4,3,3,1.0,11,231.8,31.0,1,1,90.2,6.2,2.0,1.0,2.0,4.0,0.5,0,0,0,0,0,0,0,0,0,0,0,0,0,0,0
LNR-0249,CS-101,5,3,3,1.0,9,156.0,32.0,2,1,81.1,-9.1,0.0,0.0,1.0,5.0,0.78,0,0,0,0,0,0,0,0,0,0,0,0,0,0,0
LNR-0250,DATA-201,1,3,3,1.0,12,191.9,28.0,2,2,36.8,1.8,2.0,0.0,1.0,5.0,0.59,0,0,0,0,0,0,0,0,0,0,0,0,0,0,0
LNR-0250,DATA-201,2,3,3,1.0,10,258.5,39.0,2,3,29.9,-6.9,0.0,1.0,0.0,4.0,0.44,0,0,0,0,0,0,0,0,0,0,0,0,1,1,2
LNR-0250,DATA-201,3,2,2,1.0,11,137.7,36.0,1,2,69.9,-0.3,1.0,1.0,2.0,4.0,0.44,0,0,0,0,0,0,0,1,1,0,0,0,0,0,2
LNR-0250,DATA-201,4,3,3,1.0,12,186.5,39.0,2,3,29.1,-6.3,1.0,1.0,0.0,4.0,0.44,0,0,0,0,0,0,0,0,0,0,0,0,1,1,2
LNR-0250,DATA-201,5,3,3,1.0,14,193.0,31.0,2,3,69.9,-0.3,0.0,1.0,0.0,4.5,0.69,0,0,0,0,0,0,0,1,1,0,0,0,0,0,2
LNR-0251,DATA-201,1,3,3,1.0,8,168.3,26.0,2,2,68.5,6.0,0.0,1.0,0.0,4.5,0.5,0,1,0,1,1,0,0,0,0,0,0,0,0,0,3
LNR-0251,DATA-201,2,4,4,1.0,16,237.0,35.0,2,1,58.5,-10.0,0.0,5.0,0.0,5.0,0.84,0,0,0,0,0,0,0,0,0,0,0,0,0,0,0
LNR-0251,DATA-201,3,3,3,1.0,13,214.4,26.0,2,2,65.2,6.7,1.0,0.0,0.0,4.5,0.55,0,0,0,0,0,0,0,0,0,0,0,0,0,0,0
LNR-0251,DATA-201,4,3,3,1.0,11,186.6,36.0,1,1,58.1,-7.1,0.0,2.0,0.0,4.5,0.69,0,0,0,0,0,0,0,0,0,0,0,0,0,0,0
LNR-0251,DATA-201,5,3,3,1.0,8,266.8,23.0,2,2,80.8,22.7,1.0,0.0,0.0,4.5,0.57,0,0,0,0,0,0,0,0,0,0,0,0,0,0,0
LNR-0252,WEB-102,1,3,1,0.3333,5,119.3,27.0,1,2,57.5,3.2,0.0,0.0,0.0,1.5,-0.52,1,0,0,0,0,0,0,0,0,0,0,0,0,0,0
LNR-0252,WEB-102,2,3,1,0.3333,4,168.3,26.0,1,3,48.3,-9.2,0.0,0.0,0.0,1.5,-0.14,1,0,0,1,1,0,0,0,0,0,0,0,0,0,2
LNR-0252,WEB-102,3,3,1,0.3333,4,44.0,6.0,1,1,37.9,-10.4,1.0,0.0,1.0,2.0,-0.1,1,0,0,0,0,0,0,0,0,0,0,0,0,0,0
LNR-0252,WEB-102,4,4,1,0.25,6,61.1,5.0,0,2,45.1,7.2,0.0,0.0,0.0,4.0,0.44,1,0,0,0,0,0,0,0,0,0,0,0,1,1,2
LNR-0252,WEB-102,5,3,0,0.0,3,58.8,7.0,0,0,30.4,-14.7,0.0,0.0,0.0,2.5,-0.38,1,0,0,0,0,0,0,0,0,0,0,0,0,0,0
LNR-0253,AI-301,1,3,2,0.6667,5,228.2,15.0,1,1,84.6,3.4,0.0,0.0,1.0,3.5,0.16,0,0,0,0,0,0,0,0,0,0,0,0,0,0,0
LNR-0253,AI-301,2,2,2,1.0,9,136.7,23.0,1,1,87.9,3.3,1.0,0.0,1.0,4.0,0.44,0,1,0,0,0,0,0,0,0,0,0,0,1,1,3
LNR-0253,AI-301,3,3,2,0.6667,5,146.3,24.0,2,1,73.7,-14.2,1.0,1.0,0.0,3.5,0.39,0,0,0,0,0,0,0,0,0,0,0,0,0,0,0
LNR-0253,AI-301,4,3,2,0.6667,10,168.3,26.0,1,1,74.8,1.1,0.0,0.0,0.0,3.5,0.07,0,0,0,1,1,0,0,0,0,0,0,0,0,0,2
LNR-0253,AI-301,5,3,3,1.0,3,108.8,21.0,1,1,79.7,4.9,0.0,0.0,0.0,3.0,0.16,0,1,0,0,0,0,0,0,0,0,0,0,0,0,1
LNR-0254,AI-301,1,2,2,1.0,7,254.2,25.0,1,1,69.9,-0.3,1.0,1.0,0.0,4.0,0.5,0,0,0,0,0,0,0,1,1,0,0,0,0,0,2
LNR-0254,AI-301,2,4,3,0.75,8,153.1,22.0,1,1,89.6,-0.1,1.0,1.0,0.0,4.0,0.5,0,0,0,0,0,0,0,0,0,0,0,0,0,0,0
LNR-0254,AI-301,3,3,1,0.3333,2,39.8,3.0,0,0,61.5,-28.1,0.0,0.0,0.0,1.0,-0.69,1,0,0,0,0,0,0,0,0,0,0,0,0,0,0
LNR-0254,AI-301,4,2,0,0.0,1,42.2,4.0,0,0,65.0,3.5,0.0,0.0,0.0,4.0,0.44,1,0,0,0,0,0,0,0,0,0,0,0,1,1,2
LNR-0254,AI-301,5,4,1,0.25,0,24.9,3.0,0,1,71.4,6.4,0.0,0.0,0.0,4.0,0.44,1,0,0,0,0,0,0,0,0,0,0,0,1,1,2
LNR-0255,CS-101,1,4,4,1.0,11,190.5,45.0,1,1,69.9,-0.3,3.0,2.0,2.0,4.0,0.58,0,0,0,0,0,0,0,1,1,0,0,0,0,0,2
LNR-0255,CS-101,2,3,3,1.0,8,187.3,24.0,2,3,69.1,1.3,1.0,1.0,0.0,4.5,0.8,0,0,0,0,0,0,0,0,0,0,0,0,0,0,0
LNR-0255,CS-101,3,2,2,1.0,12,173.2,36.0,1,3,69.2,0.1,0.0,1.0,1.0,4.0,0.44,0,0,0,0,0,0,0,0,0,0,0,0,1,1,2
LNR-0255,CS-101,4,2,2,1.0,14,233.1,42.0,2,1,67.9,-1.3,1.0,0.0,0.0,5.0,0.57,0,0,0,0,0,0,0,0,0,0,0,0,0,0,0
LNR-0255,CS-101,5,3,3,1.0,12,196.7,25.0,2,1,62.0,-5.9,0.0,3.0,0.0,4.5,0.74,0,0,0,0,0,0,0,0,0,0,0,0,0,0,0
LNR-0256,AI-301,1,2,1,0.5,4,106.8,9.0,1,1,82.4,10.9,0.0,1.0,0.0,4.0,0.44,1,0,0,0,0,0,0,0,0,1,1,1,1,1,5
LNR-0256,AI-301,2,2,1,0.5,3,108.3,15.0,0,3,66.2,-16.2,0.0,1.0,0.0,1.5,-0.46,1,0,0,0,0,0,0,0,0,1,1,1,0,0,3
LNR-0256,AI-301,3,3,1,0.3333,3,168.3,26.0,0,0,38.3,-27.9,0.0,1.0,0.0,2.5,-0.14,1,0,0,1,1,0,0,0,0,1,1,1,0,0,5
LNR-0256,AI-301,4,3,0,0.0,4,51.0,9.0,1,2,44.8,6.5,1.0,1.0,0.0,2.0,-0.23,1,0,0,0,0,0,0,0,0,0,0,0,0,0,0
LNR-0256,AI-301,5,3,0,0.0,0,29.0,7.0,0,0,42.5,-2.3,0.0,1.0,0.0,1.5,-0.41,1,0,0,0,0,0,0,0,0,0,0,0,0,0,0
LNR-0257,CS-101,1,2,2,1.0,9,236.9,28.0,2,2,48.7,-4.0,0.0,0.0,1.0,4.0,0.44,0,0,0,0,0,0,0,0,0,0,0,0,1,1,2
LNR-0257,CS-101,2,3,3,1.0,12,168.3,26.0,2,2,49.2,0.5,0.0,2.0,0.0,5.0,0.75,0,0,0,1,1,0,0,0,0,0,0,0,0,0,2
LNR-0257,CS-101,3,3,3,1.0,13,174.3,28.0,2,2,57.2,8.0,1.0,1.0,1.0,4.0,0.77,0,0,0,0,0,0,0,0,0,0,0,0,0,0,0
LNR-0257,CS-101,4,3,3,1.0,16,213.3,40.0,2,1,42.4,-14.8,1.0,0.0,0.0,4.5,0.68,0,0,0,0,0,0,0,0,0,0,0,0,0,0,0
LNR-0257,CS-101,5,3,3,1.0,9,217.6,34.0,2,3,51.3,8.9,0.0,1.0,1.0,4.5,0.72,0,0,0,0,0,0,0,0,0,0,0,0,0,0,0
LNR-0258,DATA-201,1,3,3,1.0,7,133.6,26.0,1,2,96.6,-1.4,1.0,1.0,1.0,4.5,0.5,0,0,0,0,0,0,0,0,0,0,0,0,0,0,0
LNR-0258,DATA-201,2,3,3,1.0,13,283.7,44.0,2,2,100.0,3.4,1.0,1.0,0.0,5.0,0.87,0,0,0,0,0,0,0,0,0,0,0,0,0,0,0
LNR-0258,DATA-201,3,4,3,0.75,9,168.4,27.0,2,2,99.4,-0.6,4.0,1.0,0.0,5.0,0.57,0,0,0,0,0,0,0,0,0,0,0,0,0,0,0
LNR-0258,DATA-201,4,3,3,1.0,12,255.6,34.0,2,1,100.0,0.6,1.0,2.0,0.0,5.0,0.4,0,0,0,0,0,0,0,0,0,0,0,0,0,0,0
LNR-0258,DATA-201,5,2,2,1.0,8,163.6,27.0,2,1,95.1,-4.9,0.0,0.0,1.0,4.5,0.9,0,0,0,0,0,0,0,0,0,0,0,0,0,0,0
LNR-0259,CS-101,1,3,3,1.0,9,192.2,28.0,1,1,69.9,-0.3,0.0,2.0,0.0,5.0,0.42,0,0,0,0,0,0,0,1,1,0,0,0,0,0,2
LNR-0259,CS-101,2,3,3,1.0,8,169.6,28.0,1,2,85.0,-11.3,0.0,1.0,0.0,4.0,0.44,0,0,0,0,0,0,0,0,0,0,0,0,1,1,2
LNR-0259,CS-101,3,4,4,1.0,14,280.3,28.0,2,2,85.8,0.8,0.0,1.0,0.0,4.0,0.42,0,0,0,0,0,0,0,0,0,1,1,1,0,0,3
LNR-0259,CS-101,4,2,2,1.0,8,193.7,32.0,2,1,90.8,5.0,0.0,1.0,0.0,4.5,0.55,0,0,0,0,0,0,0,0,0,1,1,1,0,0,3
LNR-0259,CS-101,5,3,3,1.0,12,251.4,32.0,2,1,98.6,7.8,0.0,1.0,1.0,4.5,0.79,0,0,0,0,0,0,0,0,0,0,0,0,0,0,0
LNR-0260,AI-301,1,2,1,0.5,12,120.7,28.0,1,2,89.9,7.2,0.0,1.0,0.0,4.0,0.44,0,0,0,0,0,0,0,0,0,0,0,0,1,1,2
LNR-0260,AI-301,2,3,3,1.0,5,189.4,19.0,1,2,62.2,-27.7,0.0,1.0,0.0,3.5,0.21,0,0,0,0,0,0,0,0,0,1,1,1,0,0,3
LNR-0260,AI-301,3,2,1,0.5,8,104.7,24.0,1,1,86.2,24.0,2.0,0.0,0.0,4.0,0.44,0,0,0,0,0,0,0,0,0,0,0,0,1,1,2
LNR-0260,AI-301,4,2,1,0.5,8,109.1,19.0,2,1,74.1,-12.1,1.0,0.0,0.0,4.0,0.27,0,0,0,0,0,0,0,0,0,0,0,0,0,0,0
LNR-0260,AI-301,5,4,3,0.75,6,147.9,22.0,0,2,91.8,17.7,2.0,1.0,0.0,3.0,0.37,0,0,0,0,0,0,0,0,0,0,0,0,0,0,0
LNR-0261,CS-101,1,3,3,1.0,5,237.0,34.0,1,2,82.9,6.5,2.0,1.0,0.0,5.0,0.68,0,0,0,0,0,0,0,0,0,0,0,0,0,0,0
LNR-0261,CS-101,2,4,4,1.0,13,205.1,33.0,2,3,80.3,-2.6,0.0,1.0,0.0,4.5,0.87,0,0,0,0,0,0,0,0,0,0,0,0,0,0,0
LNR-0261,CS-101,3,4,4,1.0,12,131.9,38.0,2,1,81.3,1.0,0.0,3.0,1.0,5.0,0.81,0,0,0,0,0,0,0,0,0,0,0,0,0,0,0
LNR-0261,CS-101,4,2,2,1.0,12,236.9,31.0,2,1,78.3,-3.0,0.0,2.0,0.0,4.5,0.45,0,0,0,0,0,0,0,0,0,0,0,0,0,0,0
LNR-0261,CS-101,5,2,2,1.0,4,199.7,42.0,2,1,72.5,-5.8,1.0,1.0,0.0,4.0,0.44,0,0,0,0,0,0,0,0,0,0,0,0,1,1,2
LNR-0262,DATA-201,1,3,1,0.3333,5,160.1,18.0,1,1,71.1,-3.8,0.0,0.0,0.0,2.0,-0.26,0,0,0,0,0,0,0,0,0,0,0,0,0,0,0
LNR-0262,DATA-201,2,4,1,0.25,3,135.3,19.0,1,1,78.0,6.9,0.0,0.0,0.0,2.0,0.04,1,0,0,0,0,0,0,0,0,0,0,0,0,0,0
LNR-0262,DATA-201,3,3,1,0.3333,0,51.3,9.0,1,1,63.5,-14.5,0.0,1.0,0.0,1.5,-0.08,1,0,0,0,0,0,0,0,0,0,0,0,0,0,0
LNR-0262,DATA-201,4,3,0,0.0,1,149.6,6.0,1,0,50.2,-13.3,0.0,0.0,0.0,3.0,-0.32,0,0,0,0,0,0,0,0,0,0,0,0,0,0,0
LNR-0262,DATA-201,5,2,0,0.0,1,57.7,4.0,0,0,34.0,-16.2,1.0,0.0,0.0,3.0,-0.16,1,0,0,0,0,0,0,0,0,0,0,0,0,0,0
LNR-0263,DATA-201,1,3,3,1.0,14,168.3,26.0,2,1,63.6,9.1,0.0,0.0,2.0,4.0,0.74,0,0,0,1,1,0,0,0,0,0,0,0,0,0,2
LNR-0263,DATA-201,2,2,2,1.0,7,217.4,30.0,2,1,51.8,-11.8,2.0,1.0,2.0,5.0,0.44,0,0,0,0,0,0,0,0,0,0,0,0,0,0,0
LNR-0263,DATA-201,3,3,3,1.0,7,114.0,32.0,2,1,69.9,-0.3,1.0,1.0,1.0,4.5,0.7,0,0,0,0,0,0,0,1,1,0,0,0,0,0,2
LNR-0263,DATA-201,4,3,3,1.0,9,132.0,29.0,2,1,52.1,-8.4,0.0,1.0,0.0,4.0,0.56,0,1,0,0,0,0,0,0,0,0,0,0,0,0,1
LNR-0263,DATA-201,5,4,4,1.0,10,234.4,32.0,2,3,50.8,-1.3,0.0,2.0,0.0,5.0,0.69,0,0,0,0,0,0,0,0,0,0,0,0,0,0,0
LNR-0264,CS-101,1,3,1,0.3333,6,168.3,26.0,0,0,24.0,-34.5,1.0,0.0,0.0,2.5,-0.58,1,0,0,1,1,0,0,0,0,0,0,0,0,0,2
LNR-0264,CS-101,2,3,1,0.3333,6,120.8,13.0,0,2,57.6,33.6,1.0,0.0,0.0,2.0,-0.41,1,0,0,0,0,0,0,0,0,0,0,0,0,0,0
LNR-0264,CS-101,3,3,1,0.3333,4,92.1,7.0,0,2,37.3,-20.3,0.0,0.0,0.0,2.0,-0.27,1,0,0,0,0,0,0,0,0,0,0,0,0,0,0
LNR-0264,CS-101,4,2,0,0.0,1,101.6,11.0,0,0,35.0,-2.3,0.0,1.0,0.0,1.5,-0.51,1,0,0,0,0,0,0,0,0,1,1,1,0,0,3
LNR-0264,CS-101,5,3,0,0.0,1,57.7,4.0,0,0,35.9,0.9,0.0,0.0,0.0,4.0,0.44,1,0,0,0,0,0,0,0,0,0,0,0,1,1,2
LNR-0265,CS-101,1,3,2,0.6667,13,105.5,22.0,1,1,68.1,11.0,0.0,0.0,0.0,4.0,0.44,0,0,0,0,0,0,0,0,0,0,0,0,1,1,2
LNR-0265,CS-101,2,2,1,0.5,11,168.3,26.0,1,1,64.5,-3.6,1.0,1.0,0.0,4.0,0.44,0,0,0,1,1,0,0,0,0,0,0,0,1,1,4
LNR-0265,CS-101,3,3,2,0.6667,8,57.9,22.0,1,1,59.0,-5.5,1.0,1.0,0.0,4.0,0.43,0,0,0,0,0,0,0,0,0,0,0,0,0,0,0
LNR-0265,CS-101,4,3,2,0.6667,5,168.3,26.0,2,1,63.9,4.9,2.0,1.0,0.0,3.0,0.08,0,0,0,1,1,0,0,0,0,0,0,0,0,0,2
LNR-0265,CS-101,5,3,2,0.6667,5,97.4,25.0,1,1,48.4,-15.5,0.0,0.0,0.0,4.0,0.44,0,0,0,0,0,0,0,0,0,0,0,0,1,1,2
LNR-0266,CS-101,1,3,3,1.0,9,159.8,32.0,2,1,58.9,-5.0,0.0,1.0,1.0,5.0,0.59,0,0,0,0,0,0,0,0,0,0,0,0,0,0,0
LNR-0266,CS-101,2,2,2,1.0,12,286.2,28.0,2,1,64.0,5.1,0.0,0.0,0.0,4.5,0.65,0,0,0,0,0,0,0,0,0,0,0,0,0,0,0
LNR-0266,CS-101,3,3,3,1.0,13,201.6,31.0,2,2,64.2,0.2,0.0,1.0,1.0,4.5,0.6,0,0,0,0,0,0,0,0,0,0,0,0,0,0,0
LNR-0266,CS-101,4,3,3,1.0,9,173.5,28.0,1,1,70.2,6.0,0.0,1.0,0.0,4.0,0.44,0,1,0,0,0,0,0,0,0,1,1,1,1,1,6
LNR-0266,CS-101,5,2,2,1.0,13,210.0,31.0,2,2,60.7,-9.5,0.0,1.0,0.0,5.0,0.85,0,0,0,0,0,0,0,0,0,1,1,1,0,0,3
LNR-0267,AI-301,1,3,1,0.3333,8,143.9,14.0,1,1,61.6,-12.6,0.0,1.0,0.0,1.5,-0.35,1,0,0,0,0,0,0,0,0,1,1,1,0,0,3
LNR-0267,AI-301,2,3,1,0.3333,5,168.3,26.0,0,1,93.9,32.3,0.0,1.0,0.0,4.0,0.44,1,0,0,1,1,0,0,0,0,0,0,0,1,1,4
LNR-0267,AI-301,3,3,1,0.3333,7,66.7,7.0,0,1,65.4,-28.5,1.0,0.0,0.0,2.0,-0.53,1,0,0,0,0,0,0,0,0,0,0,0,0,0,0
LNR-0267,AI-301,4,3,1,0.3333,3,168.3,26.0,0,1,64.9,-0.5,0.0,1.0,0.0,2.5,-0.39,1,0,0,1,1,0,0,0,0,0,0,0,0,0,2
LNR-0267,AI-301,5,3,0,0.0,3,10.0,4.0,0,0,58.2,-6.7,0.0,0.0,0.0,4.0,0.44,1,0,0,0,0,0,0,0,0,0,0,0,1,1,2
LNR-0268,CS-101,1,3,3,1.0,17,212.7,31.0,1,1,72.3,-1.9,0.0,1.0,0.0,4.5,0.62,0,0,0,0,0,0,0,0,0,1,1,1,0,0,3
LNR-0268,CS-101,2,3,3,1.0,13,192.0,27.0,2,1,76.9,4.6,1.0,2.0,0.0,4.5,0.89,0,0,0,0,0,0,0,0,0,0,0,0,0,0,0
LNR-0268,CS-101,3,4,4,1.0,8,201.6,33.0,2,2,73.1,-3.8,1.0,0.0,0.0,4.0,0.45,0,0,0,0,0,0,0,0,0,0,0,0,0,0,0
LNR-0268,CS-101,4,3,3,1.0,7,207.0,34.0,2,2,81.6,8.5,0.0,1.0,0.0,4.5,0.72,0,0,0,0,0,0,0,0,0,1,1,1,0,0,3
LNR-0268,CS-101,5,3,3,1.0,7,92.7,28.0,2,1,78.2,-3.4,0.0,3.0,1.0,5.0,0.8,0,0,0,0,0,0,0,0,0,0,0,0,0,0,0
LNR-0269,DATA-201,1,3,3,1.0,12,203.5,26.0,2,1,73.0,2.9,1.0,0.0,0.0,5.0,0.76,0,0,0,0,0,0,0,0,0,0,0,0,0,0,0
LNR-0269,DATA-201,2,3,3,1.0,9,229.1,40.0,2,1,80.7,7.7,0.0,1.0,0.0,5.0,0.82,0,0,0,0,0,0,0,0,0,1,1,1,0,0,3
LNR-0269,DATA-201,3,3,3,1.0,16,264.7,28.0,2,1,77.8,-2.9,1.0,2.0,0.0,5.0,0.77,0,0,0,0,0,0,0,0,0,0,0,0,0,0,0
LNR-0269,DATA-201,4,3,3,1.0,9,185.3,34.0,2,2,78.0,0.2,0.0,1.0,0.0,5.0,0.64,0,0,0,0,0,0,0,0,0,1,1,1,0,0,3
LNR-0269,DATA-201,5,2,2,1.0,14,270.6,31.0,2,2,74.3,-3.7,0.0,1.0,0.0,4.0,0.44,0,0,0,0,0,0,0,0,0,0,0,0,1,1,2
LNR-0270,CS-101,1,3,3,1.0,9,254.0,27.0,2,2,75.8,-0.8,0.0,3.0,0.0,4.0,0.9,0,0,0,0,0,0,0,0,0,0,0,0,0,0,0
LNR-0270,CS-101,2,3,3,1.0,7,215.2,34.0,2,2,94.4,18.6,1.0,0.0,0.0,5.0,0.42,0,0,0,0,0,0,0,0,0,0,0,0,0,0,0
LNR-0270,CS-101,3,2,2,1.0,15,250.0,34.0,1,1,83.7,-10.7,0.0,1.0,0.0,4.0,0.51,0,1,0,0,0,0,0,0,0,0,0,0,0,0,1
LNR-0270,CS-101,4,3,3,1.0,9,222.2,34.0,2,1,82.3,-1.4,1.0,0.0,0.0,5.0,0.53,0,0,0,0,0,0,0,0,0,0,0,0,0,0,0
LNR-0270,CS-101,5,2,2,1.0,13,209.1,39.0,1,1,80.4,-1.9,2.0,0.0,1.0,4.5,0.9,0,0,0,0,0,0,0,0,0,0,0,0,0,0,0
LNR-0271,DATA-201,1,3,1,0.3333,6,145.6,18.0,0,3,58.7,-8.7,0.0,0.0,0.0,2.0,0.06,1,0,0,0,0,0,0,0,0,0,0,0,0,0,0
LNR-0271,DATA-201,2,3,1,0.3333,4,97.6,13.0,0,3,45.2,-13.5,1.0,0.0,0.0,4.0,0.44,1,0,0,0,0,0,0,0,0,0,0,0,1,1,2
LNR-0271,DATA-201,3,2,1,0.5,8,80.7,11.0,0,0,56.9,11.7,0.0,1.0,0.0,1.5,-0.1,1,0,0,0,0,0,0,0,0,1,1,1,0,0,3
LNR-0271,DATA-201,4,3,1,0.3333,2,32.5,5.0,0,1,45.3,-11.6,1.0,0.0,1.0,2.5,-0.11,1,0,0,0,0,0,0,0,0,0,0,0,0,0,0
LNR-0271,DATA-201,5,3,0,0.0,1,12.6,3.0,0,0,46.7,1.4,1.0,0.0,0.0,1.5,-0.14,1,0,0,0,0,0,0,0,0,0,0,0,0,0,0
LNR-0272,DATA-201,1,3,2,0.6667,9,140.8,18.0,1,1,98.6,10.4,0.0,0.0,0.0,3.0,0.09,0,0,0,0,0,0,0,0,0,0,0,0,0,0,0
LNR-0272,DATA-201,2,3,2,0.6667,9,80.3,25.0,0,1,75.5,-23.1,1.0,0.0,0.0,4.0,0.04,0,0,0,0,0,0,0,0,0,0,0,0,0,0,0
LNR-0272,DATA-201,3,4,3,0.75,4,159.2,21.0,1,2,87.4,11.9,0.0,1.0,0.0,4.0,0.41,0,0,0,0,0,0,0,0,0,0,0,0,0,0,0
LNR-0272,DATA-201,4,3,2,0.6667,4,200.3,20.0,1,1,85.7,-1.7,1.0,1.0,0.0,4.0,0.44,0,0,0,0,0,0,0,0,0,0,0,0,1,1,2
LNR-0272,DATA-201,5,2,1,0.5,6,106.3,18.0,2,1,94.3,8.6,0.0,0.0,0.0,4.0,0.01,0,0,0,0,0,0,0,0,0,0,0,0,0,0,0
LNR-0273,DATA-201,1,3,1,0.3333,2,167.3,13.0,1,3,58.5,-12.5,0.0,0.0,0.0,2.0,-0.23,0,0,0,0,0,0,0,0,0,0,0,0,0,0,0
LNR-0273,DATA-201,2,3,1,0.3333,2,134.1,10.0,0,0,60.4,1.9,0.0,1.0,0.0,2.0,-0.33,1,0,0,0,0,0,0,0,0,1,1,1,0,0,3
LNR-0273,DATA-201,3,3,1,0.3333,3,116.6,5.0,0,2,48.7,-11.7,0.0,0.0,0.0,2.0,-0.16,1,0,0,0,0,0,0,0,0,0,0,0,0,0,0
LNR-0273,DATA-201,4,3,1,0.3333,3,60.7,3.0,0,0,49.8,1.1,0.0,1.0,0.0,1.5,-0.04,1,0,0,0,0,0,0,0,0,0,0,0,0,0,0
LNR-0273,DATA-201,5,3,0,0.0,2,48.2,4.0,0,0,42.5,-7.3,0.0,1.0,0.0,2.5,-0.03,1,0,0,0,0,0,0,0,0,1,1,1,0,0,3
LNR-0274,CS-101,1,3,2,0.6667,1,127.5,20.0,1,0,66.2,5.5,0.0,0.0,0.0,2.0,-0.2,0,0,0,0,0,0,0,0,0,0,0,0,0,0,0
LNR-0274,CS-101,2,3,1,0.3333,4,39.4,10.0,1,2,58.4,-7.8,0.0,1.0,0.0,1.5,-0.07,1,0,0,0,0,0,0,0,0,0,0,0,0,0,0
LNR-0274,CS-101,3,3,1,0.3333,0,61.2,8.0,1,0,56.4,-2.0,1.0,0.0,0.0,4.0,0.44,1,0,0,0,0,0,0,0,0,0,0,0,1,1,2
LNR-0274,CS-101,4,3,1,0.3333,2,16.6,10.0,0,0,44.1,-12.3,1.0,0.0,0.0,1.5,-0.12,1,0,0,0,0,0,0,0,0,0,0,0,0,0,0
LNR-0274,CS-101,5,2,0,0.0,2,47.5,3.0,0,0,60.8,16.7,0.0,1.0,0.0,2.0,-0.09,1,0,0,0,0,0,0,0,0,0,0,0,0,0,0
LNR-0275,WEB-102,1,3,2,0.6667,13,159.6,22.0,1,1,78.8,-1.2,1.0,1.0,0.0,4.0,0.5,0,0,0,0,0,0,0,0,0,0,0,0,0,0,0
LNR-0275,WEB-102,2,3,3,1.0,6,180.9,25.0,1,1,77.5,-1.3,1.0,1.0,0.0,4.0,0.5,0,1,0,0,0,0,0,0,0,0,0,0,0,0,1
LNR-0275,WEB-102,3,3,1,0.3333,0,55.0,1.0,0,0,58.8,-18.7,0.0,0.0,0.0,2.0,-0.65,1,0,0,0,0,0,0,0,0,0,0,0,0,0,0
LNR-0275,WEB-102,4,2,0,0.0,1,23.0,2.0,0,0,68.1,9.3,0.0,0.0,0.0,1.0,-0.53,1,0,0,0,0,0,0,0,0,0,0,0,0,0,0
LNR-0275,WEB-102,5,4,0,0.0,2,20.7,1.0,0,0,36.8,-31.3,0.0,0.0,0.0,2.0,-0.36,1,0,0,0,0,0,0,0,0,0,0,0,0,0,0
LNR-0276,CS-101,1,3,1,0.3333,3,95.7,11.0,1,3,78.0,-3.4,1.0,0.0,0.0,1.5,-0.35,0,0,0,0,0,0,0,0,0,0,0,0,0,0,0
LNR-0276,CS-101,2,3,1,1.0,2,168.3,26.0,1,1,68.1,-9.9,1.0,0.0,1.0,2.0,0.03,0,1,0,1,1,0,0,0,0,0,0,0,0,0,3
LNR-0276,CS-101,3,3,0,0.0,5,102.9,16.0,0,0,57.6,-10.5,0.0,1.0,0.0,2.0,0.1,1,0,0,0,0,0,0,0,0,1,1,1,0,0,3
LNR-0276,CS-101,4,3,0,0.0,1,64.5,6.0,0,0,81.1,23.5,0.0,0.0,0.0,4.0,0.44,1,0,0,0,0,0,0,0,0,0,0,0,1,1,2
LNR-0276,CS-101,5,3,0,0.0,1,10.0,7.0,0,0,59.4,-21.7,0.0,1.0,0.0,4.0,0.44,1,0,0,0,0,0,0,0,0,1,1,1,1,1,5
LNR-0277,CS-101,1,3,3,1.0,3,209.6,28.0,2,3,69.9,-0.3,0.0,0.0,0.0,5.0,0.55,0,0,0,0,0,0,0,1,1,0,0,0,0,0,2
LNR-0277,CS-101,2,3,3,1.0,15,173.5,37.0,2,1,69.9,-0.3,1.0,0.0,2.0,4.0,0.44,0,0,0,0,0,0,0,1,1,0,0,0,1,1,4
LNR-0277,CS-101,3,2,2,1.0,11,186.5,33.0,1,1,52.9,-7.9,0.0,1.0,1.0,4.5,0.65,0,0,0,0,0,0,0,0,0,0,0,0,0,0,0
LNR-0277,CS-101,4,3,3,1.0,12,213.6,31.0,2,3,44.9,-8.0,1.0,1.0,0.0,5.0,0.68,0,0,0,0,0,0,0,0,0,0,0,0,0,0,0
LNR-0277,CS-101,5,3,3,1.0,14,277.6,40.0,2,1,56.4,11.5,1.0,1.0,0.0,4.5,0.44,0,0,0,0,0,0,0,0,0,0,0,0,0,0,0
LNR-0278,DATA-201,1,4,4,1.0,13,204.9,26.0,2,2,69.7,-3.9,1.0,1.0,1.0,5.0,0.73,0,0,0,0,0,0,0,0,0,0,0,0,0,0,0
LNR-0278,DATA-201,2,3,3,1.0,18,149.8,37.0,2,2,69.6,-0.1,1.0,3.0,0.0,4.0,0.44,0,0,0,0,0,0,0,0,0,0,0,0,1,1,2
LNR-0278,DATA-201,3,2,2,1.0,11,166.1,33.0,2,2,69.0,-0.6,0.0,1.0,2.0,4.5,0.51,0,0,0,0,0,0,0,0,0,0,0,0,0,0,0
LNR-0278,DATA-201,4,3,3,1.0,12,260.8,31.0,2,2,80.2,11.2,2.0,0.0,1.0,4.0,0.66,0,0,0,0,0,0,0,0,0,0,0,0,0,0,0
LNR-0278,DATA-201,5,3,3,1.0,7,181.1,30.0,2,1,80.2,0.0,2.0,2.0,0.0,5.0,0.6,0,0,0,0,0,0,0,0,0,0,0,0,0,0,0
LNR-0279,AI-301,1,2,2,1.0,12,197.8,32.0,1,1,84.0,3.7,0.0,1.0,0.0,4.5,0.89,0,0,0,0,0,0,0,0,0,0,0,0,0,0,0
LNR-0279,AI-301,2,3,3,1.0,7,206.4,30.0,2,1,93.7,9.7,0.0,2.0,0.0,4.5,0.61,0,0,0,0,0,0,0,0,0,0,0,0,0,0,0
LNR-0279,AI-301,3,2,2,1.0,9,159.4,32.0,2,2,79.4,-14.3,0.0,0.0,0.0,4.0,0.44,0,0,0,0,0,0,0,0,0,0,0,0,1,1,2
LNR-0279,AI-301,4,2,2,1.0,12,228.1,33.0,2,1,91.6,12.2,0.0,0.0,0.0,4.5,0.52,0,0,0,0,0,0,0,0,0,0,0,0,0,0,0
LNR-0279,AI-301,5,4,4,1.0,15,176.4,37.0,1,1,86.4,-5.2,0.0,1.0,0.0,4.5,0.73,0,0,0,0,0,0,0,0,0,0,0,0,0,0,0
LNR-0280,WEB-102,1,2,1,0.5,6,90.8,23.0,1,0,70.1,-5.9,0.0,1.0,0.0,1.5,-0.02,1,0,0,0,0,0,0,0,0,1,1,1,0,0,3
LNR-0280,WEB-102,2,3,1,0.3333,4,109.8,8.0,1,0,42.9,-27.2,0.0,0.0,0.0,4.0,0.44,1,0,0,0,0,0,0,0,0,0,0,0,1,1,2
LNR-0280,WEB-102,3,3,1,1.0,4,97.7,7.0,0,3,69.5,26.6,0.0,1.0,0.0,2.0,-0.32,1,1,0,0,0,0,0,0,0,1,1,1,0,0,4
LNR-0280,WEB-102,4,4,1,0.25,2,79.0,7.0,1,0,55.9,-13.6,0.0,0.0,0.0,2.0,0.09,0,0,0,0,0,0,0,0,0,0,0,0,0,0,0
LNR-0280,WEB-102,5,3,0,1.0,2,26.4,3.0,0,0,56.8,0.9,2.0,0.0,0.0,2.5,-0.19,1,1,0,0,0,0,0,0,0,0,0,0,0,0,1
LNR-0281,AI-301,1,3,3,1.0,15,181.5,22.0,1,1,72.0,3.6,1.0,1.0,0.0,4.5,0.42,0,0,0,0,0,0,0,0,0,0,0,0,0,0,0
LNR-0281,AI-301,2,3,3,1.0,8,224.9,34.0,2,2,79.2,7.2,0.0,0.0,1.0,5.0,0.54,0,0,0,0,0,0,0,0,0,0,0,0,0,0,0
LNR-0281,AI-301,3,3,3,1.0,11,175.7,26.0,2,1,68.6,-10.6,0.0,1.0,0.0,4.0,0.63,0,0,0,0,0,0,0,0,0,0,0,0,0,0,0
LNR-0281,AI-301,4,2,2,1.0,14,262.1,29.0,2,2,66.4,-2.2,3.0,1.0,1.0,4.0,0.56,0,0,0,0,0,0,0,0,0,0,0,0,0,0,0
LNR-0281,AI-301,5,2,2,1.0,12,199.3,31.0,2,1,69.7,3.3,0.0,0.0,0.0,4.0,0.44,0,1,0,0,0,0,0,0,0,0,0,0,1,1,3
LNR-0282,CS-101,1,3,3,1.0,8,175.0,28.0,2,1,52.0,-2.3,0.0,0.0,0.0,4.5,0.84,0,0,0,0,0,0,0,0,0,0,0,0,0,0,0
LNR-0282,CS-101,2,3,3,1.0,11,219.8,32.0,2,1,53.2,1.2,0.0,1.0,0.0,5.0,0.73,0,0,0,0,0,0,0,0,0,0,0,0,0,0,0
LNR-0282,CS-101,3,4,3,0.75,17,187.2,30.0,2,2,47.6,-5.6,0.0,1.0,0.0,4.0,0.62,0,0,0,0,0,0,0,0,0,1,1,1,0,0,3
LNR-0282,CS-101,4,2,2,1.0,11,204.8,26.0,2,2,53.3,5.7,1.0,0.0,0.0,4.5,0.86,0,0,0,0,0,0,0,0,0,0,0,0,0,0,0
LNR-0282,CS-101,5,3,3,1.0,6,242.6,31.0,2,2,47.4,-5.9,2.0,3.0,0.0,4.0,0.44,0,0,0,0,0,0,0,0,0,0,0,0,1,1,2
LNR-0283,DATA-201,1,3,1,0.3333,2,145.8,18.0,1,3,58.2,1.6,1.0,1.0,0.0,2.0,-0.17,0,0,0,0,0,0,0,0,0,0,0,0,0,0,0
LNR-0283,DATA-201,2,3,1,0.3333,5,78.8,7.0,1,1,30.3,-27.9,0.0,0.0,0.0,2.0,-0.45,1,0,0,0,0,0,0,0,0,0,0,0,0,0,0
LNR-0283,DATA-201,3,4,1,0.25,4,101.7,10.0,0,1,43.0,12.7,0.0,0.0,0.0,1.5,0.02,1,0,0,0,0,0,0,0,0,0,0,0,0,0,0
LNR-0283,DATA-201,4,2,0,0.0,3,57.1,4.0,0,0,35.3,-7.7,0.0,0.0,0.0,1.5,-0.17,1,0,0,0,0,0,0,0,0,0,0,0,0,0,0
LNR-0283,DATA-201,5,3,0,0.0,2,64.5,3.0,0,0,30.8,-4.5,0.0,1.0,0.0,2.0,-0.01,1,0,0,0,0,0,0,0,0,1,1,1,0,0,3
LNR-0284,CS-101,1,3,1,0.3333,2,137.6,16.0,1,1,76.1,0.2,0.0,0.0,0.0,2.5,-0.48,1,0,0,0,0,0,0,0,0,0,0,0,0,0,0
LNR-0284,CS-101,2,2,0,0.0,5,94.8,15.0,0,1,59.8,-16.3,1.0,0.0,0.0,1.5,-0.56,1,0,0,0,0,0,0,0,0,0,0,0,0,0,0
LNR-0284,CS-101,3,3,1,0.3333,6,55.7,4.0,1,0,56.0,-3.8,1.0,0.0,0.0,2.0,-0.1,1,0,0,0,0,0,0,0,0,0,0,0,0,0,0
LNR-0284,CS-101,4,4,1,0.25,5,11.0,6.0,0,0,43.6,-12.4,0.0,0.0,0.0,2.0,0.06,1,0,0,0,0,0,0,0,0,0,0,0,0,0,0
LNR-0284,CS-101,5,4,0,0.0,1,33.8,5.0,0,0,46.9,3.3,1.0,0.0,0.0,4.0,0.44,1,0,0,0,0,0,0,0,0,0,0,0,1,1,2
LNR-0285,WEB-102,1,4,4,1.0,9,178.2,29.0,2,1,69.9,-0.3,0.0,0.0,0.0,4.5,0.57,0,0,0,0,0,0,0,1,1,0,0,0,0,0,2
LNR-0285,WEB-102,2,2,2,1.0,12,194.6,28.0,2,2,88.5,3.7,0.0,1.0,0.0,4.5,0.63,0,0,0,0,0,0,0,0,0,0,0,0,0,0,0
LNR-0285,WEB-102,3,2,2,1.0,17,224.3,45.0,2,1,87.3,-1.2,2.0,5.0,0.0,4.0,0.44,0,0,0,0,0,0,0,0,0,0,0,0,1,1,2
LNR-0285,WEB-102,4,3,3,1.0,8,194.0,26.0,2,1,68.8,-18.5,0.0,1.0,0.0,4.5,0.79,0,0,0,0,0,0,0,0,0,1,1,1,0,0,3
LNR-0285,WEB-102,5,3,3,1.0,9,227.5,35.0,2,2,82.3,13.5,0.0,1.0,0.0,4.5,0.47,0,0,0,0,0,0,0,0,0,1,1,1,0,0,3
LNR-0286,DATA-201,1,3,3,1.0,13,251.1,36.0,1,2,78.1,-4.7,1.0,1.0,0.0,4.5,0.78,0,0,0,0,0,0,0,0,0,0,0,0,0,0,0
LNR-0286,DATA-201,2,3,3,1.0,15,233.3,37.0,2,2,86.0,7.9,0.0,1.0,1.0,4.0,0.74,0,0,0,0,0,0,0,0,0,0,0,0,0,0,0
LNR-0286,DATA-201,3,3,3,1.0,8,247.2,30.0,2,2,74.8,-11.2,1.0,0.0,0.0,5.0,0.41,0,0,0,0,0,0,0,0,0,0,0,0,0,0,0
LNR-0286,DATA-201,4,3,3,1.0,9,106.1,38.0,1,1,86.0,11.2,0.0,3.0,2.0,4.5,0.62,0,0,0,0,0,0,0,0,0,0,0,0,0,0,0
LNR-0286,DATA-201,5,3,3,1.0,11,243.3,33.0,1,1,86.5,0.5,0.0,1.0,0.0,4.0,0.77,0,0,0,0,0,0,0,0,0,0,0,0,0,0,0
LNR-0287,AI-301,1,3,2,0.6667,6,143.8,6.0,1,3,70.9,-4.8,0.0,1.0,0.0,2.0,-0.14,0,0,0,0,0,0,0,0,0,0,0,0,0,0,0
LNR-0287,AI-301,2,3,1,0.3333,3,131.3,13.0,1,0,77.3,6.4,0.0,0.0,0.0,2.0,-0.27,0,0,0,0,0,0,0,0,0,0,0,0,0,0,0
LNR-0287,AI-301,3,3,1,0.3333,2,27.2,12.0,0,1,55.2,-22.1,0.0,0.0,0.0,1.5,-0.36,1,0,0,0,0,0,0,0,0,0,0,0,0,0,0
LNR-0287,AI-301,4,3,1,0.3333,3,55.5,4.0,1,0,54.8,-0.4,0.0,1.0,0.0,2.0,-0.1,0,0,0,0,0,0,0,0,0,0,0,0,0,0,0
LNR-0287,AI-301,5,2,0,0.0,1,15.3,11.0,0,2,46.5,-8.3,0.0,1.0,0.0,2.0,-0.55,1,0,0,0,0,0,0,0,0,0,0,0,0,0,0
LNR-0288,DATA-201,1,3,3,1.0,13,220.5,26.0,2,1,83.6,7.0,0.0,2.0,0.0,4.5,0.75,0,0,0,0,0,0,0,0,0,0,0,0,0,0,0
LNR-0288,DATA-201,2,3,3,1.0,8,238.3,28.0,2,1,75.5,-8.1,0.0,0.0,0.0,4.5,0.73,0,0,0,0,0,0,0,0,0,0,0,0,0,0,0
LNR-0288,DATA-201,3,3,3,1.0,8,209.8,33.0,2,1,74.8,-0.7,0.0,5.0,0.0,4.0,0.73,0,1,0,0,0,0,0,0,0,0,0,0,0,0,1
LNR-0288,DATA-201,4,3,3,1.0,11,291.2,29.0,2,2,82.8,8.0,0.0,1.0,0.0,5.0,0.41,0,0,0,0,0,0,0,0,0,1,1,1,0,0,3
LNR-0288,DATA-201,5,3,3,1.0,10,215.0,36.0,2,1,78.5,-4.3,0.0,1.0,1.0,5.0,0.77,0,0,0,0,0,0,0,0,0,0,0,0,0,0,0
LNR-0289,CS-101,1,4,3,0.75,15,167.4,34.0,1,1,68.1,-2.4,1.0,0.0,1.0,5.0,0.61,0,0,0,0,0,0,0,0,0,0,0,0,0,0,0
LNR-0289,CS-101,2,4,3,0.75,6,208.7,42.0,2,2,69.9,-0.3,1.0,2.0,0.0,4.0,0.58,0,0,0,0,0,0,0,1,1,0,0,0,0,0,2
LNR-0289,CS-101,3,3,3,1.0,12,153.7,32.0,2,1,76.9,-3.4,1.0,1.0,1.0,4.0,0.61,0,0,0,0,0,0,0,0,0,0,0,0,0,0,0
LNR-0289,CS-101,4,2,2,1.0,7,302.9,38.0,2,1,75.2,-1.7,1.0,1.0,0.0,4.5,0.42,0,0,0,0,0,0,0,0,0,0,0,0,0,0,0
LNR-0289,CS-101,5,2,2,1.0,15,216.8,24.0,2,1,76.7,1.5,2.0,2.0,0.0,4.5,0.44,0,0,0,0,0,0,0,0,0,0,0,0,0,0,0
LNR-0290,CS-101,1,3,3,1.0,5,206.9,28.0,2,1,90.7,2.9,0.0,0.0,0.0,4.5,0.43,0,0,0,0,0,0,0,0,0,0,0,0,0,0,0
LNR-0290,CS-101,2,3,3,1.0,9,143.9,33.0,2,1,100.0,9.3,1.0,1.0,0.0,5.0,0.47,0,0,0,0,0,0,0,0,0,0,0,0,0,0,0
LNR-0290,CS-101,3,2,2,1.0,10,220.1,34.0,2,1,80.9,-19.1,1.0,1.0,0.0,4.0,0.42,0,0,0,0,0,0,0,0,0,0,0,0,0,0,0
LNR-0290,CS-101,4,3,3,1.0,15,267.2,36.0,2,1,89.4,8.5,0.0,1.0,0.0,4.0,0.86,0,0,0,0,0,0,0,0,0,0,0,0,0,0,0
LNR-0290,CS-101,5,3,3,1.0,12,194.7,28.0,2,1,95.0,5.6,1.0,1.0,0.0,4.0,0.44,0,0,0,0,0,0,0,0,0,0,0,0,1,1,2
LNR-0291,DATA-201,1,3,3,1.0,11,199.5,34.0,2,2,81.2,8.3,0.0,4.0,0.0,5.0,0.61,0,0,0,0,0,0,0,0,0,0,0,0,0,0,0
LNR-0291,DATA-201,2,2,2,1.0,9,196.4,36.0,2,1,69.9,-0.3,0.0,1.0,0.0,4.0,0.44,0,0,0,0,0,0,0,1,1,0,0,0,1,1,4
LNR-0291,DATA-201,3,3,3,1.0,20,204.8,27.0,1,2,71.3,6.1,0.0,1.0,0.0,4.0,0.44,0,0,0,0,0,0,0,0,0,0,0,0,1,1,2
LNR-0291,DATA-201,4,4,4,1.0,6,232.2,37.0,2,1,82.5,11.2,0.0,3.0,1.0,5.0,0.4,0,0,0,0,0,0,0,0,0,0,0,0,0,0,0
LNR-0291,DATA-201,5,3,3,1.0,13,204.3,25.0,1,3,64.7,-17.8,0.0,2.0,1.0,4.0,0.44,0,0,0,0,0,0,0,0,0,0,0,0,1,1,2
LNR-0292,CS-101,1,3,2,0.6667,8,130.2,24.0,1,1,68.4,4.0,1.0,1.0,0.0,4.0,0.44,0,0,0,0,0,0,0,0,0,0,0,0,1,1,2
LNR-0292,CS-101,2,3,2,0.6667,7,189.3,23.0,2,1,59.5,-8.9,1.0,0.0,0.0,4.0,0.14,0,0,0,0,0,0,0,0,0,0,0,0,0,0,0
LNR-0292,CS-101,3,3,2,0.6667,9,177.4,22.0,2,1,67.6,8.1,0.0,0.0,0.0,3.0,0.09,0,0,0,0,0,0,0,0,0,0,0,0,0,0,0
LNR-0292,CS-101,4,3,2,0.6667,11,139.8,18.0,2,1,72.6,5.0,0.0,2.0,1.0,3.5,0.38,0,0,0,0,0,0,0,0,0,0,0,0,0,0,0
LNR-0292,CS-101,5,2,1,0.5,6,171.4,22.0,2,1,67.1,-5.5,0.0,1.0,1.0,3.0,0.23,0,0,0,0,0,0,0,0,0,0,0,0,0,0,0
LNR-0293,DATA-201,1,3,3,1.0,7,263.2,31.0,2,2,68.4,-6.9,1.0,3.0,2.0,4.0,0.44,0,0,0,0,0,0,0,0,0,0,0,0,1,1,2
LNR-0293,DATA-201,2,4,4,1.0,11,168.3,26.0,2,1,77.2,8.8,0.0,1.0,0.0,4.0,0.45,0,0,0,1,1,0,0,0,0,0,0,0,0,0,2
LNR-0293,DATA-201,3,3,3,1.0,11,160.4,34.0,1,2,88.0,10.8,1.0,1.0,0.0,4.0,0.88,0,0,0,0,0,0,0,0,0,0,0,0,0,0,0
LNR-0293,DATA-201,4,3,3,1.0,12,236.2,35.0,1,1,79.0,-9.0,1.0,2.0,0.0,5.0,0.84,0,0,0,0,0,0,0,0,0,0,0,0,0,0,0
LNR-0293,DATA-201,5,2,2,1.0,16,168.1,36.0,2,1,69.9,-0.3,0.0,0.0,0.0,4.0,0.44,0,0,0,0,0,0,0,1,1,0,0,0,1,1,4
LNR-0294,DATA-201,1,3,1,0.3333,6,77.6,19.0,1,3,91.0,-3.1,0.0,0.0,0.0,2.5,-0.09,0,0,0,0,0,0,0,0,0,0,0,0,0,0,0
LNR-0294,DATA-201,2,4,2,0.5,8,130.5,15.0,0,3,79.9,-11.1,0.0,1.0,0.0,2.0,-0.38,1,0,0,0,0,0,0,0,0,0,0,0,0,0,0
LNR-0294,DATA-201,3,3,0,0.0,1,74.2,10.0,0,1,69.9,-0.3,0.0,0.0,0.0,1.5,-0.02,1,0,0,0,0,0,0,1,1,0,0,0,0,0,2
LNR-0294,DATA-201,4,3,0,0.0,3,74.8,3.0,0,0,80.5,-1.6,0.0,0.0,0.0,2.0,-0.36,1,0,0,0,0,0,0,0,0,0,0,0,0,0,0
LNR-0294,DATA-201,5,3,0,0.0,0,168.3,26.0,0,0,72.7,-7.8,0.0,0.0,0.0,2.0,-0.05,1,0,0,1,1,0,0,0,0,0,0,0,0,0,2
LNR-0295,CS-101,1,2,2,1.0,13,185.7,36.0,2,1,63.7,2.6,2.0,0.0,0.0,4.0,0.44,0,0,0,0,0,0,0,0,0,0,0,0,1,1,2
LNR-0295,CS-101,2,3,3,1.0,8,168.3,26.0,2,2,62.3,-1.4,0.0,1.0,0.0,5.0,0.52,0,0,0,1,1,0,0,0,0,1,1,1,0,0,5
LNR-0295,CS-101,3,3,3,1.0,18,168.7,38.0,1,2,68.7,6.4,1.0,2.0,0.0,4.5,0.52,0,0,0,0,0,0,0,0,0,0,0,0,0,0,0
LNR-0295,CS-101,4,3,3,1.0,13,215.8,41.0,2,3,72.2,3.5,0.0,2.0,0.0,5.0,0.48,0,0,0,0,0,0,0,0,0,0,0,0,0,0,0
LNR-0295,CS-101,5,3,3,1.0,12,147.0,32.0,2,2,60.9,-11.3,0.0,1.0,0.0,4.5,0.48,0,0,0,0,0,0,0,0,0,1,1,1,0,0,3
LNR-0296,DATA-201,1,3,3,1.0,7,243.0,24.0,1,1,65.1,2.9,1.0,1.0,0.0,4.0,0.5,0,0,0,0,0,0,0,0,0,0,0,0,0,0,0
LNR-0296,DATA-201,2,4,3,0.75,8,193.5,29.0,1,1,65.0,-0.1,1.0,1.0,0.0,4.0,0.44,0,0,0,0,0,0,0,0,0,0,0,0,1,1,2
LNR-0296,DATA-201,3,3,1,0.3333,0,27.1,3.0,0,0,69.9,-0.3,0.0,0.0,0.0,1.0,-0.54,1,0,0,0,0,0,0,1,1,0,0,0,0,0,2
LNR-0296,DATA-201,4,3,1,0.3333,0,40.1,4.0,0,0,15.3,-21.5,0.0,0.0,0.0,1.0,-0.41,1,0,0,0,0,0,0,0,0,0,0,0,0,0,0
LNR-0296,DATA-201,5,3,0,0.0,4,29.7,6.0,0,0,65.4,50.1,0.0,0.0,0.0,1.0,-0.5,1,0,0,0,0,0,0,0,0,0,0,0,0,0,0
LNR-0297,CS-101,1,3,1,0.3333,1,142.0,16.0,1,1,66.7,-16.2,0.0,0.0,0.0,2.0,-0.01,1,0,0,0,0,0,0,0,0,0,0,0,0,0,0
LNR-0297,CS-101,2,3,1,0.3333,4,165.6,8.0,0,1,71.6,4.9,0.0,0.0,0.0,2.5,-0.16,1,0,0,0,0,0,0,0,0,0,0,0,0,0,0
LNR-0297,CS-101,3,2,0,0.0,1,98.2,12.0,0,0,68.2,-3.4,2.0,0.0,0.0,2.5,-0.36,1,0,0,0,0,0,0,0,0,0,0,0,0,0,0
LNR-0297,CS-101,4,2,0,0.0,4,35.8,10.0,0,0,62.1,-6.1,0.0,0.0,0.0,2.0,-0.48,1,0,0,0,0,0,0,0,0,0,0,0,0,0,0
LNR-0297,CS-101,5,3,0,0.0,2,10.0,2.0,0,1,63.1,1.0,1.0,0.0,0.0,4.0,0.44,1,0,0,0,0,0,0,0,0,0,0,0,1,1,2
LNR-0298,DATA-201,1,4,4,1.0,15,221.9,26.0,2,1,58.5,8.0,2.0,1.0,2.0,5.0,0.42,0,0,0,0,0,0,0,0,0,0,0,0,0,0,0
LNR-0298,DATA-201,2,3,3,1.0,13,227.8,25.0,2,1,51.3,-7.2,2.0,1.0,0.0,4.5,0.45,0,0,0,0,0,0,0,0,0,0,0,0,0,0,0
LNR-0298,DATA-201,3,4,4,1.0,13,169.1,33.0,2,1,63.1,11.8,0.0,2.0,1.0,5.0,0.86,0,0,0,0,0,0,0,0,0,0,0,0,0,0,0
LNR-0298,DATA-201,4,3,3,1.0,5,208.6,34.0,2,1,55.7,-7.4,1.0,1.0,1.0,5.0,0.53,0,0,0,0,0,0,0,0,0,0,0,0,0,0,0
LNR-0298,DATA-201,5,2,2,1.0,10,182.1,27.0,2,1,49.3,-6.4,3.0,2.0,1.0,4.0,0.78,0,0,0,0,0,0,0,0,0,0,0,0,0,0,0
LNR-0299,CS-101,1,3,3,1.0,11,252.3,28.0,1,1,84.9,11.3,0.0,0.0,1.0,5.0,0.52,0,0,0,0,0,0,0,0,0,0,0,0,0,0,0
LNR-0299,CS-101,2,4,4,1.0,11,178.3,42.0,2,1,76.8,-8.1,1.0,1.0,0.0,4.5,0.76,0,0,0,0,0,0,0,0,0,0,0,0,0,0,0
LNR-0299,CS-101,3,4,4,1.0,6,198.2,34.0,2,2,79.4,2.6,2.0,1.0,1.0,4.5,0.88,0,0,0,0,0,0,0,0,0,0,0,0,0,0,0
LNR-0299,CS-101,4,3,3,1.0,10,223.4,30.0,2,1,82.4,3.0,0.0,0.0,3.0,4.5,0.62,0,0,0,0,0,0,0,0,0,0,0,0,0,0,0
LNR-0299,CS-101,5,3,3,1.0,12,205.1,29.0,2,1,69.9,-0.3,0.0,1.0,0.0,4.5,0.77,0,0,0,0,0,0,0,1,1,0,0,0,0,0,2
LNR-0300,AI-301,1,3,3,1.0,10,240.0,37.0,2,1,91.4,0.3,0.0,0.0,0.0,4.5,0.56,0,0,0,0,0,0,0,0,0,0,0,0,0,0,0
LNR-0300,AI-301,2,4,4,1.0,9,210.2,27.0,2,1,100.0,8.6,2.0,0.0,2.0,4.0,0.44,0,0,0,0,0,0,0,0,0,0,0,0,1,1,2
LNR-0300,AI-301,3,3,3,1.0,11,203.7,32.0,2,1,94.6,-5.4,0.0,0.0,0.0,4.0,0.44,0,0,0,0,0,0,0,0,0,0,0,0,1,1,2
LNR-0300,AI-301,4,2,2,1.0,8,226.1,35.0,2,2,69.9,-0.3,0.0,1.0,0.0,4.0,0.44,0,0,0,0,0,0,0,1,1,1,1,1,1,1,7
LNR-0300,AI-301,5,3,3,1.0,13,164.6,39.0,2,1,91.0,3.5,0.0,2.0,0.0,4.5,0.7,0,0,0,0,0,0,0,0,0,0,0,0,0,0,0
LNR-0301,WEB-102,1,3,1,0.3333,6,133.7,19.0,1,2,80.4,6.8,0.0,0.0,0.0,4.0,0.44,1,0,0,0,0,0,0,0,0,0,0,0,1,1,2
LNR-0301,WEB-102,2,3,1,0.3333,7,127.7,11.0,0,1,54.3,-26.1,0.0,1.0,0.0,4.0,0.44,1,0,0,0,0,0,0,0,0,1,1,1,1,1,5
LNR-0301,WEB-102,3,2,1,0.5,2,73.3,4.0,0,1,58.8,4.5,0.0,0.0,0.0,4.0,0.44,1,0,0,0,0,0,0,0,0,0,0,0,1,1,2
LNR-0301,WEB-102,4,3,0,0.0,1,66.9,6.0,0,0,55.6,-3.2,0.0,1.0,0.0,1.5,-0.16,1,0,0,0,0,0,0,0,0,0,0,0,0,0,0
LNR-0301,WEB-102,5,3,0,0.0,0,35.1,5.0,0,0,49.7,-5.9,1.0,0.0,0.0,4.0,0.44,1,0,0,0,0,0,0,0,0,0,0,0,1,1,2
LNR-0302,WEB-102,1,3,3,1.0,9,242.4,35.0,2,1,82.3,4.5,1.0,0.0,0.0,4.0,0.73,0,0,0,0,0,0,0,0,0,0,0,0,0,0,0
LNR-0302,WEB-102,2,3,3,1.0,14,168.3,26.0,2,1,72.9,-9.4,0.0,1.0,0.0,5.0,0.4,0,0,0,1,1,0,0,0,0,0,0,0,0,0,2
LNR-0302,WEB-102,3,3,3,1.0,9,241.8,31.0,2,2,73.4,0.5,1.0,0.0,1.0,4.5,0.87,0,0,0,0,0,0,0,0,0,0,0,0,0,0,0
LNR-0302,WEB-102,4,2,2,1.0,10,235.1,28.0,2,2,81.2,7.8,1.0,3.0,0.0,5.0,0.89,0,1,0,0,0,0,0,0,0,0,0,0,0,0,1
LNR-0302,WEB-102,5,4,4,1.0,15,222.2,28.0,2,1,82.1,0.9,0.0,1.0,0.0,5.0,0.86,0,0,0,0,0,0,0,0,0,1,1,1,0,0,3
LNR-0303,CS-101,1,3,2,0.6667,5,120.7,11.0,0,1,81.0,14.5,0.0,1.0,0.0,4.0,0.44,0,0,0,0,0,0,0,0,0,1,1,1,1,1,5
LNR-0303,CS-101,2,4,1,0.25,3,106.1,9.0,1,0,48.7,-32.3,1.0,2.0,0.0,4.0,0.44,1,0,0,0,0,0,0,0,0,0,0,0,1,1,2
LNR-0303,CS-101,3,3,1,0.3333,2,146.1,9.0,1,1,40.5,-8.2,0.0,1.0,0.0,2.5,-0.49,1,0,0,0,0,0,0,0,0,1,1,1,0,0,3
LNR-0303,CS-101,4,4,0,0.0,1,49.2,9.0,0,1,55.4,14.9,0.0,0.0,0.0,4.0,0.44,1,0,0,0,0,0,0,0,0,0,0,0,1,1,2
LNR-0303,CS-101,5,2,0,0.0,4,44.8,1.0,0,0,37.0,-18.4,0.0,1.0,0.0,4.0,0.44,1,0,0,0,0,0,0,0,0,1,1,1,1,1,5
LNR-0304,DATA-201,1,3,3,1.0,7,141.4,30.0,2,2,91.4,6.6,1.0,1.0,0.0,4.0,0.44,0,0,0,0,0,0,0,0,0,0,0,0,1,1,2
LNR-0304,DATA-201,2,3,3,1.0,12,191.7,35.0,2,1,81.5,-9.9,0.0,1.0,0.0,5.0,0.83,0,0,0,0,0,0,0,0,0,0,0,0,0,0,0
LNR-0304,DATA-201,3,3,3,1.0,7,168.3,26.0,2,3,79.8,-1.7,0.0,1.0,0.0,4.5,0.41,0,0,0,1,1,0,0,0,0,0,0,0,0,0,2
LNR-0304,DATA-201,4,4,4,1.0,11,239.6,35.0,1,1,84.6,4.8,1.0,1.0,0.0,5.0,0.63,0,0,0,0,0,0,0,0,0,0,0,0,0,0,0
LNR-0304,DATA-201,5,3,3,1.0,12,238.4,32.0,2,1,84.5,-0.1,1.0,1.0,0.0,4.0,0.44,0,0,0,0,0,0,0,0,0,0,0,0,1,1,2
LNR-0305,CS-101,1,3,2,0.6667,4,112.5,23.0,1,1,63.7,-4.8,0.0,3.0,0.0,3.5,0.38,1,0,0,0,0,0,0,0,0,0,0,0,0,0,0
LNR-0305,CS-101,2,3,2,0.6667,4,116.1,28.0,1,1,73.7,10.0,1.0,0.0,0.0,3.0,0.05,0,0,0,0,0,0,0,0,0,0,0,0,0,0,0
LNR-0305,CS-101,3,3,2,0.6667,8,167.2,27.0,2,1,64.1,-9.6,0.0,2.0,0.0,4.0,0.11,0,0,0,0,0,0,0,0,0,0,0,0,0,0,0
LNR-0305,CS-101,4,3,2,0.6667,6,178.2,21.0,1,2,70.8,6.7,0.0,0.0,0.0,4.0,0.03,0,0,0,0,0,0,0,0,0,0,0,0,0,0,0
LNR-0305,CS-101,5,3,2,1.0,6,168.3,26.0,0,1,66.8,-4.0,2.0,1.0,0.0,4.0,0.38,0,1,0,1,1,0,0,0,0,0,0,0,0,0,3
LNR-0306,AI-301,1,2,2,1.0,12,98.6,32.0,2,1,60.7,-4.9,1.0,0.0,1.0,4.5,0.82,0,0,0,0,0,0,0,0,0,0,0,0,0,0,0
LNR-0306,AI-301,2,2,2,1.0,13,141.6,39.0,2,1,78.3,17.6,1.0,1.0,1.0,4.5,0.55,0,0,0,0,0,0,0,0,0,0,0,0,0,0,0
LNR-0306,AI-301,3,2,2,1.0,19,181.8,38.0,2,1,65.6,-12.7,1.0,0.0,0.0,4.5,0.79,0,0,0,0,0,0,0,0,0,0,0,0,0,0,0
LNR-0306,AI-301,4,2,2,1.0,15,192.2,28.0,1,2,66.9,1.3,2.0,2.0,0.0,4.0,0.44,0,0,0,0,0,0,0,0,0,0,0,0,1,1,2
LNR-0306,AI-301,5,4,4,1.0,14,208.8,27.0,2,2,69.9,-0.3,0.0,0.0,0.0,5.0,0.86,0,0,0,0,0,0,0,1,1,0,0,0,0,0,2
LNR-0307,CS-101,1,4,2,0.5,6,103.8,9.0,1,1,32.0,-20.9,0.0,0.0,0.0,4.0,0.44,1,0,0,0,0,0,0,0,0,0,0,0,1,1,2
LNR-0307,CS-101,2,2,1,0.5,3,137.7,15.0,1,1,45.2,13.2,0.0,0.0,0.0,2.5,-0.23,1,0,0,0,0,0,0,0,0,0,0,0,0,0,0
LNR-0307,CS-101,3,3,0,0.0,5,101.6,12.0,0,1,33.7,-11.5,0.0,0.0,0.0,4.0,0.44,1,0,0,0,0,0,0,0,0,0,0,0,1,1,2
LNR-0307,CS-101,4,3,0,0.0,0,64.1,9.0,0,2,44.4,10.7,0.0,0.0,0.0,2.0,-0.17,1,0,0,0,0,0,0,0,0,0,0,0,0,0,0
LNR-0307,CS-101,5,3,0,0.0,0,54.1,4.0,0,0,39.4,-5.0,0.0,1.0,0.0,1.5,-0.52,1,0,0,0,0,0,0,0,0,0,0,0,0,0,0
LNR-0308,DATA-201,1,3,2,0.6667,7,123.5,18.0,1,1,78.3,5.5,1.0,0.0,1.0,3.5,0.47,0,0,0,0,0,0,0,0,0,0,0,0,0,0,0
LNR-0308,DATA-201,2,4,3,0.75,8,142.2,26.0,2,2,78.2,-0.1,1.0,1.0,2.0,3.5,0.25,0,0,0,0,0,0,0,0,0,0,0,0,0,0,0
LNR-0308,DATA-201,3,3,2,0.6667,10,120.9,24.0,1,1,71.1,-7.1,0.0,1.0,0.0,3.0,0.15,1,0,0,0,0,0,0,0,0,1,1,1,0,0,3
LNR-0308,DATA-201,4,4,3,0.75,3,144.5,21.0,1,1,85.7,14.6,0.0,1.0,0.0,3.5,0.18,0,0,0,0,0,0,0,0,0,0,0,0,0,0,0
LNR-0308,DATA-201,5,3,2,0.6667,7,188.8,14.0,1,2,69.9,-0.3,1.0,2.0,1.0,4.0,0.35,0,0,0,0,0,0,0,1,1,0,0,0,0,0,2
LNR-0309,AI-301,1,4,4,1.0,11,216.6,17.0,1,1,64.2,0.2,0.0,1.0,0.0,4.0,0.5,0,0,0,0,0,0,0,0,0,1,1,1,0,0,3
LNR-0309,AI-301,2,3,2,0.6667,4,168.3,26.0,1,1,75.6,11.4,1.0,1.0,0.0,4.0,0.5,0,0,0,1,1,0,0,0,0,0,0,0,0,0,2
LNR-0309,AI-301,3,4,1,0.25,2,35.8,4.0,0,0,27.4,-48.2,0.0,0.0,0.0,2.0,-0.76,1,0,0,0,0,0,0,0,0,0,0,0,0,0,0
LNR-0309,AI-301,4,3,0,0.0,3,17.3,7.0,0,1,47.9,20.5,0.0,0.0,0.0,4.0,0.44,1,0,0,0,0,0,0,0,0,0,0,0,1,1,2
LNR-0309,AI-301,5,3,0,0.0,1,42.1,3.0,0,0,44.0,-3.9,0.0,0.0,0.0,4.0,0.44,1,0,0,0,0,0,0,0,0,0,0,0,1,1,2
LNR-0310,DATA-201,1,3,3,1.0,9,226.9,23.0,1,1,67.9,0.5,1.0,1.0,0.0,4.0,0.5,0,0,0,0,0,0,0,0,0,0,0,0,0,0,0
LNR-0310,DATA-201,2,3,3,1.0,7,153.7,20.0,1,1,75.8,7.9,1.0,1.0,0.0,4.0,0.5,0,0,0,0,0,0,0,0,0,0,0,0,0,0,0
LNR-0310,DATA-201,3,2,0,0.0,1,23.9,0.0,0,0,69.9,-0.3,0.0,1.0,0.0,1.0,-0.53,1,0,0,0,0,0,0,1,1,1,1,1,0,0,5
LNR-0310,DATA-201,4,3,1,0.3333,0,16.5,3.0,0,0,42.5,9.8,0.0,0.0,0.0,1.0,-0.55,1,0,0,0,0,0,0,0,0,0,0,0,0,0,0
LNR-0310,DATA-201,5,2,0,0.0,1,168.3,26.0,0,0,32.6,-9.9,0.0,0.0,0.0,1.0,-0.55,1,0,0,1,1,0,0,0,0,0,0,0,0,0,2
LNR-0311,CS-101,1,3,2,0.6667,5,145.1,24.0,1,1,87.5,10.1,0.0,0.0,0.0,4.0,0.44,0,0,0,0,0,0,0,0,0,0,0,0,1,1,2
LNR-0311,CS-101,2,3,2,0.6667,6,62.7,16.0,1,1,79.4,-8.1,0.0,0.0,0.0,4.0,0.44,0,0,0,0,0,0,0,0,0,0,0,0,1,1,2
LNR-0311,CS-101,3,2,1,0.5,8,91.0,15.0,1,2,70.7,-8.7,1.0,0.0,0.0,4.0,0.26,0,0,0,0,0,0,0,0,0,0,0,0,0,0,0
LNR-0311,CS-101,4,3,2,0.6667,8,132.7,28.0,1,1,81.4,10.7,0.0,0.0,0.0,3.5,0.46,0,0,0,0,0,0,0,0,0,0,0,0,0,0,0
LNR-0311,CS-101,5,2,2,1.0,10,61.1,18.0,1,1,84.5,3.1,0.0,0.0,0.0,4.0,0.14,0,0,0,0,0,0,0,0,0,0,0,0,0,0,0
LNR-0312,DATA-201,1,3,1,0.3333,5,132.7,16.0,0,1,69.9,-0.3,0.0,0.0,0.0,2.0,0.08,1,0,0,0,0,0,0,1,1,0,0,0,0,0,2
LNR-0312,DATA-201,2,2,1,0.5,4,208.9,13.0,0,0,79.8,28.3,0.0,0.0,0.0,1.5,-0.59,0,0,0,0,0,0,0,0,0,0,0,0,0,0,0
LNR-0312,DATA-201,3,4,2,0.5,1,50.6,15.0,0,2,54.6,-25.2,0.0,1.0,0.0,2.5,-0.31,0,0,0,0,0,0,0,0,0,1,1,1,0,0,3
LNR-0312,DATA-201,4,4,1,0.25,3,55.9,3.0,0,1,54.4,-0.2,1.0,1.0,0.0,2.5,-0.2,1,0,0,0,0,0,0,0,0,0,0,0,0,0,0
LNR-0312,DATA-201,5,2,0,0.0,0,10.0,3.0,0,0,61.8,7.4,0.0,0.0,0.0,4.0,0.44,1,0,0,0,0,0,0,0,0,0,0,0,1,1,2
LNR-0313,AI-301,1,2,2,1.0,11,263.8,32.0,2,1,69.9,-1.7,0.0,3.0,0.0,4.0,0.44,0,0,0,0,0,0,0,0,0,0,0,0,1,1,2
LNR-0313,AI-301,2,3,3,1.0,7,225.2,28.0,2,1,69.9,-0.3,1.0,0.0,1.0,4.0,0.44,0,0,0,0,0,0,0,1,1,0,0,0,1,1,4
LNR-0313,AI-301,3,2,2,1.0,9,241.6,33.0,2,1,68.1,-8.9,4.0,1.0,0.0,4.0,0.5,0,0,0,0,0,0,0,0,0,0,0,0,0,0,0
LNR-0313,AI-301,4,2,2,1.0,14,114.1,35.0,1,1,70.2,2.1,0.0,1.0,0.0,4.0,0.44,0,0,0,0,0,0,0,0,0,1,1,1,1,1,5
LNR-0313,AI-301,5,3,3,1.0,13,248.9,32.0,2,3,79.6,9.4,1.0,0.0,0.0,4.5,0.45,0,0,0,0,0,0,0,0,0,0,0,0,0,0,0
LNR-0314,CS-101,1,4,3,0.75,9,152.7,26.0,0,1,44.4,-5.5,1.0,0.0,0.0,3.5,0.38,0,0,0,0,0,0,0,0,0,0,0,0,0,0,0
LNR-0314,CS-101,2,4,3,0.75,2,146.6,25.0,0,2,49.7,5.3,1.0,3.0,0.0,4.0,0.44,0,0,0,0,0,0,0,0,0,0,0,0,1,1,2
LNR-0314,CS-101,3,3,3,1.0,6,212.2,24.0,2,1,49.3,-0.4,1.0,1.0,0.0,4.0,0.29,0,0,0,0,0,0,0,0,0,0,0,0,0,0,0
LNR-0314,CS-101,4,3,2,0.6667,8,162.9,22.0,1,2,54.1,4.8,0.0,2.0,2.0,3.0,0.19,0,0,0,0,0,0,0,0,0,0,0,0,0,0,0
LNR-0314,CS-101,5,3,3,1.0,8,114.8,15.0,1,1,44.6,-9.5,0.0,1.0,0.0,3.5,0.22,0,0,0,0,0,0,0,0,0,0,0,0,0,0,0
LNR-0315,DATA-201,1,4,3,0.75,8,80.6,30.0,1,2,64.0,-1.7,0.0,1.0,0.0,3.0,0.29,0,0,0,0,0,0,0,0,0,0,0,0,0,0,0
LNR-0315,DATA-201,2,3,2,0.6667,5,90.9,23.0,2,2,48.9,-15.1,0.0,1.0,1.0,4.0,0.44,0,0,0,0,0,0,0,0,0,0,0,0,1,1,2
LNR-0315,DATA-201,3,3,2,0.6667,5,120.9,27.0,1,1,60.9,12.0,1.0,1.0,0.0,3.0,0.04,1,0,0,0,0,0,0,0,0,0,0,0,0,0,0
LNR-0315,DATA-201,4,3,2,0.6667,7,165.4,15.0,0,1,64.2,3.3,1.0,1.0,0.0,3.0,0.14,1,0,0,0,0,0,0,0,0,0,0,0,0,0,0
LNR-0315,DATA-201,5,2,2,1.0,5,141.0,16.0,2,1,51.8,-12.4,0.0,1.0,0.0,3.5,0.31,0,0,0,0,0,0,0,0,0,0,0,0,0,0,0
LNR-0316,CS-101,1,3,2,0.6667,4,95.1,18.0,1,2,98.0,16.7,0.0,0.0,0.0,4.0,0.44,0,0,0,0,0,0,0,0,0,0,0,0,1,1,2
LNR-0316,CS-101,2,3,1,0.3333,8,84.5,9.0,1,1,69.9,-0.3,1.0,0.0,0.0,2.5,-0.03,1,0,0,0,0,0,0,1,1,0,0,0,0,0,2
LNR-0316,CS-101,3,3,1,0.3333,3,111.9,6.0,0,0,68.7,-9.1,1.0,1.0,0.0,1.5,0.05,1,0,0,0,0,0,0,0,0,0,0,0,0,0,0
LNR-0316,CS-101,4,3,1,0.3333,4,98.5,5.0,0,2,61.8,-6.9,0.0,0.0,0.0,2.0,-0.14,1,0,0,0,0,0,0,0,0,0,0,0,0,0,0
LNR-0316,CS-101,5,2,0,0.0,1,41.1,6.0,0,0,47.3,-14.5,0.0,0.0,0.0,4.0,0.44,1,0,0,0,0,0,0,0,0,0,0,0,1,1,2
LNR-0317,WEB-102,1,3,3,1.0,12,172.7,28.0,1,1,68.5,-7.0,1.0,1.0,0.0,4.0,0.5,0,0,0,0,0,0,0,0,0,0,0,0,0,0,0
LNR-0317,WEB-102,2,3,2,0.6667,5,178.4,21.0,1,1,76.3,7.8,0.0,1.0,0.0,4.0,0.5,0,0,0,0,0,0,0,0,0,1,1,1,0,0,3
LNR-0317,WEB-102,3,3,0,0.0,1,19.2,3.0,0,0,47.9,-28.4,0.0,0.0,0.0,1.0,-0.51,1,0,0,0,0,0,0,0,0,0,0,0,0,0,0
LNR-0317,WEB-102,4,4,0,0.0,0,49.4,1.0,0,0,42.5,-5.4,0.0,1.0,0.0,2.0,-0.76,1,0,0,0,0,0,0,0,0,1,1,1,0,0,3
LNR-0317,WEB-102,5,3,0,0.0,0,32.6,6.0,0,1,61.7,19.2,0.0,0.0,0.0,4.0,0.44,1,0,0,0,0,0,0,0,0,0,0,0,1,1,2
LNR-0318,AI-301,1,2,0,0.0,4,81.0,10.0,1,2,69.0,-12.8,0.0,0.0,0.0,2.5,-0.53,1,0,0,0,0,0,0,0,0,0,0,0,0,0,0
LNR-0318,AI-301,2,3,1,0.3333,6,114.1,18.0,0,3,68.0,-1.0,1.0,0.0,0.0,2.0,-0.14,1,0,0,0,0,0,0,0,0,0,0,0,0,0,0
LNR-0318,AI-301,3,2,0,0.0,5,56.8,6.0,1,1,64.5,-3.5,0.0,0.0,0.0,2.5,0.01,1,0,0,0,0,0,0,0,0,0,0,0,0,0,0
LNR-0318,AI-301,4,3,0,0.0,1,87.5,3.0,0,1,69.9,-0.3,0.0,0.0,0.0,1.5,-0.13,1,0,0,0,0,0,0,1,1,0,0,0,0,0,2
LNR-0318,AI-301,5,3,0,0.0,0,42.4,5.0,0,1,58.2,0.9,0.0,0.0,0.0,1.5,-0.42,1,0,0,0,0,0,0,0,0,0,0,0,0,0,0
LNR-0319,CS-101,1,2,2,1.0,6,189.3,27.0,1,1,62.1,-9.8,0.0,1.0,1.0,3.5,0.03,0,0,0,0,0,0,0,0,0,0,0,0,0,0,0
LNR-0319,CS-101,2,4,3,0.75,10,164.6,20.0,1,1,73.7,11.6,0.0,0.0,0.0,4.0,0.35,0,0,0,0,0,0,0,0,0,0,0,0,0,0,0
LNR-0319,CS-101,3,3,2,0.6667,4,121.3,20.0,2,1,79.8,6.1,1.0,0.0,1.0,4.0,0.41,0,0,0,0,0,0,0,0,0,0,0,0,0,0,0
LNR-0319,CS-101,4,3,2,0.6667,5,87.7,22.0,2,1,73.6,-6.2,0.0,0.0,0.0,3.0,0.13,0,0,0,0,0,0,0,0,0,0,0,0,0,0,0
LNR-0319,CS-101,5,3,2,0.6667,6,80.5,25.0,1,1,89.2,15.6,1.0,0.0,0.0,3.0,0.33,0,0,0,0,0,0,0,0,0,0,0,0,0,0,0
LNR-0320,CS-101,1,3,3,1.0,15,168.3,26.0,2,1,54.5,-4.7,1.0,0.0,0.0,5.0,0.84,0,0,0,1,1,0,0,0,0,0,0,0,0,0,2
LNR-0320,CS-101,2,3,3,1.0,11,155.6,45.0,1,1,63.6,9.1,3.0,1.0,1.0,4.5,0.48,0,0,0,0,0,0,0,0,0,0,0,0,0,0,0
LNR-0320,CS-101,3,4,4,1.0,9,199.7,29.0,1,3,61.7,-1.9,0.0,1.0,0.0,5.0,0.87,0,0,0,0,0,0,0,0,0,0,0,0,0,0,0
LNR-0320,CS-101,4,3,3,1.0,7,195.6,29.0,2,1,57.6,-4.1,0.0,2.0,1.0,4.0,0.82,0,0,0,0,0,0,0,0,0,0,0,0,0,0,0
LNR-0320,CS-101,5,4,4,1.0,4,134.4,36.0,2,1,69.6,12.0,1.0,1.0,0.0,5.0,0.64,0,0,0,0,0,0,0,0,0,0,0,0,0,0,0
LNR-0321,CS-101,1,2,1,0.5,8,80.6,15.0,2,1,56.4,-12.5,1.0,0.0,0.0,3.5,0.4,0,0,0,0,0,0,0,0,0,0,0,0,0,0,0
LNR-0321,CS-101,2,3,2,0.6667,8,110.6,27.0,2,1,67.6,11.2,1.0,0.0,2.0,4.0,0.44,0,0,0,0,0,0,0,0,0,0,0,0,1,1,2
LNR-0321,CS-101,3,3,2,0.6667,13,154.0,30.0,0,1,69.9,-0.3,0.0,0.0,1.0,4.0,0.18,0,0,0,0,0,0,0,1,1,0,0,0,0,0,2
LNR-0321,CS-101,4,3,2,0.6667,5,119.3,29.0,1,1,55.5,-24.3,0.0,1.0,0.0,4.0,0.4,0,0,0,0,0,0,0,0,0,0,0,0,0,0,0
LNR-0321,CS-101,5,3,2,0.6667,10,207.2,20.0,1,1,69.9,-0.3,1.0,1.0,0.0,4.0,0.0,0,0,0,0,0,0,0,1,1,0,0,0,0,0,2
LNR-0322,CS-101,1,2,1,0.5,5,106.6,27.0,1,1,100.0,17.2,0.0,0.0,0.0,4.0,0.02,0,0,0,0,0,0,0,0,0,0,0,0,0,0,0
LNR-0322,CS-101,2,3,2,0.6667,11,188.3,21.0,2,1,97.7,-2.3,0.0,1.0,0.0,4.0,0.15,0,0,0,0,0,0,0,0,0,1,1,1,0,0,3
LNR-0322,CS-101,3,4,3,0.75,6,159.9,29.0,1,1,82.3,-15.4,0.0,0.0,0.0,3.0,0.42,0,0,0,0,0,0,0,0,0,0,0,0,0,0,0
LNR-0322,CS-101,4,3,2,0.6667,9,151.5,27.0,1,2,80.9,-1.4,0.0,2.0,0.0,4.0,0.44,0,0,0,0,0,0,0,0,0,0,0,0,1,1,2
LNR-0322,CS-101,5,4,3,0.75,4,101.5,19.0,1,1,86.4,5.5,0.0,1.0,0.0,3.5,0.46,0,0,0,0,0,0,0,0,0,1,1,1,0,0,3
LNR-0323,CS-101,1,2,2,1.0,14,251.5,37.0,2,1,79.6,-3.4,0.0,2.0,0.0,4.5,0.5,0,0,0,0,0,0,0,0,0,0,0,0,0,0,0
LNR-0323,CS-101,2,3,3,1.0,8,253.7,36.0,2,1,71.9,-7.7,0.0,0.0,2.0,4.5,0.81,0,0,0,0,0,0,0,0,0,0,0,0,0,0,0
LNR-0323,CS-101,3,4,4,1.0,15,252.7,26.0,2,1,80.5,8.6,1.0,0.0,1.0,5.0,0.46,0,0,0,0,0,0,0,0,0,0,0,0,0,0,0
LNR-0323,CS-101,4,4,3,0.75,6,221.4,36.0,2,1,95.0,14.5,0.0,1.0,0.0,4.0,0.44,0,0,0,0,0,0,0,0,0,1,1,1,1,1,5
LNR-0323,CS-101,5,4,4,1.0,10,217.3,22.0,2,2,81.4,-13.6,0.0,1.0,0.0,5.0,0.43,0,0,0,0,0,0,0,0,0,1,1,1,0,0,3
LNR-0324,CS-101,1,2,1,0.5,2,164.4,15.0,1,1,60.7,4.9,0.0,0.0,0.0,4.0,0.44,0,0,0,0,0,0,0,0,0,0,0,0,1,1,2
LNR-0324,CS-101,2,2,1,0.5,4,115.2,20.0,1,0,55.6,-5.1,0.0,0.0,0.0,2.0,-0.12,1,0,0,0,0,0,0,0,0,0,0,0,0,0,0
LNR-0324,CS-101,3,3,1,0.3333,2,26.5,9.0,0,2,40.7,-14.9,0.0,1.0,0.0,2.0,0.04,1,0,0,0,0,0,0,0,0,1,1,1,0,0,3
LNR-0324,CS-101,4,3,1,0.3333,1,55.5,9.0,0,0,40.9,0.2,1.0,1.0,0.0,1.5,0.04,1,0,0,0,0,0,0,0,0,0,0,0,0,0,0
LNR-0324,CS-101,5,3,0,0.0,3,33.3,6.0,0,1,36.8,-4.1,0.0,0.0,0.0,2.5,-0.21,1,0,0,0,0,0,0,0,0,0,0,0,0,0,0
LNR-0325,AI-301,1,3,2,0.6667,9,141.9,19.0,1,1,62.0,-8.0,1.0,1.0,0.0,3.5,0.08,0,0,0,0,0,0,0,0,0,0,0,0,0,0,0
LNR-0325,AI-301,2,3,2,0.6667,5,213.4,24.0,1,1,59.6,-2.4,0.0,0.0,1.0,4.0,0.44,0,0,0,0,0,0,0,0,0,0,0,0,1,1,2
LNR-0325,AI-301,3,3,2,0.6667,6,163.6,17.0,1,1,77.6,18.0,0.0,0.0,1.0,3.0,0.04,0,0,0,0,0,0,0,0,0,0,0,0,0,0,0
LNR-0325,AI-301,4,3,2,0.6667,6,168.3,26.0,1,1,75.1,-2.5,0.0,0.0,0.0,4.0,0.44,0,0,0,1,1,0,0,0,0,0,0,0,1,1,4
LNR-0325,AI-301,5,2,1,0.5,9,150.1,23.0,1,1,67.4,-7.7,0.0,1.0,0.0,3.5,0.44,0,0,0,0,0,0,0,0,0,0,0,0,0,0,0
LNR-0326,CS-101,1,3,2,0.6667,9,167.7,12.0,1,1,64.6,-5.7,0.0,0.0,0.0,3.0,0.24,0,0,0,0,0,0,0,0,0,0,0,0,0,0,0
LNR-0326,CS-101,2,3,3,1.0,5,147.5,17.0,1,2,64.3,-0.3,0.0,1.0,0.0,3.0,0.22,0,0,0,0,0,0,0,0,0,1,1,1,0,0,3
LNR-0326,CS-101,3,4,3,0.75,4,191.9,19.0,0,1,68.5,4.2,2.0,0.0,0.0,4.0,0.48,0,0,0,0,0,0,0,0,0,0,0,0,0,0,0
LNR-0326,CS-101,4,2,2,1.0,7,122.1,20.0,0,1,59.3,-9.2,2.0,1.0,0.0,3.5,0.02,0,0,0,0,0,0,0,0,0,0,0,0,0,0,0
LNR-0326,CS-101,5,3,2,0.6667,7,126.9,25.0,1,1,69.4,10.1,0.0,0.0,2.0,4.0,0.44,0,0,0,0,0,0,0,0,0,0,0,0,1,1,2
LNR-0327,CS-101,1,3,3,1.0,11,181.8,23.0,1,1,55.8,-5.4,1.0,1.0,0.0,4.0,0.5,0,1,0,0,0,0,0,0,0,0,0,0,0,0,1
LNR-0327,CS-101,2,2,2,1.0,16,148.9,29.0,1,1,55.1,-0.7,1.0,1.0,0.0,4.0,0.44,0,0,0,0,0,0,0,0,0,0,0,0,1,1,2
LNR-0327,CS-101,3,3,0,0.0,1,6.2,6.0,0,1,28.4,-26.7,0.0,0.0,0.0,1.0,-0.54,1,0,0,0,0,0,0,0,0,0,0,0,0,0,0
LNR-0327,CS-101,4,3,1,0.3333,4,45.2,0.0,0,0,11.9,-16.5,0.0,0.0,0.0,1.0,-0.47,1,0,0,0,0,0,0,0,0,0,0,0,0,0,0
LNR-0327,CS-101,5,3,1,0.3333,0,6.4,4.0,0,0,31.5,19.6,0.0,0.0,0.0,2.0,-0.6,1,0,0,0,0,0,0,0,0,0,0,0,0,0,0
LNR-0328,AI-301,1,2,2,1.0,10,93.4,23.0,1,1,53.3,-3.4,2.0,0.0,1.0,4.0,0.13,0,0,0,0,0,0,0,0,0,0,0,0,0,0,0
LNR-0328,AI-301,2,3,2,0.6667,8,125.8,20.0,2,1,51.9,-1.4,0.0,0.0,0.0,4.0,0.44,0,0,0,0,0,0,0,0,0,0,0,0,1,1,2
LNR-0328,AI-301,3,3,2,0.6667,5,118.1,13.0,2,1,73.3,21.4,0.0,2.0,0.0,3.5,0.48,0,0,0,0,0,0,0,0,0,0,0,0,0,0,0
LNR-0328,AI-301,4,4,3,0.75,9,172.8,17.0,0,2,50.4,-22.9,0.0,0.0,0.0,3.0,0.04,1,0,0,0,0,0,0,0,0,0,0,0,0,0,0
LNR-0328,AI-301,5,3,2,0.6667,8,36.6,14.0,1,1,57.1,6.7,1.0,0.0,2.0,3.0,0.11,1,0,0,0,0,0,0,0,0,0,0,0,0,0,0
LNR-0329,AI-301,1,3,3,1.0,15,264.2,35.0,2,2,97.8,9.3,0.0,1.0,0.0,4.0,0.9,0,0,0,0,0,0,0,0,0,1,1,1,0,0,3
LNR-0329,AI-301,2,4,4,1.0,10,262.7,31.0,2,1,69.9,-27.9,0.0,1.0,1.0,4.0,0.64,0,0,0,0,0,0,0,0,0,0,0,0,0,0,0
LNR-0329,AI-301,3,4,4,1.0,9,260.1,35.0,2,2,69.9,-0.3,1.0,0.0,2.0,4.5,0.88,0,0,0,0,0,0,0,1,1,0,0,0,0,0,2
LNR-0329,AI-301,4,3,3,1.0,10,158.1,33.0,2,2,95.9,16.2,2.0,1.0,1.0,5.0,0.74,0,1,0,0,0,0,0,0,0,0,0,0,0,0,1
LNR-0329,AI-301,5,2,2,1.0,8,153.7,42.0,2,1,84.5,-11.4,2.0,1.0,0.0,5.0,0.43,0,0,0,0,0,0,0,0,0,0,0,0,0,0,0
LNR-0330,DATA-201,1,2,1,0.5,8,60.7,22.0,0,1,77.2,9.2,0.0,0.0,0.0,4.0,0.2,0,0,0,0,0,0,0,0,0,0,0,0,0,0,0
LNR-0330,DATA-201,2,3,2,0.6667,4,168.3,26.0,1,1,81.1,3.9,4.0,1.0,0.0,3.5,0.14,0,0,0,1,1,0,0,0,0,0,0,0,0,0,2
LNR-0330,DATA-201,3,3,2,0.6667,8,179.8,22.0,1,1,58.9,-22.2,1.0,0.0,0.0,3.5,0.28,0,0,0,0,0,0,0,0,0,0,0,0,0,0,0
LNR-0330,DATA-201,4,2,1,0.5,9,127.4,20.0,1,1,69.9,-0.3,0.0,0.0,0.0,3.0,0.45,0,0,0,0,0,0,0,1,1,0,0,0,0,0,2
LNR-0330,DATA-201,5,3,2,0.6667,11,144.0,13.0,0,1,68.5,0.0,0.0,2.0,1.0,4.0,0.27,0,0,0,0,0,0,0,0,0,0,0,0,0,0,0
LNR-0331,CS-101,1,3,3,1.0,12,202.2,35.0,2,2,71.5,-3.1,1.0,0.0,0.0,5.0,0.41,0,0,0,0,0,0,0,0,0,0,0,0,0,0,0
LNR-0331,CS-101,2,3,3,1.0,11,210.9,35.0,2,1,86.4,14.9,4.0,0.0,0.0,4.0,0.44,0,0,0,0,0,0,0,0,0,0,0,0,1,1,2
LNR-0331,CS-101,3,2,2,1.0,12,205.3,34.0,2,2,89.4,3.0,1.0,4.0,0.0,4.5,0.53,0,0,0,0,0,0,0,0,0,0,0,0,0,0,0
LNR-0331,CS-101,4,3,3,1.0,12,183.8,40.0,2,1,76.0,-13.4,0.0,0.0,0.0,4.5,0.63,0,0,0,0,0,0,0,0,0,0,0,0,0,0,0
LNR-0331,CS-101,5,4,3,0.75,16,187.7,33.0,2,2,79.1,3.1,2.0,1.0,0.0,5.0,0.48,0,0,0,0,0,0,0,0,0,0,0,0,0,0,0
LNR-0332,WEB-102,1,3,2,0.6667,7,112.7,26.0,1,2,75.2,0.4,0.0,1.0,2.0,3.0,0.33,0,0,0,0,0,0,0,0,0,0,0,0,0,0,0
LNR-0332,WEB-102,2,3,3,1.0,7,176.2,20.0,0,2,81.2,6.0,1.0,1.0,0.0,4.0,0.44,0,0,0,0,0,0,0,0,0,0,0,0,1,1,2
LNR-0332,WEB-102,3,3,2,0.6667,3,122.4,26.0,1,1,76.2,-5.0,1.0,1.0,1.0,4.0,0.44,0,0,0,0,0,0,0,0,0,0,0,0,1,1,2
LNR-0332,WEB-102,4,2,2,1.0,6,148.3,23.0,1,1,82.9,6.7,0.0,0.0,1.0,3.5,0.29,0,0,0,0,0,0,0,0,0,0,0,0,0,0,0
LNR-0332,WEB-102,5,4,3,0.75,4,104.1,16.0,1,2,69.9,-0.3,0.0,3.0,0.0,3.0,0.27,0,0,0,0,0,0,0,1,1,0,0,0,0,0,2
LNR-0333,CS-101,1,2,2,1.0,5,115.2,18.0,1,1,48.0,2.5,0.0,1.0,0.0,3.5,0.35,0,0,0,0,0,0,0,0,0,1,1,1,0,0,3
LNR-0333,CS-101,2,2,2,1.0,4,231.2,24.0,1,1,50.3,2.3,0.0,3.0,0.0,3.5,0.21,0,0,0,0,0,0,0,0,0,0,0,0,0,0,0
LNR-0333,CS-101,3,3,2,0.6667,8,164.3,25.0,1,1,40.8,-9.5,0.0,0.0,0.0,3.5,0.14,0,0,0,0,0,0,0,0,0,0,0,0,0,0,0
LNR-0333,CS-101,4,2,1,0.5,5,290.5,27.0,1,1,69.9,-0.3,0.0,1.0,0.0,3.5,0.03,0,0,0,0,0,0,0,1,1,0,0,0,0,0,2
LNR-0333,CS-101,5,3,2,0.6667,8,121.1,22.0,2,1,57.6,21.3,0.0,0.0,0.0,3.5,0.43,0,0,0,0,0,0,0,0,0,0,0,0,0,0,0
LNR-0334,WEB-102,1,3,3,1.0,9,96.6,16.0,1,1,94.0,6.3,0.0,0.0,1.0,3.0,0.24,0,0,0,0,0,0,0,0,0,0,0,0,0,0,0
LNR-0334,WEB-102,2,4,3,0.75,4,200.1,14.0,1,1,79.0,-15.0,0.0,1.0,0.0,4.0,0.44,0,0,0,0,0,0,0,0,0,1,1,1,1,1,5
LNR-0334,WEB-102,3,4,3,0.75,8,152.2,27.0,1,1,87.4,8.4,1.0,1.0,0.0,3.5,0.38,0,0,0,0,0,0,0,0,0,0,0,0,0,0,0
LNR-0334,WEB-102,4,4,3,0.75,6,142.9,22.0,1,1,87.2,-0.2,0.0,0.0,0.0,3.5,0.27,0,0,0,0,0,0,0,0,0,0,0,0,0,0,0
LNR-0334,WEB-102,5,3,2,0.6667,6,115.5,18.0,1,1,94.6,7.4,1.0,1.0,0.0,4.0,0.08,0,0,0,0,0,0,0,0,0,0,0,0,0,0,0
LNR-0335,DATA-201,1,4,4,1.0,10,204.3,35.0,2,3,64.9,2.1,0.0,1.0,0.0,5.0,0.8,0,0,0,0,0,0,0,0,0,1,1,1,0,0,3
LNR-0335,DATA-201,2,3,3,1.0,5,198.7,34.0,1,2,64.3,-0.6,1.0,1.0,0.0,5.0,0.49,0,0,0,0,0,0,0,0,0,0,0,0,0,0,0
LNR-0335,DATA-201,3,3,3,1.0,6,220.8,34.0,2,1,59.8,-4.5,1.0,0.0,0.0,4.5,0.52,0,0,0,0,0,0,0,0,0,0,0,0,0,0,0
LNR-0335,DATA-201,4,3,3,1.0,16,229.5,30.0,2,1,74.0,14.2,1.0,2.0,0.0,5.0,0.45,0,0,0,0,0,0,0,0,0,0,0,0,0,0,0
LNR-0335,DATA-201,5,2,2,1.0,6,224.9,36.0,2,1,69.5,-4.5,1.0,0.0,1.0,5.0,0.9,0,0,0,0,0,0,0,0,0,0,0,0,0,0,0
LNR-0336,AI-301,1,3,3,1.0,12,176.9,26.0,2,3,77.0,14.1,0.0,1.0,0.0,4.0,0.59,0,0,0,0,0,0,0,0,0,0,0,0,0,0,0
LNR-0336,AI-301,2,4,4,1.0,9,257.7,33.0,2,2,69.8,-7.2,0.0,2.0,1.0,5.0,0.8,0,0,0,0,0,0,0,0,0,0,0,0,0,0,0
LNR-0336,AI-301,3,4,4,1.0,5,172.8,30.0,1,2,69.8,0.0,4.0,0.0,0.0,4.0,0.9,0,0,0,0,0,0,0,0,0,0,0,0,0,0,0
LNR-0336,AI-301,4,3,3,1.0,9,191.6,29.0,1,1,73.4,3.6,0.0,1.0,0.0,4.0,0.44,0,0,0,0,0,0,0,0,0,0,0,0,1,1,2
LNR-0336,AI-301,5,4,4,1.0,15,156.2,23.0,2,1,65.1,-8.3,0.0,1.0,0.0,4.5,0.45,0,0,0,0,0,0,0,0,0,1,1,1,0,0,3
LNR-0337,CS-101,1,3,3,1.0,12,160.3,38.0,1,2,71.3,1.7,0.0,1.0,1.0,4.0,0.58,0,0,0,0,0,0,0,0,0,0,0,0,0,0,0
LNR-0337,CS-101,2,4,4,1.0,9,262.1,34.0,2,3,84.1,12.8,0.0,1.0,0.0,4.5,0.57,0,0,0,0,0,0,0,0,0,0,0,0,0,0,0
LNR-0337,CS-101,3,2,2,1.0,7,205.5,29.0,1,1,76.7,-7.4,0.0,1.0,0.0,4.0,0.88,0,1,0,0,0,0,0,0,0,0,0,0,0,0,1
LNR-0337,CS-101,4,3,3,1.0,12,168.3,26.0,2,2,62.0,-14.7,1.0,0.0,0.0,5.0,0.58,0,0,0,1,1,0,0,0,0,0,0,0,0,0,2
LNR-0337,CS-101,5,3,3,1.0,11,188.1,33.0,2,1,68.9,6.9,0.0,1.0,0.0,4.5,0.72,0,0,0,0,0,0,0,0,0,0,0,0,0,0,0
LNR-0338,CS-101,1,4,4,1.0,15,219.3,37.0,2,3,53.5,4.7,0.0,2.0,0.0,4.5,0.65,0,0,0,0,0,0,0,0,0,0,0,0,0,0,0
LNR-0338,CS-101,2,3,3,1.0,10,317.1,30.0,2,1,54.5,1.0,0.0,2.0,0.0,4.5,0.7,0,0,0,0,0,0,0,0,0,0,0,0,0,0,0
LNR-0338,CS-101,3,3,3,1.0,9,218.1,30.0,1,1,48.9,-5.6,0.0,3.0,1.0,4.5,0.75,0,0,0,0,0,0,0,0,0,0,0,0,0,0,0
LNR-0338,CS-101,4,4,4,1.0,9,176.5,29.0,2,1,51.4,2.5,1.0,0.0,0.0,4.0,0.51,0,0,0,0,0,0,0,0,0,0,0,0,0,0,0
LNR-0338,CS-101,5,3,3,1.0,9,194.9,25.0,1,3,54.5,3.1,1.0,0.0,2.0,4.5,0.77,0,0,0,0,0,0,0,0,0,0,0,0,0,0,0
LNR-0339,CS-101,1,3,2,0.6667,7,168.3,26.0,1,0,41.7,-6.3,0.0,0.0,0.0,3.0,-0.45,0,0,0,1,1,0,0,0,0,0,0,0,0,0,2
LNR-0339,CS-101,2,4,1,0.25,2,36.9,12.0,0,2,40.9,-0.8,0.0,0.0,2.0,2.0,-0.41,1,0,0,0,0,0,0,0,0,0,0,0,0,0,0
LNR-0339,CS-101,3,3,1,0.3333,4,114.2,6.0,1,3,38.8,-2.1,0.0,0.0,1.0,4.0,0.44,0,0,0,0,0,0,0,0,0,0,0,0,1,1,2
LNR-0339,CS-101,4,3,1,0.3333,1,74.9,7.0,0,1,14.0,-24.8,1.0,0.0,0.0,2.0,-0.57,1,0,0,0,0,0,0,0,0,0,0,0,0,0,0
LNR-0339,CS-101,5,2,0,0.0,0,94.0,5.0,0,0,7.6,-6.4,1.0,0.0,0.0,2.0,-0.46,1,0,0,0,0,0,0,0,0,0,0,0,0,0,0
LNR-0340,CS-101,1,3,2,1.0,7,130.7,19.0,2,2,76.9,9.9,0.0,1.0,0.0,3.5,0.41,0,1,0,0,0,0,0,0,0,1,1,1,0,0,4
LNR-0340,CS-101,2,3,3,1.0,3,135.6,17.0,1,1,63.1,-13.8,2.0,1.0,0.0,4.0,0.1,0,0,0,0,0,0,0,0,0,0,0,0,0,0,0
LNR-0340,CS-101,3,2,2,1.0,9,179.4,19.0,1,1,53.1,-10.0,0.0,0.0,0.0,4.0,0.25,0,0,0,0,0,0,0,0,0,0,0,0,0,0,0
LNR-0340,CS-101,4,3,2,0.6667,9,151.9,14.0,1,1,53.7,0.6,0.0,1.0,0.0,4.0,0.23,0,0,0,0,0,0,0,0,0,0,0,0,0,0,0
LNR-0340,CS-101,5,3,2,0.6667,8,242.9,30.0,1,1,59.1,5.4,0.0,1.0,0.0,4.0,0.44,0,0,0,0,0,0,0,0,0,1,1,1,1,1,5
LNR-0341,CS-101,1,3,1,0.3333,3,145.5,12.0,0,3,62.0,-5.0,0.0,2.0,0.0,1.5,0.05,1,0,0,0,0,0,0,0,0,0,0,0,0,0,0
LNR-0341,CS-101,2,4,1,0.25,4,130.8,14.0,0,0,64.8,2.8,0.0,0.0,0.0,2.0,-0.12,0,0,0,0,0,0,0,0,0,0,0,0,0,0,0
LNR-0341,CS-101,3,2,0,0.0,4,81.0,10.0,1,2,57.1,-7.7,0.0,0.0,0.0,2.5,0.08,1,0,0,0,0,0,0,0,0,0,0,0,0,0,0
LNR-0341,CS-101,4,2,0,0.0,0,47.6,4.0,0,0,62.6,5.5,0.0,1.0,0.0,2.5,-0.21,1,0,0,0,0,0,0,0,0,0,0,0,0,0,0
LNR-0341,CS-101,5,3,0,0.0,1,28.5,5.0,0,1,55.0,-7.6,0.0,1.0,0.0,2.0,-0.3,1,0,0,0,0,0,0,0,0,1,1,1,0,0,3
LNR-0342,CS-101,1,3,3,1.0,11,199.5,36.0,2,1,59.2,4.3,2.0,1.0,0.0,4.0,0.44,0,0,0,0,0,0,0,0,0,0,0,0,1,1,2
LNR-0342,CS-101,2,4,3,0.75,15,266.3,34.0,2,2,65.6,6.4,0.0,2.0,1.0,4.5,0.84,0,0,0,0,0,0,0,0,0,0,0,0,0,0,0
LNR-0342,CS-101,3,3,3,1.0,10,134.0,31.0,2,2,58.9,-6.7,1.0,0.0,0.0,4.0,0.44,0,0,0,0,0,0,0,0,0,0,0,0,1,1,2
LNR-0342,CS-101,4,3,3,1.0,11,221.9,24.0,2,2,52.7,-6.2,1.0,2.0,0.0,4.5,0.59,0,0,0,0,0,0,0,0,0,0,0,0,0,0,0
LNR-0342,CS-101,5,4,4,1.0,9,225.2,28.0,2,1,55.4,2.7,0.0,0.0,1.0,4.0,0.44,0,0,0,0,0,0,0,0,0,0,0,0,1,1,2
LNR-0343,CS-101,1,4,4,1.0,7,220.5,42.0,2,2,100.0,3.0,1.0,1.0,0.0,4.0,0.44,0,0,0,0,0,0,0,0,0,0,0,0,1,1,2
LNR-0343,CS-101,2,3,3,1.0,16,168.3,26.0,2,2,100.0,0.0,1.0,0.0,1.0,4.0,0.44,0,0,0,1,1,0,0,0,0,0,0,0,1,1,4
LNR-0343,CS-101,3,3,3,1.0,13,212.2,40.0,2,2,97.5,-2.5,0.0,1.0,0.0,4.5,0.47,0,0,0,0,0,0,0,0,0,0,0,0,0,0,0
LNR-0343,CS-101,4,3,3,1.0,21,152.6,29.0,1,1,92.9,-4.6,1.0,2.0,0.0,4.5,0.72,0,0,0,0,0,0,0,0,0,0,0,0,0,0,0
LNR-0343,CS-101,5,3,3,1.0,10,168.3,26.0,2,2,100.0,7.1,0.0,0.0,0.0,5.0,0.63,0,0,0,1,1,0,0,0,0,0,0,0,0,0,2
LNR-0344,DATA-201,1,4,4,1.0,11,192.5,28.0,2,3,69.9,-0.3,0.0,1.0,0.0,4.5,0.83,0,0,0,0,0,0,0,1,1,0,0,0,0,0,2
LNR-0344,DATA-201,2,2,2,1.0,11,227.1,37.0,2,3,58.3,5.8,2.0,3.0,2.0,4.5,0.5,0,0,0,0,0,0,0,0,0,0,0,0,0,0,0
LNR-0344,DATA-201,3,3,3,1.0,13,303.2,29.0,1,1,65.2,6.9,0.0,0.0,0.0,4.0,0.44,0,0,0,0,0,0,0,0,0,0,0,0,1,1,2
LNR-0344,DATA-201,4,3,3,1.0,12,251.7,36.0,2,1,47.1,-18.1,0.0,2.0,0.0,4.0,0.44,0,0,0,0,0,0,0,0,0,0,0,0,1,1,2
LNR-0344,DATA-201,5,3,3,1.0,10,284.0,34.0,2,1,52.0,4.9,2.0,1.0,0.0,5.0,0.89,0,0,0,0,0,0,0,0,0,0,0,0,0,0,0
LNR-0345,WEB-102,1,2,2,1.0,11,209.1,26.0,2,1,54.3,2.8,1.0,2.0,1.0,4.0,0.44,0,0,0,0,0,0,0,0,0,0,0,0,1,1,2
LNR-0345,WEB-102,2,2,2,1.0,16,141.0,36.0,1,1,51.6,-2.7,0.0,1.0,0.0,4.5,0.49,0,0,0,0,0,0,0,0,0,1,1,1,0,0,3
LNR-0345,WEB-102,3,3,3,1.0,9,179.6,30.0,2,1,50.5,-1.1,0.0,1.0,1.0,5.0,0.48,0,0,0,0,0,0,0,0,0,0,0,0,0,0,0
LNR-0345,WEB-102,4,3,3,1.0,16,186.3,47.0,2,1,47.4,-3.1,0.0,1.0,0.0,4.0,0.51,0,0,0,0,0,0,0,0,0,1,1,1,0,0,3
LNR-0345,WEB-102,5,2,2,1.0,11,211.8,35.0,2,1,58.0,10.6,2.0,3.0,0.0,4.5,0.63,0,0,0,0,0,0,0,0,0,0,0,0,0,0,0
LNR-0346,CS-101,1,3,3,1.0,8,167.9,25.0,2,3,60.2,-3.9,0.0,1.0,0.0,5.0,0.78,0,0,0,0,0,0,0,0,0,0,0,0,0,0,0
LNR-0346,CS-101,2,2,2,1.0,12,220.5,28.0,2,2,74.8,14.6,2.0,2.0,0.0,4.0,0.56,0,0,0,0,0,0,0,0,0,0,0,0,0,0,0
LNR-0346,CS-101,3,2,2,1.0,15,157.7,29.0,2,1,71.6,-3.2,0.0,1.0,0.0,4.0,0.44,0,0,0,0,0,0,0,0,0,1,1,1,1,1,5
LNR-0346,CS-101,4,3,3,1.0,15,233.5,44.0,1,2,60.4,-11.2,0.0,1.0,0.0,4.0,0.44,0,0,0,0,0,0,0,0,0,1,1,1,1,1,5
LNR-0346,CS-101,5,4,4,1.0,14,212.8,28.0,2,1,57.7,-2.7,2.0,2.0,1.0,5.0,0.52,0,0,0,0,0,0,0,0,0,0,0,0,0,0,0
LNR-0347,DATA-201,1,3,3,1.0,10,152.8,27.0,1,1,68.2,-4.4,1.0,1.0,0.0,4.0,0.5,0,0,0,0,0,0,0,0,0,0,0,0,0,0,0
LNR-0347,DATA-201,2,4,4,1.0,8,168.3,26.0,1,1,69.9,-0.3,1.0,1.0,0.0,4.0,0.5,0,0,0,1,1,0,0,1,1,0,0,0,0,0,4
LNR-0347,DATA-201,3,3,1,0.3333,3,25.9,4.0,0,0,69.9,-0.3,0.0,0.0,0.0,1.0,-0.59,1,0,0,0,0,0,0,1,1,0,0,0,0,0,2
LNR-0347,DATA-201,4,4,1,0.25,1,31.7,4.0,0,1,52.0,19.9,0.0,0.0,0.0,4.0,0.44,1,0,0,0,0,0,0,0,0,0,0,0,1,1,2
LNR-0347,DATA-201,5,4,1,0.25,1,43.3,2.0,0,0,69.9,-0.3,0.0,0.0,0.0,4.0,0.44,1,0,0,0,0,0,0,1,1,0,0,0,1,1,4
LNR-0348,CS-101,1,3,2,0.6667,5,163.8,24.0,1,1,68.1,6.4,0.0,0.0,0.0,3.5,0.47,0,0,0,0,0,0,0,0,0,0,0,0,0,0,0
LNR-0348,CS-101,2,2,2,1.0,3,176.6,22.0,1,1,63.2,-4.9,0.0,1.0,1.0,3.0,0.34,0,0,0,0,0,0,0,0,0,0,0,0,0,0,0
LNR-0348,CS-101,3,3,2,0.6667,4,69.7,22.0,2,1,54.6,-8.6,1.0,1.0,0.0,3.5,0.01,1,0,0,0,0,0,0,0,0,0,0,0,0,0,0
LNR-0348,CS-101,4,3,2,0.6667,6,135.9,25.0,0,1,55.1,0.5,0.0,1.0,0.0,3.0,0.34,1,0,0,0,0,0,0,0,0,0,0,0,0,0,0
LNR-0348,CS-101,5,3,2,0.6667,6,148.4,23.0,1,1,58.2,3.1,0.0,0.0,0.0,4.0,0.21,0,0,0,0,0,0,0,0,0,0,0,0,0,0,0
LNR-0349,WEB-102,1,3,1,0.3333,2,154.0,11.0,0,0,52.5,-13.4,0.0,0.0,0.0,2.0,-0.44,1,0,0,0,0,0,0,0,0,0,0,0,0,0,0
LNR-0349,WEB-102,2,2,1,0.5,6,89.9,8.0,0,0,57.6,5.1,1.0,1.0,0.0,2.0,-0.23,1,0,0,0,0,0,0,0,0,0,0,0,0,0,0
LNR-0349,WEB-102,3,3,1,0.3333,1,44.5,10.0,1,1,57.4,-0.2,0.0,1.0,0.0,2.5,-0.51,1,0,0,0,0,0,0,0,0,1,1,1,0,0,3
LNR-0349,WEB-102,4,3,1,0.3333,7,104.8,8.0,0,0,30.8,-26.6,0.0,0.0,0.0,4.0,0.44,1,0,0,0,0,0,0,0,0,0,0,0,1,1,2
LNR-0349,WEB-102,5,3,0,0.0,1,12.6,3.0,0,0,38.1,7.3,0.0,0.0,0.0,4.0,0.44,1,0,0,0,0,0,0,0,0,0,0,0,1,1,2
LNR-0350,CS-101,1,3,2,0.6667,6,147.9,17.0,0,1,67.9,-0.9,0.0,3.0,0.0,3.5,0.26,0,0,0,0,0,0,0,0,0,0,0,0,0,0,0
LNR-0350,CS-101,2,3,2,0.6667,4,98.2,29.0,1,2,68.6,0.7,0.0,2.0,0.0,3.5,0.22,0,0,0,0,0,0,0,0,0,0,0,0,0,0,0
LNR-0350,CS-101,3,2,2,1.0,10,170.2,24.0,1,1,74.7,6.1,0.0,1.0,0.0,3.5,0.03,0,0,0,0,0,0,0,0,0,1,1,1,0,0,3
LNR-0350,CS-101,4,3,2,1.0,7,170.7,22.0,1,1,63.1,-11.6,0.0,1.0,0.0,4.0,0.44,0,1,0,0,0,0,0,0,0,1,1,1,1,1,6
LNR-0350,CS-101,5,3,2,0.6667,6,103.8,23.0,1,2,69.0,5.9,0.0,0.0,0.0,4.0,0.24,0,0,0,0,0,0,0,0,0,0,0,0,0,0,0
LNR-0351,WEB-102,1,3,2,0.6667,9,161.2,22.0,1,1,71.8,-8.5,1.0,2.0,0.0,4.0,0.44,0,0,0,0,0,0,0,0,0,0,0,0,1,1,2
LNR-0351,WEB-102,2,3,2,0.6667,7,159.1,28.0,1,2,82.9,11.1,0.0,0.0,1.0,4.0,0.44,0,0,0,0,0,0,0,0,0,0,0,0,1,1,2
LNR-0351,WEB-102,3,3,2,0.6667,8,122.8,28.0,1,1,80.2,-2.7,0.0,1.0,0.0,3.5,0.05,0,0,0,0,0,0,0,0,0,0,0,0,0,0,0
LNR-0351,WEB-102,4,2,2,1.0,3,99.0,17.0,2,1,84.0,3.8,0.0,1.0,0.0,3.5,0.37,0,0,0,0,0,0,0,0,0,1,1,1,0,0,3
LNR-0351,WEB-102,5,2,1,0.5,6,199.2,26.0,0,1,84.5,0.5,0.0,2.0,0.0,3.0,0.03,0,0,0,0,0,0,0,0,0,0,0,0,0,0,0
LNR-0352,AI-301,1,3,2,0.6667,3,63.6,11.0,1,1,69.9,-0.3,0.0,0.0,0.0,2.0,-0.02,1,0,0,0,0,0,0,1,1,0,0,0,0,0,2
LNR-0352,AI-301,2,4,1,0.25,5,82.9,12.0,1,0,79.5,0.1,0.0,1.0,0.0,2.0,0.06,1,0,0,0,0,0,0,0,0,0,0,0,0,0,0
LNR-0352,AI-301,3,4,1,0.25,1,93.8,7.0,1,3,85.2,5.7,0.0,0.0,0.0,3.0,-0.4,0,0,0,0,0,0,0,0,0,0,0,0,0,0,0
LNR-0352,AI-301,4,3,0,0.0,5,65.6,7.0,0,1,73.0,-12.2,0.0,0.0,0.0,2.0,-0.16,1,0,0,0,0,0,0,0,0,0,0,0,0,0,0
LNR-0352,AI-301,5,2,0,0.0,1,29.1,2.0,0,1,61.8,-11.2,0.0,0.0,0.0,2.5,-0.12,1,0,0,0,0,0,0,0,0,0,0,0,0,0,0
LNR-0353,DATA-201,1,3,3,1.0,14,184.5,40.0,1,1,87.0,9.4,0.0,0.0,0.0,5.0,0.81,0,0,0,0,0,0,0,0,0,0,0,0,0,0,0
LNR-0353,DATA-201,2,3,3,1.0,8,169.0,29.0,2,2,80.5,-6.5,1.0,0.0,2.0,5.0,0.59,0,0,0,0,0,0,0,0,0,0,0,0,0,0,0
LNR-0353,DATA-201,3,3,3,1.0,9,168.3,26.0,2,1,69.9,-0.3,1.0,1.0,1.0,4.0,0.67,0,0,0,1,1,0,0,1,1,0,0,0,0,0,4
LNR-0353,DATA-201,4,3,3,1.0,15,260.2,35.0,1,2,71.5,-20.6,0.0,0.0,1.0,4.5,0.62,0,0,0,0,0,0,0,0,0,0,0,0,0,0,0
LNR-0353,DATA-201,5,3,3,1.0,7,193.7,36.0,2,1,78.9,7.4,1.0,0.0,0.0,4.5,0.72,0,0,0,0,0,0,0,0,0,0,0,0,0,0,0
LNR-0354,CS-101,1,4,3,0.75,6,145.5,17.0,2,1,68.4,-10.7,0.0,1.0,0.0,3.5,0.37,0,0,0,0,0,0,0,0,0,0,0,0,0,0,0
LNR-0354,CS-101,2,4,3,0.75,7,68.8,18.0,0,1,90.2,21.8,0.0,0.0,0.0,4.0,0.22,1,0,0,0,0,0,0,0,0,0,0,0,0,0,0
LNR-0354,CS-101,3,3,2,0.6667,5,168.3,26.0,2,1,69.9,-0.3,0.0,0.0,1.0,4.0,0.44,0,0,0,1,1,0,0,1,1,0,0,0,1,1,6
LNR-0354,CS-101,4,4,3,0.75,6,133.0,22.0,0,1,70.1,7.1,0.0,0.0,1.0,3.0,0.39,0,0,0,0,0,0,0,0,0,0,0,0,0,0,0
LNR-0354,CS-101,5,3,2,0.6667,5,178.6,24.0,0,1,77.7,7.6,0.0,1.0,0.0,3.0,0.06,0,0,0,0,0,0,0,0,0,0,0,0,0,0,0
LNR-0355,AI-301,1,3,1,0.3333,8,89.9,27.0,1,0,68.7,1.1,0.0,1.0,0.0,1.5,-0.02,0,0,0,0,0,0,0,0,0,1,1,1,0,0,3
LNR-0355,AI-301,2,3,1,1.0,8,141.3,9.0,1,3,38.1,-30.6,0.0,0.0,0.0,1.5,-0.58,1,1,0,0,0,0,0,0,0,0,0,0,0,0,1
LNR-0355,AI-301,3,3,1,0.3333,2,88.4,7.0,1,0,56.5,18.4,0.0,0.0,0.0,1.5,-0.04,0,0,0,0,0,0,0,0,0,0,0,0,0,0,0
LNR-0355,AI-301,4,3,0,0.0,0,55.2,12.0,0,0,47.0,-9.5,0.0,0.0,0.0,4.0,0.44,1,0,0,0,0,0,0,0,0,0,0,0,1,1,2
LNR-0355,AI-301,5,3,0,0.0,2,22.6,5.0,0,0,44.0,-3.0,0.0,0.0,0.0,2.0,-0.18,1,0,0,0,0,0,0,0,0,0,0,0,0,0,0
LNR-0356,DATA-201,1,3,2,0.6667,8,100.9,21.0,2,1,58.5,-5.9,0.0,0.0,0.0,3.5,0.3,0,0,0,0,0,0,0,0,0,0,0,0,0,0,0
LNR-0356,DATA-201,2,3,2,1.0,4,117.9,22.0,1,1,61.3,2.8,2.0,0.0,0.0,3.5,0.09,0,1,0,0,0,0,0,0,0,0,0,0,0,0,1
LNR-0356,DATA-201,3,2,2,1.0,7,159.6,16.0,1,1,51.9,-9.4,0.0,1.0,0.0,3.5,0.26,0,0,0,0,0,0,0,0,0,1,1,1,0,0,3
LNR-0356,DATA-201,4,3,2,0.6667,6,202.6,25.0,1,1,59.3,7.4,0.0,1.0,0.0,4.0,0.44,0,0,0,0,0,0,0,0,0,1,1,1,1,1,5
LNR-0356,DATA-201,5,3,2,0.6667,9,175.1,23.0,1,2,65.1,5.8,0.0,0.0,1.0,3.0,0.39,0,0,0,0,0,0,0,0,0,0,0,0,0,0,0
LNR-0357,WEB-102,1,3,3,1.0,10,255.4,31.0,2,2,84.5,6.0,1.0,1.0,1.0,5.0,0.59,0,0,0,0,0,0,0,0,0,0,0,0,0,0,0
LNR-0357,WEB-102,2,3,3,1.0,11,191.2,41.0,1,2,78.2,-6.3,1.0,3.0,0.0,4.5,0.83,0,0,0,0,0,0,0,0,0,0,0,0,0,0,0
LNR-0357,WEB-102,3,3,3,1.0,15,155.3,29.0,2,1,81.0,2.8,0.0,1.0,0.0,4.0,0.86,0,0,0,0,0,0,0,0,0,0,0,0,0,0,0
LNR-0357,WEB-102,4,2,2,1.0,14,168.6,26.0,1,1,76.1,-4.9,2.0,0.0,0.0,4.0,0.46,0,0,0,0,0,0,0,0,0,0,0,0,0,0,0
LNR-0357,WEB-102,5,4,4,1.0,12,157.4,30.0,1,1,74.3,-1.8,2.0,1.0,0.0,4.0,0.63,0,0,0,0,0,0,0,0,0,0,0,0,0,0,0
LNR-0358,WEB-102,1,2,1,0.5,2,165.0,12.0,1,4,58.2,-19.6,0.0,0.0,0.0,1.5,-0.44,0,0,0,0,0,0,0,0,0,0,0,0,0,0,0
LNR-0358,WEB-102,2,3,1,0.3333,4,126.9,11.0,1,3,67.3,9.1,0.0,0.0,0.0,2.0,-0.38,0,0,0,0,0,0,0,0,0,0,0,0,0,0,0
LNR-0358,WEB-102,3,3,1,0.3333,4,49.6,13.0,0,0,66.2,-1.1,0.0,0.0,1.0,1.5,-0.28,1,0,0,0,0,0,0,0,0,0,0,0,0,0,0
LNR-0358,WEB-102,4,2,0,0.0,3,88.1,4.0,1,0,56.3,-9.9,0.0,0.0,0.0,2.5,-0.54,1,0,0,0,0,0,0,0,0,0,0,0,0,0,0
LNR-0358,WEB-102,5,3,0,0.0,1,52.2,6.0,0,0,48.1,-8.2,0.0,0.0,0.0,1.5,-0.04,1,0,0,0,0,0,0,0,0,0,0,0,0,0,0
LNR-0359,AI-301,1,2,2,1.0,16,286.5,23.0,2,1,82.8,8.4,1.0,0.0,0.0,5.0,0.63,0,1,0,0,0,0,0,0,0,0,0,0,0,0,1
LNR-0359,AI-301,2,4,4,1.0,16,218.6,20.0,2,1,76.3,-6.5,0.0,0.0,0.0,4.0,0.77,0,0,0,0,0,0,0,0,0,0,0,0,0,0,0
LNR-0359,AI-301,3,4,3,0.75,15,162.2,39.0,1,1,78.6,2.3,0.0,2.0,0.0,4.0,0.44,0,0,0,0,0,0,0,0,0,0,0,0,1,1,2
LNR-0359,AI-301,4,3,3,1.0,11,203.0,37.0,2,2,86.2,7.6,0.0,1.0,0.0,4.0,0.44,0,0,0,0,0,0,0,0,0,0,0,0,1,1,2
LNR-0359,AI-301,5,3,3,1.0,7,195.3,33.0,2,1,63.4,-22.8,2.0,1.0,1.0,5.0,0.85,0,0,0,0,0,0,0,0,0,0,0,0,0,0,0
LNR-0360,CS-101,1,3,3,1.0,10,193.8,36.0,2,2,84.5,9.9,0.0,2.0,0.0,4.5,0.54,0,0,0,0,0,0,0,0,0,0,0,0,0,0,0
LNR-0360,CS-101,2,3,3,1.0,11,231.7,25.0,2,1,79.7,-4.8,0.0,3.0,0.0,5.0,0.84,0,0,0,0,0,0,0,0,0,0,0,0,0,0,0
LNR-0360,CS-101,3,3,3,1.0,14,197.3,29.0,2,2,80.5,0.8,1.0,2.0,0.0,5.0,0.64,0,0,0,0,0,0,0,0,0,0,0,0,0,0,0
LNR-0360,CS-101,4,3,3,1.0,10,258.5,29.0,1,1,73.5,-7.0,1.0,2.0,0.0,5.0,0.55,0,0,0,0,0,0,0,0,0,0,0,0,0,0,0
LNR-0360,CS-101,5,2,2,1.0,12,232.3,32.0,2,1,66.2,-7.3,1.0,1.0,0.0,4.0,0.57,0,0,0,0,0,0,0,0,0,0,0,0,0,0,0
LNR-0361,DATA-201,1,3,3,1.0,6,140.8,22.0,2,1,50.5,-7.1,1.0,1.0,1.0,4.0,0.44,0,0,0,0,0,0,0,0,0,0,0,0,1,1,2
LNR-0361,DATA-201,2,3,2,0.6667,2,144.4,20.0,1,2,42.9,-7.6,0.0,0.0,0.0,3.0,0.24,0,0,0,0,0,0,0,0,0,0,0,0,0,0,0
LNR-0361,DATA-201,3,3,2,0.6667,4,172.2,19.0,1,1,45.4,2.5,0.0,0.0,0.0,3.5,0.38,0,0,0,0,0,0,0,0,0,0,0,0,0,0,0
LNR-0361,DATA-201,4,4,3,1.0,9,168.3,26.0,1,1,51.5,6.1,0.0,0.0,0.0,4.0,0.24,0,1,0,1,1,0,0,0,0,0,0,0,0,0,3
LNR-0361,DATA-201,5,2,1,0.5,4,214.0,21.0,1,2,54.7,3.2,0.0,1.0,0.0,3.0,0.36,0,0,0,0,0,0,0,0,0,0,0,0,0,0,0
LNR-0362,DATA-201,1,2,2,1.0,11,264.5,35.0,1,1,79.7,8.3,2.0,2.0,0.0,5.0,0.6,0,0,0,0,0,0,0,0,0,0,0,0,0,0,0
LNR-0362,DATA-201,2,3,3,1.0,9,168.3,26.0,2,1,74.6,-5.1,1.0,1.0,0.0,4.0,0.71,0,0,0,1,1,0,0,0,0,0,0,0,0,0,2
LNR-0362,DATA-201,3,3,3,1.0,10,147.8,38.0,2,1,78.5,3.9,1.0,1.0,0.0,4.0,0.76,0,0,0,0,0,0,0,0,0,0,0,0,0,0,0
LNR-0362,DATA-201,4,3,3,1.0,14,167.3,33.0,2,1,66.4,-12.1,2.0,1.0,0.0,4.0,0.41,0,0,0,0,0,0,0,0,0,0,0,0,0,0,0
LNR-0362,DATA-201,5,3,3,1.0,13,188.1,38.0,2,1,72.0,5.6,0.0,2.0,0.0,4.5,0.61,0,0,0,0,0,0,0,0,0,0,0,0,0,0,0
LNR-0363,AI-301,1,3,3,1.0,13,202.7,30.0,2,1,76.6,-2.5,0.0,1.0,0.0,5.0,0.74,0,0,0,0,0,0,0,0,0,0,0,0,0,0,0
LNR-0363,AI-301,2,3,3,1.0,11,226.4,41.0,2,2,82.5,5.9,0.0,1.0,0.0,4.0,0.9,0,0,0,0,0,0,0,0,0,0,0,0,0,0,0
LNR-0363,AI-301,3,3,3,1.0,10,239.8,27.0,2,2,76.0,-6.5,1.0,5.0,0.0,5.0,0.87,0,0,0,0,0,0,0,0,0,0,0,0,0,0,0
LNR-0363,AI-301,4,3,3,1.0,9,170.6,27.0,2,1,69.9,-0.3,2.0,0.0,0.0,4.0,0.48,0,0,0,0,0,0,0,1,1,0,0,0,0,0,2
LNR-0363,AI-301,5,4,4,1.0,12,204.2,32.0,1,1,73.7,-6.0,0.0,1.0,0.0,5.0,0.42,0,0,0,0,0,0,0,0,0,1,1,1,0,0,3
LNR-0364,CS-101,1,3,1,1.0,4,168.3,26.0,0,4,66.8,-8.9,1.0,0.0,0.0,2.5,-0.52,1,1,0,1,1,0,0,0,0,0,0,0,0,0,3
LNR-0364,CS-101,2,3,1,0.3333,8,120.3,16.0,1,2,71.3,4.5,2.0,1.0,0.0,3.0,-0.33,1,0,0,0,0,0,0,0,0,0,0,0,0,0,0
LNR-0364,CS-101,3,3,1,0.3333,1,146.5,10.0,0,2,61.3,-10.0,0.0,1.0,0.0,2.0,-0.18,1,0,0,0,0,0,0,0,0,1,1,1,0,0,3
LNR-0364,CS-101,4,3,0,0.0,0,73.3,6.0,0,1,44.7,-16.6,0.0,1.0,0.0,1.5,-0.4,1,0,0,0,0,0,0,0,0,1,1,1,0,0,3
LNR-0364,CS-101,5,3,0,1.0,0,63.8,6.0,0,0,35.3,-9.4,0.0,1.0,0.0,3.0,-0.52,1,1,0,0,0,0,0,0,0,1,1,1,0,0,4
LNR-0365,DATA-201,1,3,3,1.0,11,249.0,21.0,2,3,63.7,7.4,3.0,2.0,2.0,4.0,0.44,0,0,0,0,0,0,0,0,0,0,0,0,1,1,2
LNR-0365,DATA-201,2,3,3,1.0,8,180.9,27.0,2,1,65.5,1.8,0.0,0.0,0.0,4.0,0.69,0,0,0,0,0,0,0,0,0,0,0,0,0,0,0
LNR-0365,DATA-201,3,4,4,1.0,13,271.7,34.0,2,3,56.1,-9.4,2.0,2.0,0.0,4.5,0.53,0,0,0,0,0,0,0,0,0,0,0,0,0,0,0
LNR-0365,DATA-201,4,3,3,1.0,10,223.3,25.0,1,1,62.1,6.0,1.0,0.0,1.0,4.5,0.52,0,0,0,0,0,0,0,0,0,0,0,0,0,0,0
LNR-0365,DATA-201,5,2,2,1.0,9,245.8,22.0,2,1,52.9,-9.2,2.0,0.0,1.0,5.0,0.42,0,0,0,0,0,0,0,0,0,0,0,0,0,0,0
LNR-0366,DATA-201,1,3,3,1.0,16,202.3,45.0,2,1,61.0,-0.5,2.0,5.0,1.0,5.0,0.82,0,0,0,0,0,0,0,0,0,0,0,0,0,0,0
LNR-0366,DATA-201,2,2,2,1.0,10,156.0,26.0,2,1,59.5,-1.5,1.0,3.0,1.0,4.0,0.44,0,0,0,0,0,0,0,0,0,0,0,0,1,1,2
LNR-0366,DATA-201,3,3,3,1.0,17,203.8,32.0,2,3,63.5,4.0,0.0,3.0,0.0,4.5,0.64,0,0,0,0,0,0,0,0,0,0,0,0,0,0,0
LNR-0366,DATA-201,4,2,2,1.0,12,246.0,34.0,2,1,69.9,-0.3,0.0,0.0,2.0,4.5,0.6,0,0,0,0,0,0,0,1,1,0,0,0,0,0,2
LNR-0366,DATA-201,5,3,3,1.0,13,203.1,37.0,1,1,64.6,9.1,1.0,0.0,1.0,5.0,0.73,0,0,0,0,0,0,0,0,0,0,0,0,0,0,0
LNR-0367,CS-101,1,3,3,1.0,7,179.2,41.0,2,2,82.6,-3.3,0.0,1.0,0.0,4.5,0.55,0,0,0,0,0,0,0,0,0,1,1,1,0,0,3
LNR-0367,CS-101,2,3,3,1.0,12,158.8,38.0,2,1,96.7,14.1,2.0,2.0,0.0,4.0,0.44,0,0,0,0,0,0,0,0,0,0,0,0,1,1,2
LNR-0367,CS-101,3,3,3,1.0,8,168.3,26.0,1,1,83.7,-13.0,0.0,3.0,1.0,4.0,0.56,0,0,0,1,1,0,0,0,0,0,0,0,0,0,2
LNR-0367,CS-101,4,3,3,1.0,10,195.4,43.0,2,2,93.6,9.9,1.0,2.0,0.0,4.0,0.44,0,0,0,0,0,0,0,0,0,0,0,0,1,1,2
LNR-0367,CS-101,5,3,3,1.0,3,251.1,31.0,2,2,89.3,-4.3,1.0,1.0,0.0,4.5,0.57,0,0,0,0,0,0,0,0,0,0,0,0,0,0,0
LNR-0368,AI-301,1,3,3,1.0,8,250.2,36.0,2,2,57.9,-3.3,0.0,2.0,0.0,5.0,0.63,0,0,0,0,0,0,0,0,0,0,0,0,0,0,0
LNR-0368,AI-301,2,3,3,1.0,9,206.6,34.0,2,3,69.9,-0.3,0.0,0.0,0.0,4.5,0.86,0,0,0,0,0,0,0,1,1,0,0,0,0,0,2
LNR-0368,AI-301,3,3,3,1.0,14,174.7,34.0,1,1,69.9,-0.3,0.0,1.0,0.0,4.0,0.44,0,0,0,0,0,0,0,1,1,0,0,0,1,1,4
LNR-0368,AI-301,4,3,3,1.0,10,160.9,34.0,2,1,71.5,14.8,0.0,1.0,0.0,4.5,0.52,0,0,0,0,0,0,0,0,0,0,0,0,0,0,0
LNR-0368,AI-301,5,3,3,1.0,16,228.7,39.0,1,2,61.6,-9.9,0.0,1.0,0.0,4.0,0.44,0,0,0,0,0,0,0,0,0,1,1,1,1,1,5
LNR-0369,WEB-102,1,4,3,0.75,7,230.2,28.0,2,1,41.8,-5.0,1.0,0.0,0.0,4.0,0.81,0,0,0,0,0,0,0,0,0,0,0,0,0,0,0
LNR-0369,WEB-102,2,3,3,1.0,8,129.2,27.0,2,1,33.1,-8.7,1.0,0.0,0.0,4.5,0.66,0,0,0,0,0,0,0,0,0,0,0,0,0,0,0
LNR-0369,WEB-102,3,3,3,1.0,10,238.7,39.0,2,1,44.3,11.2,1.0,2.0,1.0,4.0,0.85,0,0,0,0,0,0,0,0,0,0,0,0,0,0,0
LNR-0369,WEB-102,4,2,2,1.0,13,263.6,27.0,2,1,48.2,3.9,0.0,1.0,0.0,4.0,0.44,0,0,0,0,0,0,0,0,0,0,0,0,1,1,2
LNR-0369,WEB-102,5,4,4,1.0,10,203.4,31.0,2,1,47.5,-0.7,1.0,0.0,0.0,4.0,0.88,0,0,0,0,0,0,0,0,0,0,0,0,0,0,0
LNR-0370,AI-301,1,3,3,1.0,6,271.1,41.0,2,2,86.6,-3.3,1.0,0.0,2.0,5.0,0.62,0,0,0,0,0,0,0,0,0,0,0,0,0,0,0
LNR-0370,AI-301,2,4,4,1.0,9,208.2,34.0,2,1,82.7,-3.9,0.0,1.0,0.0,4.5,0.49,0,0,0,0,0,0,0,0,0,0,0,0,0,0,0
LNR-0370,AI-301,3,2,2,1.0,10,213.2,29.0,2,1,97.3,14.6,0.0,1.0,1.0,4.5,0.84,0,0,0,0,0,0,0,0,0,0,0,0,0,0,0
LNR-0370,AI-301,4,3,3,1.0,14,140.4,27.0,2,1,96.0,-1.3,1.0,0.0,0.0,4.0,0.64,0,0,0,0,0,0,0,0,0,0,0,0,0,0,0
LNR-0370,AI-301,5,4,4,1.0,6,184.5,28.0,2,1,95.9,-0.1,0.0,2.0,0.0,4.0,0.44,0,0,0,0,0,0,0,0,0,0,0,0,1,1,2
LNR-0371,CS-101,1,3,3,1.0,5,186.9,32.0,2,1,68.3,-3.0,1.0,4.0,0.0,4.5,0.55,0,0,0,0,0,0,0,0,0,0,0,0,0,0,0
LNR-0371,CS-101,2,2,2,1.0,6,188.2,34.0,2,3,64.8,-3.5,0.0,0.0,0.0,4.0,0.44,0,0,0,0,0,0,0,0,0,0,0,0,1,1,2
LNR-0371,CS-101,3,4,4,1.0,16,219.5,40.0,2,1,68.6,3.8,0.0,1.0,0.0,4.5,0.69,0,0,0,0,0,0,0,0,0,1,1,1,0,0,3
LNR-0371,CS-101,4,2,2,1.0,13,232.7,30.0,1,1,72.5,3.9,2.0,1.0,0.0,4.0,0.57,0,0,0,0,0,0,0,0,0,0,0,0,0,0,0
LNR-0371,CS-101,5,4,4,1.0,13,200.3,40.0,2,2,74.3,1.8,0.0,1.0,1.0,4.5,0.47,0,0,0,0,0,0,0,0,0,0,0,0,0,0,0
LNR-0372,CS-101,1,2,2,1.0,10,152.9,29.0,1,1,65.0,-4.4,1.0,1.0,0.0,4.0,0.44,0,0,0,0,0,0,0,0,0,0,0,0,1,1,2
LNR-0372,CS-101,2,2,2,1.0,5,188.3,28.0,1,1,68.8,3.8,1.0,1.0,0.0,4.0,0.5,0,0,0,0,0,0,0,0,0,0,0,0,0,0,0
LNR-0372,CS-101,3,3,1,0.3333,1,41.6,3.0,0,0,42.1,-26.7,0.0,0.0,0.0,1.0,-0.75,1,0,0,0,0,0,0,0,0,0,0,0,0,0,0
LNR-0372,CS-101,4,2,0,0.0,4,5.0,2.0,0,0,43.6,1.5,0.0,0.0,0.0,4.0,0.44,1,0,0,0,0,0,0,0,0,0,0,0,1,1,2
LNR-0372,CS-101,5,4,1,0.25,1,27.6,3.0,0,0,47.1,3.5,0.0,0.0,0.0,1.0,-0.21,1,0,0,0,0,0,0,0,0,0,0,0,0,0,0
LNR-0373,DATA-201,1,4,1,0.25,5,117.8,17.0,1,0,78.0,1.7,0.0,1.0,0.0,2.5,0.07,0,0,0,0,0,0,0,0,0,0,0,0,0,0,0
LNR-0373,DATA-201,2,3,1,0.3333,1,115.3,11.0,1,1,73.2,-4.8,0.0,0.0,0.0,3.0,0.02,1,0,0,0,0,0,0,0,0,0,0,0,0,0,0
LNR-0373,DATA-201,3,3,0,0.0,4,33.3,11.0,0,2,55.7,-17.5,0.0,1.0,0.0,2.0,-0.53,1,0,0,0,0,0,0,0,0,0,0,0,0,0,0
LNR-0373,DATA-201,4,3,0,0.0,4,105.9,8.0,0,2,47.9,-7.8,0.0,0.0,0.0,2.0,-0.4,1,0,0,0,0,0,0,0,0,0,0,0,0,0,0
LNR-0373,DATA-201,5,2,0,0.0,2,168.3,26.0,0,1,41.4,-6.5,0.0,0.0,0.0,2.5,-0.25,1,0,0,1,1,0,0,0,0,0,0,0,0,0,2
LNR-0374,AI-301,1,2,0,0.0,5,142.0,12.0,1,2,69.9,-0.3,0.0,0.0,0.0,2.0,-0.31,1,0,0,0,0,0,0,1,1,0,0,0,0,0,2
LNR-0374,AI-301,2,3,1,0.3333,6,76.2,7.0,0,1,40.3,-7.0,0.0,1.0,0.0,4.0,0.44,1,0,0,0,0,0,0,0,0,1,1,1,1,1,5
LNR-0374,AI-301,3,3,1,0.3333,3,29.1,11.0,1,0,45.7,5.4,0.0,0.0,0.0,2.5,-0.44,1,0,0,0,0,0,0,0,0,0,0,0,0,0,0
LNR-0374,AI-301,4,3,0,0.0,3,35.3,10.0,0,0,23.9,-21.8,0.0,0.0,0.0,2.0,-0.14,1,0,0,0,0,0,0,0,0,0,0,0,0,0,0
LNR-0374,AI-301,5,3,0,0.0,0,10.0,5.0,0,0,12.9,-11.0,0.0,0.0,0.0,2.0,-0.15,1,0,0,0,0,0,0,0,0,0,0,0,0,0,0
LNR-0375,AI-301,1,2,1,0.5,3,169.8,15.0,1,1,68.1,6.6,0.0,0.0,0.0,2.5,-0.32,0,0,0,0,0,0,0,0,0,0,0,0,0,0,0
LNR-0375,AI-301,2,3,1,0.3333,3,120.3,5.0,1,0,45.2,-22.9,0.0,0.0,0.0,2.5,-0.4,1,0,0,0,0,0,0,0,0,0,0,0,0,0,0
LNR-0375,AI-301,3,2,1,0.5,4,108.4,6.0,0,2,55.0,9.8,0.0,0.0,0.0,3.0,0.02,0,0,0,0,0,0,0,0,0,0,0,0,0,0,0
LNR-0375,AI-301,4,3,1,0.3333,2,27.0,3.0,0,0,27.7,-27.3,1.0,0.0,0.0,2.0,-0.43,1,0,0,0,0,0,0,0,0,0,0,0,0,0,0
LNR-0375,AI-301,5,3,0,0.0,1,34.2,3.0,0,0,26.2,-1.5,0.0,1.0,0.0,2.0,-0.16,1,0,0,0,0,0,0,0,0,0,0,0,0,0,0
LNR-0376,WEB-102,1,3,1,0.3333,8,159.8,14.0,1,2,68.6,-10.7,1.0,0.0,1.0,2.0,-0.17,0,0,0,0,0,0,0,0,0,0,0,0,0,0,0
LNR-0376,WEB-102,2,4,1,0.25,8,90.8,14.0,1,1,61.9,-6.7,0.0,1.0,0.0,2.5,-0.59,1,0,0,0,0,0,0,0,0,0,0,0,0,0,0
LNR-0376,WEB-102,3,3,0,0.0,5,40.0,11.0,0,0,47.9,-14.0,0.0,0.0,0.0,2.5,-0.41,1,0,0,0,0,0,0,0,0,0,0,0,0,0,0
LNR-0376,WEB-102,4,3,1,0.3333,3,19.8,8.0,0,0,50.6,2.7,0.0,1.0,0.0,2.0,-0.28,1,0,0,0,0,0,0,0,0,0,0,0,0,0,0
LNR-0376,WEB-102,5,3,0,0.0,2,42.8,7.0,0,0,54.8,4.2,0.0,0.0,0.0,2.0,-0.52,1,0,0,0,0,0,0,0,0,0,0,0,0,0,0
LNR-0377,CS-101,1,4,4,1.0,15,275.5,32.0,2,2,96.8,7.9,0.0,2.0,0.0,4.5,0.52,0,0,0,0,0,0,0,0,0,0,0,0,0,0,0
LNR-0377,CS-101,2,3,3,1.0,9,188.7,28.0,2,1,97.4,0.6,0.0,1.0,0.0,4.5,0.7,0,0,0,0,0,0,0,0,0,0,0,0,0,0,0
LNR-0377,CS-101,3,4,4,1.0,11,249.2,31.0,1,1,96.9,-0.5,1.0,2.0,1.0,4.0,0.44,0,0,0,0,0,0,0,0,0,0,0,0,1,1,2
LNR-0377,CS-101,4,2,2,1.0,10,210.7,30.0,2,1,99.6,2.7,1.0,1.0,1.0,5.0,0.74,0,0,0,0,0,0,0,0,0,0,0,0,0,0,0
LNR-0377,CS-101,5,2,2,1.0,12,197.1,26.0,2,2,100.0,0.4,1.0,0.0,0.0,4.5,0.8,0,0,0,0,0,0,0,0,0,0,0,0,0,0,0
LNR-0378,AI-301,1,3,3,1.0,11,192.2,38.0,1,1,54.2,-1.2,1.0,2.0,0.0,5.0,0.5,0,0,0,0,0,0,0,0,0,0,0,0,0,0,0
LNR-0378,AI-301,2,2,2,1.0,14,196.3,43.0,1,1,68.8,14.6,0.0,1.0,0.0,4.0,0.68,0,1,0,0,0,0,0,0,0,1,1,1,0,0,4
LNR-0378,AI-301,3,4,4,1.0,11,126.8,35.0,2,2,61.0,-7.8,0.0,2.0,0.0,5.0,0.7,0,0,0,0,0,0,0,0,0,0,0,0,0,0,0
LNR-0378,AI-301,4,3,3,1.0,11,235.7,31.0,2,1,51.1,-9.9,2.0,2.0,2.0,5.0,0.75,0,0,0,0,0,0,0,0,0,0,0,0,0,0,0
LNR-0378,AI-301,5,3,3,1.0,10,227.1,29.0,1,1,73.1,22.0,1.0,0.0,0.0,5.0,0.42,0,0,0,0,0,0,0,0,0,0,0,0,0,0,0
LNR-0379,DATA-201,1,3,2,0.6667,8,113.6,26.0,1,1,54.1,-10.7,1.0,0.0,0.0,3.5,0.1,0,0,0,0,0,0,0,0,0,0,0,0,0,0,0
LNR-0379,DATA-201,2,3,2,0.6667,8,126.2,16.0,1,1,66.9,12.8,1.0,0.0,0.0,4.0,0.44,0,0,0,0,0,0,0,0,0,0,0,0,1,1,2
LNR-0379,DATA-201,3,3,2,0.6667,8,107.4,30.0,1,1,73.2,6.3,2.0,2.0,0.0,4.0,0.26,0,0,0,0,0,0,0,0,0,0,0,0,0,0,0
LNR-0379,DATA-201,4,3,2,0.6667,7,117.2,24.0,2,1,69.9,-0.3,0.0,1.0,0.0,4.0,0.1,0,0,0,0,0,0,0,1,1,0,0,0,0,0,2
LNR-0379,DATA-201,5,4,3,0.75,5,126.7,23.0,1,1,58.5,-15.5,0.0,1.0,0.0,3.0,0.0,0,0,0,0,0,0,0,0,0,0,0,0,0,0,0
LNR-0380,CS-101,1,3,2,0.6667,4,163.3,25.0,2,2,75.3,-7.7,0.0,0.0,0.0,4.0,0.06,0,0,0,0,0,0,0,0,0,0,0,0,0,0,0
LNR-0380,CS-101,2,3,2,0.6667,5,146.7,21.0,0,1,69.9,-0.3,1.0,1.0,0.0,3.5,0.31,0,0,0,0,0,0,0,1,1,0,0,0,0,0,2
LNR-0380,CS-101,3,4,3,0.75,8,132.5,21.0,0,2,76.9,-17.1,1.0,0.0,2.0,4.0,0.45,0,0,0,0,0,0,0,0,0,0,0,0,0,0,0
LNR-0380,CS-101,4,3,2,0.6667,8,126.6,22.0,1,1,80.7,3.8,0.0,1.0,0.0,4.0,0.19,0,0,0,0,0,0,0,0,0,0,0,0,0,0,0
LNR-0380,CS-101,5,3,2,0.6667,4,113.4,16.0,1,1,87.5,6.8,1.0,1.0,0.0,4.0,0.44,0,0,0,0,0,0,0,0,0,0,0,0,1,1,2
LNR-0381,DATA-201,1,4,1,0.25,6,168.3,26.0,1,1,60.0,-17.6,0.0,1.0,0.0,4.0,0.44,0,0,0,1,1,0,0,0,0,1,1,1,1,1,7
LNR-0381,DATA-201,2,2,1,0.5,4,120.2,9.0,1,1,83.1,23.1,0.0,1.0,0.0,2.0,-0.55,0,0,0,0,0,0,0,0,0,1,1,1,0,0,3
LNR-0381,DATA-201,3,3,1,0.3333,2,113.5,10.0,0,1,59.1,-24.0,0.0,0.0,0.0,4.0,0.44,1,0,0,0,0,0,0,0,0,0,0,0,1,1,2
LNR-0381,DATA-201,4,3,0,0.0,2,39.3,15.0,0,2,61.2,2.1,1.0,0.0,0.0,4.0,0.44,1,0,0,0,0,0,0,0,0,0,0,0,1,1,2
LNR-0381,DATA-201,5,3,0,0.0,1,61.8,4.0,0,1,46.9,-14.3,0.0,0.0,0.0,2.5,-0.18,1,0,0,0,0,0,0,0,0,0,0,0,0,0,0
LNR-0382,CS-101,1,4,3,0.75,7,120.7,17.0,1,1,81.4,-7.9,1.0,0.0,0.0,4.0,0.44,0,0,0,0,0,0,0,0,0,0,0,0,1,1,2
LNR-0382,CS-101,2,3,2,0.6667,7,166.5,23.0,1,2,94.3,12.9,0.0,0.0,0.0,4.0,0.28,0,0,0,0,0,0,0,0,0,0,0,0,0,0,0
LNR-0382,CS-101,3,2,2,1.0,7,221.6,18.0,2,1,100.0,5.7,0.0,1.0,0.0,3.5,0.12,0,0,0,0,0,0,0,0,0,0,0,0,0,0,0
LNR-0382,CS-101,4,3,2,0.6667,5,153.4,14.0,1,1,87.7,-12.3,0.0,0.0,0.0,3.5,0.1,0,0,0,0,0,0,0,0,0,0,0,0,0,0,0
LNR-0382,CS-101,5,3,2,0.6667,8,170.3,24.0,1,1,90.7,3.0,0.0,1.0,1.0,4.0,0.42,0,0,0,0,0,0,0,0,0,0,0,0,0,0,0
LNR-0383,CS-101,1,2,0,0.0,4,121.6,14.0,1,2,69.9,-0.3,0.0,1.0,0.0,4.0,0.44,1,0,0,0,0,0,0,1,1,0,0,0,1,1,4
LNR-0383,CS-101,2,2,1,0.5,5,88.9,13.0,1,1,35.9,-36.4,0.0,0.0,0.0,2.5,-0.18,1,0,0,0,0,0,0,0,0,0,0,0,0,0,0
LNR-0383,CS-101,3,2,0,0.0,4,78.2,11.0,0,1,47.6,11.7,0.0,0.0,0.0,2.0,-0.16,1,0,0,0,0,0,0,0,0,0,0,0,0,0,0
LNR-0383,CS-101,4,3,1,0.3333,2,93.8,8.0,0,1,40.9,-6.7,1.0,0.0,0.0,2.0,-0.35,1,0,0,0,0,0,0,0,0,0,0,0,0,0,0
LNR-0383,CS-101,5,3,0,0.0,2,87.1,3.0,0,1,69.9,-0.3,0.0,0.0,0.0,2.0,-0.11,1,0,0,0,0,0,0,1,1,0,0,0,0,0,2
LNR-0384,CS-101,1,3,2,0.6667,7,120.0,14.0,1,0,90.4,-7.6,1.0,2.0,1.0,1.5,0.06,0,0,0,0,0,0,0,0,0,0,0,0,0,0,0
LNR-0384,CS-101,2,2,0,0.0,6,83.4,19.0,1,5,89.6,-0.8,1.0,0.0,0.0,2.5,-0.55,1,0,0,0,0,0,0,0,0,0,0,0,0,0,0
LNR-0384,CS-101,3,2,1,0.5,1,87.7,10.0,0,1,69.9,-0.3,0.0,0.0,0.0,2.0,-0.32,0,0,0,0,0,0,0,1,1,0,0,0,0,0,2
LNR-0384,CS-101,4,3,1,0.3333,1,61.9,4.0,0,2,84.5,-5.1,0.0,0.0,0.0,2.0,-0.35,1,0,0,0,0,0,0,0,0,0,0,0,0,0,0
LNR-0384,CS-101,5,3,0,0.0,0,10.0,3.0,0,0,71.7,-12.8,0.0,0.0,0.0,2.0,-0.49,1,0,0,0,0,0,0,0,0,0,0,0,0,0,0
LNR-0385,WEB-102,1,3,2,0.6667,6,209.2,31.0,1,1,94.2,6.7,1.0,1.0,0.0,4.0,0.5,0,0,0,0,0,0,0,0,0,0,0,0,0,0,0
LNR-0385,WEB-102,2,4,3,0.75,10,185.5,27.0,1,1,84.8,-9.4,1.0,1.0,0.0,4.0,0.5,0,0,0,0,0,0,0,0,0,0,0,0,0,0,0
LNR-0385,WEB-102,3,3,0,0.0,1,28.0,3.0,0,0,69.9,-0.3,0.0,0.0,0.0,1.0,-0.74,1,0,0,0,0,0,0,1,1,0,0,0,0,0,2
LNR-0385,WEB-102,4,4,0,0.0,2,38.3,2.0,0,1,57.1,-8.0,0.0,0.0,0.0,1.0,-0.75,1,0,0,0,0,0,0,0,0,0,0,0,0,0,0
LNR-0385,WEB-102,5,3,1,0.3333,0,168.3,26.0,0,0,64.8,7.7,0.0,0.0,0.0,4.0,0.44,1,0,0,1,1,0,0,0,0,0,0,0,1,1,4
LNR-0386,DATA-201,1,3,1,0.3333,4,161.5,24.0,1,1,96.0,7.1,0.0,1.0,0.0,2.5,0.07,0,0,0,0,0,0,0,0,0,1,1,1,0,0,3
LNR-0386,DATA-201,2,2,1,1.0,7,58.9,11.0,1,0,77.8,-18.2,1.0,1.0,0.0,4.0,0.44,0,1,0,0,0,0,0,0,0,0,0,0,1,1,3
LNR-0386,DATA-201,3,3,1,0.3333,3,105.2,9.0,1,0,69.9,-7.9,0.0,0.0,0.0,1.5,-0.52,0,0,0,0,0,0,0,0,0,0,0,0,0,0,0
LNR-0386,DATA-201,4,4,1,0.25,0,68.0,7.0,0,0,57.3,-12.6,2.0,0.0,0.0,4.0,0.44,1,0,0,0,0,0,0,0,0,0,0,0,1,1,2
LNR-0386,DATA-201,5,3,0,0.0,1,34.0,5.0,0,0,71.3,14.0,0.0,0.0,0.0,4.0,0.44,1,0,0,0,0,0,0,0,0,0,0,0,1,1,2
LNR-0387,WEB-102,1,3,3,1.0,6,168.3,26.0,1,1,49.0,3.2,2.0,2.0,0.0,4.5,0.65,0,0,0,1,1,0,0,0,0,0,0,0,0,0,2
LNR-0387,WEB-102,2,3,3,1.0,11,163.8,31.0,2,1,57.9,8.9,0.0,1.0,0.0,5.0,0.78,0,0,0,0,0,0,0,0,0,1,1,1,0,0,3
LNR-0387,WEB-102,3,3,3,1.0,9,184.9,46.0,2,1,41.1,-16.8,0.0,1.0,0.0,4.0,0.44,0,0,0,0,0,0,0,0,0,0,0,0,1,1,2
LNR-0387,WEB-102,4,3,3,1.0,11,212.7,32.0,2,1,47.0,5.9,2.0,1.0,0.0,4.0,0.46,0,0,0,0,0,0,0,0,0,0,0,0,0,0,0
LNR-0387,WEB-102,5,3,3,1.0,7,201.8,28.0,2,2,43.3,-3.7,0.0,0.0,3.0,4.0,0.44,0,0,0,0,0,0,0,0,0,0,0,0,1,1,2
LNR-0388,WEB-102,1,3,1,0.3333,5,168.3,26.0,1,2,50.8,2.5,1.0,1.0,0.0,4.0,0.44,1,0,0,1,1,0,0,0,0,0,0,0,1,1,4
LNR-0388,WEB-102,2,2,1,0.5,6,99.6,12.0,1,0,69.9,-0.3,0.0,0.0,0.0,1.5,-0.17,1,0,0,0,0,0,0,1,1,0,0,0,0,0,2
LNR-0388,WEB-102,3,3,1,0.3333,2,100.5,10.0,0,0,36.8,8.2,1.0,0.0,0.0,1.5,-0.48,1,0,0,0,0,0,0,0,0,0,0,0,0,0,0
LNR-0388,WEB-102,4,2,0,0.0,2,85.5,12.0,0,0,30.1,-6.7,0.0,0.0,0.0,2.0,-0.15,1,0,0,0,0,0,0,0,0,0,0,0,0,0,0
LNR-0388,WEB-102,5,4,0,0.0,1,10.0,2.0,0,0,42.1,12.0,0.0,0.0,0.0,4.0,0.44,1,0,0,0,0,0,0,0,0,0,0,0,1,1,2
LNR-0389,WEB-102,1,3,3,1.0,18,231.2,41.0,2,1,64.1,-2.5,1.0,1.0,0.0,5.0,0.78,0,0,0,0,0,0,0,0,0,0,0,0,0,0,0
LNR-0389,WEB-102,2,2,2,1.0,9,226.2,38.0,2,2,74.3,10.2,0.0,4.0,1.0,4.0,0.44,0,0,0,0,0,0,0,0,0,0,0,0,1,1,2
LNR-0389,WEB-102,3,3,3,1.0,15,251.0,30.0,2,1,70.7,-3.6,0.0,0.0,0.0,5.0,0.83,0,0,0,0,0,0,0,0,0,0,0,0,0,0,0
LNR-0389,WEB-102,4,4,4,1.0,6,276.2,39.0,2,3,67.2,-3.5,3.0,5.0,2.0,5.0,0.8,0,0,0,0,0,0,0,0,0,0,0,0,0,0,0
LNR-0389,WEB-102,5,2,2,1.0,10,200.0,39.0,2,1,67.4,0.2,0.0,3.0,0.0,4.5,0.53,0,0,0,0,0,0,0,0,0,0,0,0,0,0,0
LNR-0390,DATA-201,1,3,2,0.6667,5,157.2,18.0,1,1,63.5,-0.3,1.0,1.0,0.0,4.0,0.44,0,0,0,0,0,0,0,0,0,0,0,0,1,1,2
LNR-0390,DATA-201,2,2,2,1.0,12,168.3,26.0,1,1,60.2,-3.3,1.0,1.0,0.0,4.0,0.5,0,0,0,1,1,0,0,0,0,0,0,0,0,0,2
LNR-0390,DATA-201,3,3,1,0.3333,1,5.0,3.0,0,1,38.4,-21.8,0.0,1.0,0.0,1.0,-0.29,1,0,0,0,0,0,0,0,0,1,1,1,0,0,3
LNR-0390,DATA-201,4,2,0,0.0,3,9.7,0.0,0,1,56.0,17.6,0.0,0.0,0.0,2.0,-0.48,1,0,0,0,0,0,0,0,0,0,0,0,0,0,0
LNR-0390,DATA-201,5,3,1,0.3333,3,5.0,2.0,0,0,54.6,-1.4,0.0,0.0,0.0,4.0,0.44,1,0,0,0,0,0,0,0,0,0,0,0,1,1,2
LNR-0391,CS-101,1,2,2,1.0,5,168.3,26.0,1,1,65.5,13.1,0.0,1.0,0.0,3.0,0.31,0,0,0,1,1,0,0,0,0,0,0,0,0,0,2
LNR-0391,CS-101,2,3,2,0.6667,9,149.3,12.0,1,1,57.3,-8.2,0.0,1.0,0.0,4.0,0.48,0,0,0,0,0,0,0,0,0,0,0,0,0,0,0
LNR-0391,CS-101,3,3,2,0.6667,7,157.6,26.0,1,2,45.0,-12.3,0.0,1.0,1.0,3.5,0.11,0,0,0,0,0,0,0,0,0,0,0,0,0,0,0
LNR-0391,CS-101,4,3,2,0.6667,4,114.1,20.0,1,1,45.0,0.0,0.0,0.0,0.0,4.0,0.47,0,0,0,0,0,0,0,0,0,0,0,0,0,0,0
LNR-0391,CS-101,5,3,2,0.6667,6,216.8,19.0,1,1,55.8,10.8,1.0,0.0,0.0,3.0,0.2,0,0,0,0,0,0,0,0,0,0,0,0,0,0,0
LNR-0392,AI-301,1,4,1,1.0,4,174.4,16.0,1,2,86.3,14.1,0.0,1.0,0.0,2.5,0.05,0,1,0,0,0,0,0,0,0,0,0,0,0,0,1
LNR-0392,AI-301,2,3,1,0.3333,7,68.4,14.0,0,4,63.6,-22.7,0.0,1.0,0.0,1.5,-0.12,1,0,0,0,0,0,0,0,0,0,0,0,0,0,0
LNR-0392,AI-301,3,3,1,0.3333,8,116.5,9.0,0,1,69.9,-0.3,0.0,1.0,0.0,2.5,-0.19,0,0,0,0,0,0,0,1,1,1,1,1,0,0,5
LNR-0392,AI-301,4,2,0,0.0,5,60.1,4.0,1,1,61.7,1.1,0.0,0.0,0.0,2.0,-0.14,1,0,0,0,0,0,0,0,0,0,0,0,0,0,0
LNR-0392,AI-301,5,3,0,0.0,1,10.0,4.0,0,0,46.7,-15.0,1.0,0.0,0.0,4.0,0.44,1,0,0,0,0,0,0,0,0,0,0,0,1,1,2
LNR-0393,AI-301,1,2,1,0.5,9,171.3,14.0,2,2,70.2,1.0,1.0,1.0,0.0,3.5,0.35,0,0,0,0,0,0,0,0,0,0,0,0,0,0,0
LNR-0393,AI-301,2,3,2,1.0,12,148.8,20.0,0,1,75.7,5.5,0.0,1.0,0.0,4.0,0.44,0,1,0,0,0,0,0,0,0,1,1,1,1,1,6
LNR-0393,AI-301,3,3,2,0.6667,8,135.6,28.0,1,1,65.7,-10.0,0.0,0.0,0.0,3.0,0.25,0,0,0,0,0,0,0,0,0,0,0,0,0,0,0
LNR-0393,AI-301,4,3,2,0.6667,8,145.1,23.0,1,1,58.5,-7.2,0.0,0.0,0.0,4.0,0.19,0,0,0,0,0,0,0,0,0,0,0,0,0,0,0
LNR-0393,AI-301,5,3,2,0.6667,9,122.5,15.0,1,1,68.6,10.1,1.0,3.0,0.0,4.0,0.03,0,0,0,0,0,0,0,0,0,0,0,0,0,0,0
LNR-0394,CS-101,1,3,3,1.0,12,223.8,43.0,2,2,69.2,4.1,0.0,1.0,0.0,4.5,0.72,0,0,0,0,0,0,0,0,0,1,1,1,0,0,3
LNR-0394,CS-101,2,2,2,1.0,13,230.0,32.0,2,1,65.2,-4.0,0.0,1.0,0.0,5.0,0.61,0,0,0,0,0,0,0,0,0,0,0,0,0,0,0
LNR-0394,CS-101,3,3,3,1.0,4,170.4,36.0,2,1,65.0,-0.2,0.0,1.0,0.0,4.0,0.88,0,0,0,0,0,0,0,0,0,0,0,0,0,0,0
LNR-0394,CS-101,4,3,3,1.0,10,217.3,30.0,2,1,72.5,7.5,2.0,0.0,0.0,4.5,0.86,0,0,0,0,0,0,0,0,0,0,0,0,0,0,0
LNR-0394,CS-101,5,2,2,1.0,11,182.7,30.0,1,1,71.0,-1.5,4.0,0.0,0.0,4.0,0.52,0,0,0,0,0,0,0,0,0,0,0,0,0,0,0
LNR-0395,AI-301,1,3,2,0.6667,11,114.5,21.0,2,2,81.9,-2.9,1.0,0.0,0.0,4.0,0.44,0,0,0,0,0,0,0,0,0,0,0,0,1,1,2
LNR-0395,AI-301,2,3,2,0.6667,4,167.9,37.0,0,2,78.0,-3.9,1.0,2.0,1.0,3.0,0.41,0,0,0,0,0,0,0,0,0,0,0,0,0,0,0
LNR-0395,AI-301,3,4,3,0.75,10,189.1,25.0,1,2,82.7,4.7,0.0,1.0,0.0,4.0,0.36,0,0,0,0,0,0,0,0,0,1,1,1,0,0,3
LNR-0395,AI-301,4,4,3,0.75,5,172.2,18.0,1,1,96.4,13.7,1.0,0.0,0.0,4.0,0.44,0,0,0,0,0,0,0,0,0,0,0,0,1,1,2
LNR-0395,AI-301,5,4,3,0.75,8,127.5,19.0,1,1,89.4,-7.0,1.0,1.0,0.0,3.0,0.47,0,0,0,0,0,0,0,0,0,0,0,0,0,0,0
LNR-0396,DATA-201,1,4,3,0.75,10,192.9,38.0,2,2,78.1,7.6,0.0,0.0,0.0,5.0,0.79,0,0,0,0,0,0,0,0,0,0,0,0,0,0,0
LNR-0396,DATA-201,2,3,3,1.0,9,252.0,43.0,1,2,71.7,-6.4,1.0,0.0,1.0,4.0,0.87,0,0,0,0,0,0,0,0,0,0,0,0,0,0,0
LNR-0396,DATA-201,3,2,2,1.0,9,229.9,25.0,2,2,80.7,9.0,0.0,1.0,0.0,4.0,0.46,0,0,0,0,0,0,0,0,0,0,0,0,0,0,0
LNR-0396,DATA-201,4,3,3,1.0,10,206.2,23.0,2,2,62.5,-18.2,1.0,0.0,1.0,5.0,0.84,0,0,0,0,0,0,0,0,0,0,0,0,0,0,0
LNR-0396,DATA-201,5,4,4,1.0,12,266.2,27.0,2,2,69.9,-0.3,0.0,2.0,0.0,5.0,0.77,0,0,0,0,0,0,0,1,1,0,0,0,0,0,2
LNR-0397,WEB-102,1,4,4,1.0,13,184.0,27.0,2,1,78.2,6.3,2.0,1.0,0.0,4.0,0.81,0,1,0,0,0,0,0,0,0,0,0,0,0,0,1
LNR-0397,WEB-102,2,4,4,1.0,8,229.4,28.0,2,2,60.8,-17.4,1.0,0.0,0.0,4.0,0.49,0,1,0,0,0,0,0,0,0,0,0,0,0,0,1
LNR-0397,WEB-102,3,2,2,1.0,16,175.4,31.0,2,2,81.8,21.0,2.0,2.0,0.0,4.0,0.62,0,0,0,0,0,0,0,0,0,0,0,0,0,0,0
LNR-0397,WEB-102,4,3,3,1.0,5,234.9,36.0,2,1,77.4,-4.4,0.0,1.0,0.0,4.0,0.44,0,0,0,0,0,0,0,0,0,0,0,0,1,1,2
LNR-0397,WEB-102,5,2,2,1.0,7,289.0,30.0,2,3,68.5,-8.9,0.0,0.0,1.0,4.0,0.44,0,0,0,0,0,0,0,0,0,0,0,0,1,1,2
LNR-0398,WEB-102,1,3,2,0.6667,5,117.8,17.0,1,2,69.9,-0.3,0.0,0.0,0.0,4.0,0.44,0,0,0,0,0,0,0,1,1,0,0,0,1,1,4
LNR-0398,WEB-102,2,4,1,0.25,0,82.4,11.0,1,2,69.9,-0.3,0.0,1.0,0.0,1.5,-0.45,1,0,0,0,0,0,0,1,1,1,1,1,0,0,5
LNR-0398,WEB-102,3,3,0,0.0,3,98.3,10.0,1,0,47.6,4.2,0.0,1.0,0.0,4.0,0.44,1,0,0,0,0,0,0,0,0,0,0,0,1,1,2
LNR-0398,WEB-102,4,3,1,0.3333,2,82.7,7.0,0,0,25.0,-22.6,1.0,0.0,0.0,1.5,-0.0,1,0,0,0,0,0,0,0,0,0,0,0,0,0,0
LNR-0398,WEB-102,5,4,0,0.0,4,34.8,8.0,0,1,42.3,17.3,1.0,0.0,0.0,4.0,0.44,1,0,0,0,0,0,0,0,0,0,0,0,1,1,2
LNR-0399,CS-101,1,4,3,0.75,6,168.3,26.0,1,1,80.4,-3.7,0.0,1.0,0.0,4.0,0.44,0,0,0,1,1,0,0,0,0,0,0,0,1,1,4
LNR-0399,CS-101,2,3,2,0.6667,6,110.3,12.0,1,1,86.3,5.9,2.0,0.0,0.0,3.5,0.14,0,0,0,0,0,0,0,0,0,0,0,0,0,0,0
LNR-0399,CS-101,3,3,2,0.6667,9,155.7,21.0,1,1,80.3,-6.0,0.0,1.0,0.0,3.0,0.45,0,0,0,0,0,0,0,0,0,1,1,1,0,0,3
LNR-0399,CS-101,4,3,2,0.6667,9,142.0,16.0,1,1,85.0,4.7,0.0,2.0,0.0,3.5,0.09,0,0,0,0,0,0,0,0,0,0,0,0,0,0,0
LNR-0399,CS-101,5,3,2,0.6667,10,177.1,24.0,1,2,92.5,7.5,0.0,0.0,0.0,3.5,0.3,0,0,0,0,0,0,0,0,0,0,0,0,0,0,0
LNR-0400,AI-301,1,3,2,0.6667,9,148.1,24.0,1,1,43.6,3.0,0.0,2.0,0.0,4.0,0.16,0,0,0,0,0,0,0,0,0,0,0,0,0,0,0
LNR-0400,AI-301,2,3,2,0.6667,5,56.3,24.0,1,1,40.6,-3.0,0.0,0.0,0.0,3.0,0.43,1,0,0,0,0,0,0,0,0,0,0,0,0,0,0
LNR-0400,AI-301,3,4,3,0.75,6,141.5,21.0,1,2,34.1,-6.5,0.0,0.0,0.0,3.5,0.0,0,0,0,0,0,0,0,0,0,0,0,0,0,0,0
LNR-0400,AI-301,4,3,2,0.6667,3,164.4,21.0,1,1,36.4,2.3,1.0,1.0,0.0,3.0,0.46,0,0,0,0,0,0,0,0,0,0,0,0,0,0,0
LNR-0400,AI-301,5,2,1,0.5,6,96.4,19.0,1,1,37.9,1.5,0.0,1.0,0.0,4.0,0.44,1,0,0,0,0,0,0,0,0,0,0,0,1,1,2
LNR-0401,CS-101,1,3,3,1.0,13,156.0,30.0,2,1,53.6,-7.5,0.0,2.0,1.0,4.5,0.76,0,0,0,0,0,0,0,0,0,0,0,0,0,0,0
LNR-0401,CS-101,2,2,2,1.0,13,278.9,17.0,2,2,56.8,3.2,0.0,2.0,0.0,5.0,0.44,0,0,0,0,0,0,0,0,0,0,0,0,0,0,0
LNR-0401,CS-101,3,2,2,1.0,13,309.0,37.0,2,2,63.2,6.4,0.0,1.0,0.0,4.5,0.89,0,0,0,0,0,0,0,0,0,0,0,0,0,0,0
LNR-0401,CS-101,4,4,4,1.0,11,313.5,35.0,2,1,54.2,-9.0,1.0,0.0,0.0,4.0,0.44,0,0,0,0,0,0,0,0,0,0,0,0,1,1,2
LNR-0401,CS-101,5,3,3,1.0,10,227.2,40.0,1,1,59.7,5.5,4.0,1.0,0.0,5.0,0.86,0,0,0,0,0,0,0,0,0,0,0,0,0,0,0
LNR-0402,WEB-102,1,4,4,1.0,11,154.7,37.0,2,2,76.9,1.6,2.0,2.0,2.0,4.0,0.44,0,0,0,0,0,0,0,0,0,0,0,0,1,1,2
LNR-0402,WEB-102,2,2,2,1.0,9,214.0,23.0,2,1,80.3,3.4,3.0,1.0,0.0,4.5,0.58,0,0,0,0,0,0,0,0,0,0,0,0,0,0,0
LNR-0402,WEB-102,3,4,4,1.0,16,199.3,36.0,1,2,69.9,-0.3,0.0,2.0,1.0,5.0,0.43,0,0,0,0,0,0,0,1,1,0,0,0,0,0,2
LNR-0402,WEB-102,4,3,3,1.0,11,219.9,28.0,2,2,71.6,-13.0,0.0,1.0,3.0,4.0,0.44,0,0,0,0,0,0,0,0,0,0,0,0,1,1,2
LNR-0402,WEB-102,5,3,3,1.0,9,155.1,36.0,2,1,76.8,5.2,0.0,1.0,1.0,4.0,0.75,0,0,0,0,0,0,0,0,0,0,0,0,0,0,0
LNR-0403,CS-101,1,3,3,1.0,11,203.0,35.0,2,1,67.8,4.5,1.0,1.0,0.0,4.0,0.44,0,0,0,0,0,0,0,0,0,0,0,0,1,1,2
LNR-0403,CS-101,2,3,3,1.0,12,151.5,42.0,1,2,67.9,0.1,1.0,2.0,0.0,4.5,0.88,0,0,0,0,0,0,0,0,0,0,0,0,0,0,0
LNR-0403,CS-101,3,3,3,1.0,12,280.1,35.0,1,2,69.9,-0.3,2.0,0.0,0.0,4.0,0.8,0,0,0,0,0,0,0,1,1,0,0,0,0,0,2
LNR-0403,CS-101,4,3,3,1.0,10,258.2,32.0,2,1,61.0,-4.8,3.0,2.0,1.0,4.0,0.44,0,0,0,0,0,0,0,0,0,0,0,0,1,1,2
LNR-0403,CS-101,5,4,4,1.0,8,221.6,24.0,2,1,67.4,6.4,1.0,1.0,0.0,4.5,0.78,0,0,0,0,0,0,0,0,0,0,0,0,0,0,0
LNR-0404,DATA-201,1,3,3,1.0,13,235.4,29.0,1,1,87.1,-2.3,1.0,0.0,0.0,4.0,0.44,0,0,0,0,0,0,0,0,0,0,0,0,1,1,2
LNR-0404,DATA-201,2,3,3,1.0,13,153.8,35.0,2,1,92.0,4.9,4.0,0.0,0.0,5.0,0.57,0,0,0,0,0,0,0,0,0,0,0,0,0,0,0
LNR-0404,DATA-201,3,3,3,1.0,16,118.8,26.0,1,1,91.3,-0.7,1.0,2.0,0.0,5.0,0.68,0,0,0,0,0,0,0,0,0,0,0,0,0,0,0
LNR-0404,DATA-201,4,3,3,1.0,12,181.7,32.0,1,2,97.4,6.1,0.0,1.0,0.0,5.0,0.53,0,0,0,0,0,0,0,0,0,1,1,1,0,0,3
LNR-0404,DATA-201,5,3,3,1.0,9,189.6,38.0,2,1,99.5,2.1,1.0,0.0,0.0,5.0,0.86,0,0,0,0,0,0,0,0,0,0,0,0,0,0,0
LNR-0405,CS-101,1,3,2,0.6667,6,127.3,20.0,1,1,86.9,-5.1,1.0,0.0,0.0,4.0,0.37,0,0,0,0,0,0,0,0,0,0,0,0,0,0,0
LNR-0405,CS-101,2,3,2,0.6667,6,143.9,20.0,2,1,100.0,13.1,0.0,0.0,0.0,4.0,0.44,0,0,0,0,0,0,0,0,0,0,0,0,1,1,2
LNR-0405,CS-101,3,3,2,1.0,7,93.4,22.0,1,1,90.3,-9.7,0.0,0.0,1.0,3.0,0.47,0,1,0,0,0,0,0,0,0,0,0,0,0,0,1
LNR-0405,CS-101,4,3,2,0.6667,3,154.2,21.0,2,1,86.8,-3.5,1.0,1.0,0.0,3.5,0.38,0,0,0,0,0,0,0,0,0,0,0,0,0,0,0
LNR-0405,CS-101,5,3,2,0.6667,6,91.6,22.0,1,1,100.0,13.2,0.0,1.0,0.0,3.0,0.37,0,0,0,0,0,0,0,0,0,0,0,0,0,0,0
LNR-0406,AI-301,1,3,2,0.6667,3,168.3,26.0,0,1,73.7,-9.0,0.0,0.0,1.0,1.5,-0.45,0,0,0,1,1,0,0,0,0,0,0,0,0,0,2
LNR-0406,AI-301,2,3,1,0.3333,7,77.1,14.0,1,1,76.9,3.2,0.0,0.0,0.0,2.0,0.1,0,0,0,0,0,0,0,0,0,0,0,0,0,0,0
LNR-0406,AI-301,3,3,0,0.0,0,71.1,9.0,0,2,84.4,7.5,0.0,0.0,0.0,1.5,-0.47,1,0,0,0,0,0,0,0,0,0,0,0,0,0,0
LNR-0406,AI-301,4,3,1,1.0,3,102.2,8.0,0,0,74.3,-10.1,0.0,0.0,0.0,2.0,-0.15,1,1,0,0,0,0,0,0,0,0,0,0,0,0,1
LNR-0406,AI-301,5,2,0,0.0,0,26.2,7.0,0,0,44.0,-30.3,0.0,1.0,0.0,1.5,-0.52,1,0,0,0,0,0,0,0,0,1,1,1,0,0,3
LNR-0407,DATA-201,1,3,3,1.0,15,246.8,24.0,2,2,72.1,1.1,0.0,1.0,0.0,4.0,0.53,0,0,0,0,0,0,0,0,0,0,0,0,0,0,0
LNR-0407,DATA-201,2,3,3,1.0,10,168.3,26.0,2,2,71.5,-0.6,0.0,0.0,1.0,4.0,0.48,0,0,0,1,1,0,0,0,0,0,0,0,0,0,2
LNR-0407,DATA-201,3,2,2,1.0,10,251.3,35.0,2,2,73.8,2.3,1.0,0.0,0.0,4.0,0.44,0,0,0,0,0,0,0,0,0,0,0,0,1,1,2
LNR-0407,DATA-201,4,3,3,1.0,12,244.2,32.0,1,2,73.2,-0.6,0.0,0.0,0.0,4.5,0.73,0,0,0,0,0,0,0,0,0,0,0,0,0,0,0
LNR-0407,DATA-201,5,4,4,1.0,9,164.6,32.0,2,1,81.7,8.5,0.0,1.0,0.0,5.0,0.8,0,0,0,0,0,0,0,0,0,1,1,1,0,0,3
LNR-0408,CS-101,1,2,2,1.0,5,155.9,28.0,1,1,88.9,10.1,2.0,0.0,0.0,4.0,0.14,0,0,0,0,0,0,0,0,0,0,0,0,0,0,0
LNR-0408,CS-101,2,3,2,0.6667,7,113.5,16.0,1,2,84.0,-4.9,1.0,1.0,1.0,3.0,0.25,0,0,0,0,0,0,0,0,0,0,0,0,0,0,0
LNR-0408,CS-101,3,3,2,0.6667,8,118.4,19.0,1,1,71.6,-12.4,0.0,1.0,0.0,3.5,0.11,0,0,0,0,0,0,0,0,0,1,1,1,0,0,3
LNR-0408,CS-101,4,3,2,0.6667,7,196.6,16.0,1,2,69.9,-0.3,0.0,1.0,0.0,4.0,0.44,0,0,0,0,0,0,0,1,1,1,1,1,1,1,7
LNR-0408,CS-101,5,4,3,0.75,6,156.3,23.0,2,1,70.6,-5.6,1.0,0.0,0.0,3.5,0.36,0,0,0,0,0,0,0,0,0,0,0,0,0,0,0
LNR-0409,CS-101,1,4,3,0.75,5,139.7,20.0,1,1,69.5,8.3,0.0,1.0,0.0,3.5,0.13,0,0,0,0,0,0,0,0,0,0,0,0,0,0,0
LNR-0409,CS-101,2,4,3,0.75,8,121.5,23.0,1,1,61.4,-8.1,1.0,1.0,1.0,4.0,0.44,0,0,0,0,0,0,0,0,0,0,0,0,1,1,2
LNR-0409,CS-101,3,3,2,0.6667,8,168.3,26.0,1,1,50.7,-10.7,0.0,1.0,0.0,3.5,0.5,0,0,0,1,1,0,0,0,0,1,1,1,0,0,5
LNR-0409,CS-101,4,3,2,0.6667,6,121.3,21.0,1,1,55.0,4.3,1.0,2.0,1.0,3.0,0.4,0,0,0,0,0,0,0,0,0,0,0,0,0,0,0
LNR-0409,CS-101,5,4,3,0.75,9,96.3,24.0,1,1,69.9,-0.3,0.0,1.0,0.0,3.5,0.23,1,0,0,0,0,0,0,1,1,1,1,1,0,0,5
LNR-0410,WEB-102,1,3,3,1.0,6,195.5,19.0,1,1,45.8,-13.7,2.0,1.0,0.0,3.5,0.42,0,0,0,0,0,0,0,0,0,0,0,0,0,0,0
LNR-0410,WEB-102,2,3,2,0.6667,5,117.0,17.0,2,1,69.7,23.9,0.0,1.0,1.0,4.0,0.44,0,0,0,0,0,0,0,0,0,0,0,0,1,1,2
LNR-0410,WEB-102,3,3,2,0.6667,10,96.9,20.0,1,1,57.3,-12.4,0.0,1.0,0.0,3.0,0.23,0,0,0,0,0,0,0,0,0,1,1,1,0,0,3
LNR-0410,WEB-102,4,2,2,1.0,12,152.1,27.0,1,2,52.7,-4.6,1.0,1.0,0.0,3.5,0.15,0,0,0,0,0,0,0,0,0,0,0,0,0,0,0
LNR-0410,WEB-102,5,2,1,0.5,6,176.5,16.0,1,1,61.0,8.3,0.0,1.0,0.0,4.0,0.44,0,0,0,0,0,0,0,0,0,0,0,0,1,1,2
LNR-0411,CS-101,1,3,3,1.0,8,194.8,39.0,2,1,58.4,5.3,1.0,2.0,0.0,4.0,0.53,0,0,0,0,0,0,0,0,0,0,0,0,0,0,0
LNR-0411,CS-101,2,2,2,1.0,13,197.2,36.0,2,1,52.8,-5.6,0.0,0.0,0.0,4.5,0.5,0,0,0,0,0,0,0,0,0,0,0,0,0,0,0
LNR-0411,CS-101,3,3,3,1.0,10,231.5,32.0,2,3,62.7,9.9,1.0,0.0,0.0,4.5,0.71,0,0,0,0,0,0,0,0,0,0,0,0,0,0,0
LNR-0411,CS-101,4,4,4,1.0,8,262.7,35.0,2,3,52.5,-10.2,1.0,1.0,0.0,4.5,0.43,0,0,0,0,0,0,0,0,0,0,0,0,0,0,0
LNR-0411,CS-101,5,3,3,1.0,7,151.8,30.0,1,1,56.4,3.9,2.0,0.0,0.0,4.5,0.84,0,0,0,0,0,0,0,0,0,0,0,0,0,0,0
LNR-0412,CS-101,1,3,3,1.0,10,164.6,29.0,2,2,73.9,5.0,0.0,2.0,0.0,4.5,0.5,0,0,0,0,0,0,0,0,0,0,0,0,0,0,0
LNR-0412,CS-101,2,3,3,1.0,15,163.3,24.0,2,1,76.4,2.5,1.0,1.0,0.0,4.0,0.44,0,0,0,0,0,0,0,0,0,0,0,0,1,1,2
LNR-0412,CS-101,3,3,3,1.0,10,189.6,38.0,2,2,69.9,-0.3,1.0,1.0,0.0,5.0,0.88,0,0,0,0,0,0,0,1,1,0,0,0,0,0,2
LNR-0412,CS-101,4,4,4,1.0,8,207.0,32.0,2,2,77.7,12.2,1.0,0.0,0.0,4.0,0.44,0,0,0,0,0,0,0,0,0,0,0,0,1,1,2
LNR-0412,CS-101,5,2,2,1.0,9,168.3,26.0,2,2,72.4,-5.3,1.0,1.0,0.0,4.5,0.49,0,0,0,1,1,0,0,0,0,0,0,0,0,0,2
LNR-0413,CS-101,1,4,3,0.75,10,193.6,27.0,2,1,82.5,9.9,0.0,1.0,0.0,5.0,0.62,0,0,0,0,0,0,0,0,0,1,1,1,0,0,3
LNR-0413,CS-101,2,3,3,1.0,10,203.5,34.0,1,1,69.9,-0.3,0.0,1.0,0.0,4.0,0.44,0,0,0,0,0,0,0,1,1,1,1,1,1,1,7
LNR-0413,CS-101,3,3,3,1.0,13,230.5,38.0,2,2,74.7,9.8,1.0,1.0,0.0,4.5,0.88,0,0,0,0,0,0,0,0,0,0,0,0,0,0,0
LNR-0413,CS-101,4,2,2,1.0,6,207.8,35.0,2,1,77.5,2.8,0.0,1.0,1.0,5.0,0.46,0,0,0,0,0,0,0,0,0,0,0,0,0,0,0
LNR-0413,CS-101,5,3,3,1.0,13,174.4,31.0,2,1,79.0,1.5,1.0,1.0,2.0,5.0,0.85,0,0,0,0,0,0,0,0,0,0,0,0,0,0,0
LNR-0414,CS-101,1,3,3,1.0,11,168.3,26.0,2,1,83.1,0.9,1.0,2.0,0.0,4.0,0.44,0,0,0,1,1,0,0,0,0,0,0,0,1,1,4
LNR-0414,CS-101,2,3,3,1.0,11,262.3,36.0,2,1,77.4,-5.7,0.0,2.0,0.0,4.0,0.44,0,0,0,0,0,0,0,0,0,0,0,0,1,1,2
LNR-0414,CS-101,3,2,2,1.0,16,272.9,36.0,1,3,89.3,11.9,1.0,1.0,0.0,4.5,0.42,0,1,0,0,0,0,0,0,0,0,0,0,0,0,1
LNR-0414,CS-101,4,3,3,1.0,14,219.2,30.0,2,1,88.6,-0.7,1.0,4.0,2.0,4.5,0.6,0,0,0,0,0,0,0,0,0,0,0,0,0,0,0
LNR-0414,CS-101,5,4,3,0.75,13,238.4,37.0,2,1,93.3,4.7,1.0,3.0,1.0,4.0,0.59,0,0,0,0,0,0,0,0,0,0,0,0,0,0,0
LNR-0415,DATA-201,1,3,3,1.0,14,218.6,42.0,2,2,63.1,-3.1,0.0,1.0,0.0,5.0,0.71,0,0,0,0,0,0,0,0,0,0,0,0,0,0,0
LNR-0415,DATA-201,2,3,3,1.0,6,178.2,31.0,1,1,65.2,2.1,0.0,1.0,0.0,5.0,0.45,0,0,0,0,0,0,0,0,0,1,1,1,0,0,3
LNR-0415,DATA-201,3,3,3,1.0,8,197.4,29.0,2,1,60.0,-5.2,1.0,2.0,0.0,5.0,0.42,0,0,0,0,0,0,0,0,0,0,0,0,0,0,0
LNR-0415,DATA-201,4,4,4,1.0,13,160.1,31.0,2,2,69.9,-0.3,1.0,2.0,2.0,5.0,0.84,0,0,0,0,0,0,0,1,1,0,0,0,0,0,2
LNR-0415,DATA-201,5,3,3,1.0,12,168.3,26.0,2,2,60.8,-5.1,1.0,0.0,0.0,4.0,0.82,0,0,0,1,1,0,0,0,0,0,0,0,0,0,2
LNR-0416,AI-301,1,3,2,0.6667,6,185.6,17.0,0,1,80.2,-6.6,0.0,1.0,0.0,4.0,0.44,0,0,0,0,0,0,0,0,0,0,0,0,1,1,2
LNR-0416,AI-301,2,3,2,0.6667,3,112.9,15.0,1,1,88.7,8.5,1.0,2.0,0.0,3.0,0.37,0,0,0,0,0,0,0,0,0,0,0,0,0,0,0
LNR-0416,AI-301,3,3,2,0.6667,6,117.9,14.0,1,1,86.5,-2.2,0.0,2.0,0.0,4.0,0.26,0,0,0,0,0,0,0,0,0,0,0,0,0,0,0
LNR-0416,AI-301,4,4,3,0.75,4,168.3,26.0,1,1,89.6,3.1,0.0,1.0,0.0,4.0,0.05,0,0,0,1,1,0,0,0,0,0,0,0,0,0,2
LNR-0416,AI-301,5,3,2,0.6667,5,152.0,29.0,1,1,86.6,-3.0,1.0,1.0,0.0,4.0,0.44,0,0,0,0,0,0,0,0,0,0,0,0,1,1,2
LNR-0417,CS-101,1,4,3,0.75,8,177.0,13.0,1,2,65.8,-5.7,0.0,1.0,0.0,4.0,0.44,0,0,0,0,0,0,0,0,0,1,1,1,1,1,5
LNR-0417,CS-101,2,2,1,0.5,7,124.5,18.0,1,2,81.1,15.3,0.0,2.0,0.0,3.5,0.43,0,0,0,0,0,0,0,0,0,0,0,0,0,0,0
LNR-0417,CS-101,3,4,3,0.75,5,146.7,16.0,1,1,63.4,-17.7,0.0,0.0,1.0,4.0,0.22,0,0,0,0,0,0,0,0,0,0,0,0,0,0,0
LNR-0417,CS-101,4,3,2,0.6667,5,117.9,18.0,1,1,77.1,13.7,2.0,0.0,0.0,3.5,0.39,0,0,0,0,0,0,0,0,0,0,0,0,0,0,0
LNR-0417,CS-101,5,3,2,0.6667,7,61.1,23.0,0,1,75.6,-1.5,0.0,1.0,1.0,4.0,0.44,1,0,0,0,0,0,0,0,0,0,0,0,1,1,2
LNR-0418,DATA-201,1,3,3,1.0,10,171.6,42.0,1,3,100.0,2.0,2.0,0.0,0.0,5.0,0.58,0,0,0,0,0,0,0,0,0,0,0,0,0,0,0
LNR-0418,DATA-201,2,3,3,1.0,6,192.2,47.0,2,2,69.9,-0.3,3.0,2.0,0.0,4.0,0.86,0,0,0,0,0,0,0,1,1,0,0,0,0,0,2
LNR-0418,DATA-201,3,3,3,1.0,8,247.0,29.0,1,1,99.9,-0.1,0.0,1.0,0.0,4.0,0.82,0,0,0,0,0,0,0,0,0,0,0,0,0,0,0
LNR-0418,DATA-201,4,3,3,1.0,9,159.8,40.0,2,3,98.5,-1.4,1.0,1.0,0.0,4.0,0.68,0,0,0,0,0,0,0,0,0,0,0,0,0,0,0
LNR-0418,DATA-201,5,3,3,1.0,14,168.3,26.0,2,2,98.4,-0.1,3.0,1.0,0.0,5.0,0.65,0,0,0,1,1,0,0,0,0,0,0,0,0,0,2
LNR-0419,CS-101,1,3,2,0.6667,8,183.4,16.0,1,2,87.8,11.8,0.0,0.0,0.0,4.0,0.44,0,0,0,0,0,0,0,0,0,0,0,0,1,1,2
LNR-0419,CS-101,2,4,3,0.75,8,101.0,21.0,2,1,66.3,-21.5,0.0,0.0,1.0,3.0,0.36,0,0,0,0,0,0,0,0,0,0,0,0,0,0,0
LNR-0419,CS-101,3,3,2,0.6667,5,95.7,18.0,1,2,68.0,1.7,0.0,1.0,0.0,4.0,0.44,0,0,0,0,0,0,0,0,0,0,0,0,1,1,2
LNR-0419,CS-101,4,4,3,1.0,9,129.0,19.0,1,1,77.1,9.1,0.0,1.0,0.0,3.5,0.13,0,1,0,0,0,0,0,0,0,1,1,1,0,0,4
LNR-0419,CS-101,5,2,1,0.5,3,192.1,17.0,1,1,72.5,-4.6,1.0,1.0,0.0,4.0,0.22,0,0,0,0,0,0,0,0,0,0,0,0,0,0,0
LNR-0420,CS-101,1,3,3,1.0,8,195.6,26.0,1,1,87.3,1.5,1.0,1.0,0.0,4.0,0.5,0,0,0,0,0,0,0,0,0,0,0,0,0,0,0
LNR-0420,CS-101,2,3,3,1.0,7,183.5,26.0,1,1,69.9,-0.3,1.0,1.0,0.0,4.0,0.5,0,0,0,0,0,0,0,1,1,0,0,0,0,0,2
LNR-0420,CS-101,3,4,0,0.0,1,8.8,2.0,0,1,70.3,-6.7,0.0,0.0,0.0,1.0,-0.43,1,0,0,0,0,0,0,0,0,0,0,0,0,0,0
LNR-0420,CS-101,4,4,1,0.25,3,29.6,3.0,0,0,74.6,4.3,0.0,0.0,0.0,2.0,-0.61,1,0,0,0,0,0,0,0,0,0,0,0,0,0,0
LNR-0420,CS-101,5,3,0,0.0,3,11.3,2.0,0,0,60.8,-13.8,0.0,0.0,0.0,1.0,-0.71,1,0,0,0,0,0,0,0,0,0,0,0,0,0,0
LNR-0421,CS-101,1,3,1,0.3333,7,133.0,26.0,1,0,85.5,-3.3,1.0,0.0,0.0,1.5,-0.23,0,0,0,0,0,0,0,0,0,0,0,0,0,0,0
LNR-0421,CS-101,2,2,1,0.5,4,99.4,18.0,1,2,74.4,-11.1,0.0,1.0,0.0,1.5,-0.12,0,0,0,0,0,0,0,0,0,1,1,1,0,0,3
LNR-0421,CS-101,3,3,1,0.3333,5,102.0,8.0,1,1,80.9,6.5,0.0,1.0,0.0,2.0,-0.27,0,0,0,0,0,0,0,0,0,0,0,0,0,0,0
LNR-0421,CS-101,4,3,0,0.0,3,32.4,11.0,0,1,78.4,-2.5,0.0,0.0,0.0,1.5,-0.07,1,0,0,0,0,0,0,0,0,0,0,0,0,0,0
LNR-0421,CS-101,5,2,0,0.0,4,17.4,3.0,0,0,78.9,0.5,0.0,0.0,0.0,1.5,-0.53,1,0,0,0,0,0,0,0,0,0,0,0,0,0,0
LNR-0422,DATA-201,1,4,3,0.75,5,148.2,29.0,1,1,76.2,4.1,1.0,1.0,0.0,4.0,0.5,0,0,0,0,0,0,0,0,0,0,0,0,0,0,0
LNR-0422,DATA-201,2,3,3,1.0,6,189.7,27.0,1,1,69.9,-0.3,1.0,1.0,0.0,4.0,0.5,0,0,0,0,0,0,0,1,1,0,0,0,0,0,2
LNR-0422,DATA-201,3,3,1,0.3333,3,168.3,26.0,0,0,35.0,-21.5,0.0,0.0,0.0,1.0,-0.62,1,0,0,1,1,0,0,0,0,0,0,0,0,0,2
LNR-0422,DATA-201,4,4,1,0.25,3,7.8,2.0,0,0,52.3,17.3,0.0,0.0,0.0,1.0,-0.64,1,0,0,0,0,0,0,0,0,0,0,0,0,0,0
LNR-0422,DATA-201,5,4,0,0.0,2,53.2,4.0,0,0,36.5,-15.8,0.0,0.0,0.0,2.0,-0.57,1,0,0,0,0,0,0,0,0,0,0,0,0,0,0
LNR-0423,DATA-201,1,3,3,1.0,12,191.7,33.0,2,1,71.7,0.9,1.0,1.0,1.0,4.0,0.44,0,0,0,0,0,0,0,0,0,0,0,0,1,1,2
LNR-0423,DATA-201,2,3,3,1.0,15,209.4,36.0,2,2,73.3,1.6,0.0,0.0,1.0,4.5,0.5,0,0,0,0,0,0,0,0,0,0,0,0,0,0,0
LNR-0423,DATA-201,3,2,2,1.0,7,168.3,26.0,2,1,69.9,-0.3,2.0,0.0,0.0,5.0,0.54,0,0,0,1,1,0,0,1,1,0,0,0,0,0,4
LNR-0423,DATA-201,4,4,4,1.0,13,243.9,26.0,2,2,69.9,-0.3,0.0,1.0,0.0,5.0,0.68,0,0,0,0,0,0,0,1,1,1,1,1,0,0,5
LNR-0423,DATA-201,5,4,4,1.0,12,216.9,30.0,2,2,69.9,-0.3,0.0,0.0,0.0,4.0,0.44,0,0,0,0,0,0,0,1,1,0,0,0,1,1,4
LNR-0424,CS-101,1,3,2,0.6667,6,150.9,18.0,0,0,68.4,1.6,2.0,0.0,0.0,1.5,-0.52,0,0,0,0,0,0,0,0,0,0,0,0,0,0,0
LNR-0424,CS-101,2,3,1,0.3333,6,136.8,16.0,1,2,63.0,-5.4,0.0,0.0,0.0,1.5,0.09,1,0,0,0,0,0,0,0,0,0,0,0,0,0,0
LNR-0424,CS-101,3,3,1,0.3333,8,124.4,12.0,0,0,68.5,5.5,0.0,0.0,0.0,1.5,-0.57,1,0,0,0,0,0,0,0,0,0,0,0,0,0,0
LNR-0424,CS-101,4,3,0,0.0,0,61.4,9.0,1,0,47.0,-21.5,0.0,0.0,0.0,4.0,0.44,1,0,0,0,0,0,0,0,0,0,0,0,1,1,2
LNR-0424,CS-101,5,3,0,0.0,0,65.9,3.0,0,0,69.9,-0.3,0.0,0.0,0.0,4.0,0.44,1,0,0,0,0,0,0,1,1,0,0,0,1,1,4
LNR-0425,WEB-102,1,3,3,1.0,10,202.3,33.0,2,1,61.1,-7.0,1.0,0.0,1.0,4.5,0.9,0,0,0,0,0,0,0,0,0,0,0,0,0,0,0
LNR-0425,WEB-102,2,3,3,1.0,15,213.4,38.0,2,1,77.3,16.2,1.0,3.0,1.0,4.5,0.88,0,0,0,0,0,0,0,0,0,0,0,0,0,0,0
LNR-0425,WEB-102,3,3,3,1.0,6,212.5,33.0,2,1,70.7,-6.6,0.0,0.0,0.0,4.0,0.57,0,0,0,0,0,0,0,0,0,0,0,0,0,0,0
LNR-0425,WEB-102,4,3,3,1.0,15,148.6,37.0,2,2,60.7,-10.0,0.0,1.0,0.0,4.0,0.71,0,0,0,0,0,0,0,0,0,1,1,1,0,0,3
LNR-0425,WEB-102,5,3,3,1.0,15,190.4,31.0,1,2,62.2,1.5,2.0,0.0,0.0,5.0,0.46,0,0,0,0,0,0,0,0,0,0,0,0,0,0,0
LNR-0426,CS-101,1,2,2,1.0,7,199.7,31.0,1,1,69.9,-0.3,1.0,1.0,0.0,4.0,0.5,0,0,0,0,0,0,0,1,1,0,0,0,0,0,2
LNR-0426,CS-101,2,2,2,1.0,6,183.3,29.0,1,1,76.1,-5.4,1.0,1.0,0.0,4.0,0.5,0,0,0,0,0,0,0,0,0,0,0,0,0,0,0
LNR-0426,CS-101,3,3,1,0.3333,0,5.0,6.0,0,0,44.8,-31.3,0.0,0.0,0.0,1.0,-0.62,1,0,0,0,0,0,0,0,0,0,0,0,0,0,0
LNR-0426,CS-101,4,3,1,0.3333,0,18.7,1.0,0,0,75.2,30.4,0.0,0.0,0.0,1.0,-0.41,1,0,0,0,0,0,0,0,0,0,0,0,0,0,0
LNR-0426,CS-101,5,2,0,0.0,0,15.1,2.0,0,0,59.4,-15.8,0.0,0.0,0.0,2.0,-0.54,1,0,0,0,0,0,0,0,0,0,0,0,0,0,0
LNR-0427,CS-101,1,3,2,0.6667,9,93.8,18.0,1,1,69.9,-0.3,1.0,2.0,0.0,4.0,0.47,0,0,0,0,0,0,0,1,1,0,0,0,0,0,2
LNR-0427,CS-101,2,3,2,0.6667,5,133.9,26.0,1,1,91.9,-1.8,0.0,4.0,0.0,4.0,0.46,0,0,0,0,0,0,0,0,0,0,0,0,0,0,0
LNR-0427,CS-101,3,3,2,0.6667,6,91.2,23.0,0,1,93.1,1.2,0.0,0.0,0.0,4.0,0.23,0,0,0,0,0,0,0,0,0,0,0,0,0,0,0
LNR-0427,CS-101,4,4,3,1.0,7,179.4,18.0,1,1,97.6,4.5,1.0,1.0,0.0,3.5,0.15,0,1,0,0,0,0,0,0,0,0,0,0,0,0,1
LNR-0427,CS-101,5,3,3,1.0,7,131.8,27.0,2,1,78.9,-18.7,0.0,0.0,0.0,4.0,0.44,0,0,0,0,0,0,0,0,0,0,0,0,1,1,2
LNR-0428,CS-101,1,3,3,1.0,10,215.1,22.0,2,2,91.1,2.6,1.0,3.0,0.0,5.0,0.64,0,0,0,0,0,0,0,0,0,0,0,0,0,0,0
LNR-0428,CS-101,2,3,3,1.0,13,230.0,36.0,2,1,88.9,-2.2,0.0,1.0,0.0,4.5,0.73,0,0,0,0,0,0,0,0,0,0,0,0,0,0,0
LNR-0428,CS-101,3,3,3,1.0,12,224.6,34.0,2,1,95.1,6.2,1.0,0.0,0.0,4.0,0.41,0,0,0,0,0,0,0,0,0,0,0,0,0,0,0
LNR-0428,CS-101,4,3,3,1.0,11,226.8,31.0,2,1,95.3,0.2,1.0,2.0,0.0,5.0,0.65,0,0,0,0,0,0,0,0,0,0,0,0,0,0,0
LNR-0428,CS-101,5,3,3,1.0,9,254.5,37.0,1,3,86.3,-9.0,0.0,0.0,0.0,4.0,0.44,0,0,0,0,0,0,0,0,0,0,0,0,1,1,2
LNR-0429,WEB-102,1,3,3,1.0,11,241.0,26.0,2,2,39.7,-6.6,1.0,0.0,1.0,4.0,0.56,0,0,0,0,0,0,0,0,0,0,0,0,0,0,0
LNR-0429,WEB-102,2,2,2,1.0,8,248.3,32.0,2,1,51.6,11.9,0.0,1.0,0.0,4.5,0.65,0,0,0,0,0,0,0,0,0,0,0,0,0,0,0
LNR-0429,WEB-102,3,3,3,1.0,15,163.8,33.0,2,1,38.9,-12.7,0.0,1.0,0.0,4.5,0.83,0,0,0,0,0,0,0,0,0,1,1,1,0,0,3
LNR-0429,WEB-102,4,3,3,1.0,14,226.6,35.0,2,1,45.0,6.1,0.0,0.0,0.0,4.5,0.72,0,0,0,0,0,0,0,0,0,0,0,0,0,0,0
LNR-0429,WEB-102,5,4,4,1.0,10,221.4,31.0,2,1,56.9,11.9,0.0,1.0,0.0,4.0,0.44,0,0,0,0,0,0,0,0,0,0,0,0,1,1,2
LNR-0430,DATA-201,1,3,1,0.3333,2,147.3,14.0,1,3,65.9,2.1,0.0,0.0,1.0,2.5,-0.07,0,0,0,0,0,0,0,0,0,0,0,0,0,0,0
LNR-0430,DATA-201,2,3,1,0.3333,5,100.5,14.0,0,1,65.5,-0.4,0.0,1.0,0.0,2.0,0.09,1,0,0,0,0,0,0,0,0,1,1,1,0,0,3
LNR-0430,DATA-201,3,2,1,0.5,5,51.4,17.0,0,2,26.1,-39.4,0.0,1.0,0.0,2.0,-0.52,1,0,0,0,0,0,0,0,0,0,0,0,0,0,0
LNR-0430,DATA-201,4,3,1,0.3333,2,56.5,2.0,0,1,44.4,18.3,0.0,0.0,0.0,2.0,-0.06,1,0,0,0,0,0,0,0,0,0,0,0,0,0,0
LNR-0430,DATA-201,5,4,1,0.25,1,10.0,3.0,0,0,52.0,7.6,0.0,0.0,0.0,1.5,-0.49,1,0,0,0,0,0,0,0,0,0,0,0,0,0,0
LNR-0431,WEB-102,1,2,2,1.0,7,168.3,26.0,2,1,62.4,-3.0,1.0,1.0,0.0,3.5,0.39,0,0,0,1,1,0,0,0,0,0,0,0,0,0,2
LNR-0431,WEB-102,2,2,2,1.0,5,100.0,18.0,1,1,53.0,-9.4,0.0,2.0,0.0,3.0,0.15,0,0,0,0,0,0,0,0,0,0,0,0,0,0,0
LNR-0431,WEB-102,3,2,2,1.0,4,9.4,24.0,2,1,73.2,20.2,0.0,1.0,0.0,3.5,0.09,0,0,0,0,0,0,0,0,0,0,0,0,0,0,0
LNR-0431,WEB-102,4,3,2,0.6667,7,113.3,26.0,1,1,74.0,0.8,0.0,0.0,0.0,4.0,0.44,0,0,0,0,0,0,0,0,0,0,0,0,1,1,2
LNR-0431,WEB-102,5,4,3,0.75,6,166.4,20.0,2,1,84.0,10.0,1.0,1.0,0.0,4.0,0.04,0,0,0,0,0,0,0,0,0,0,0,0,0,0,0
LNR-0432,CS-101,1,3,2,0.6667,11,168.3,26.0,1,1,71.9,0.9,1.0,0.0,0.0,4.0,0.04,0,0,0,1,1,0,0,0,0,0,0,0,0,0,2
LNR-0432,CS-101,2,4,3,0.75,5,116.1,18.0,2,1,71.8,-0.1,1.0,2.0,0.0,4.0,0.44,0,0,0,0,0,0,0,0,0,0,0,0,0,0,0
LNR-0432,CS-101,3,2,2,1.0,4,109.7,26.0,1,1,72.2,0.4,0.0,1.0,1.0,4.0,0.02,0,0,0,0,0,0,0,0,0,0,0,0,0,0,0
LNR-0432,CS-101,4,3,2,0.6667,3,157.2,20.0,2,1,70.4,-1.8,2.0,2.0,1.0,3.0,0.3,0,0,0,0,0,0,0,0,0,0,0,0,0,0,0
LNR-0432,CS-101,5,4,3,0.75,7,76.9,19.0,1,1,80.2,9.8,0.0,1.0,0.0,3.0,0.1,0,0,0,0,0,0,0,0,0,0,0,0,0,0,0
LNR-0433,WEB-102,1,3,2,0.6667,9,168.3,26.0,1,0,67.3,-11.0,1.0,0.0,0.0,2.5,-0.27,0,0,0,1,1,0,0,0,0,0,0,0,0,0,2
LNR-0433,WEB-102,2,3,1,0.3333,3,84.8,4.0,1,1,58.7,-8.6,0.0,0.0,0.0,3.0,-0.4,0,0,0,0,0,0,0,0,0,0,0,0,0,0,0
LNR-0433,WEB-102,3,2,1,0.5,6,118.9,12.0,0,0,68.6,9.9,0.0,0.0,0.0,2.5,-0.54,1,0,0,0,0,0,0,0,0,0,0,0,0,0,0
LNR-0433,WEB-102,4,3,1,0.3333,4,70.0,5.0,0,2,67.0,-1.6,0.0,1.0,0.0,3.0,-0.51,0,0,0,0,0,0,0,0,0,0,0,0,0,0,0
LNR-0433,WEB-102,5,4,0,0.0,3,78.4,3.0,0,0,64.3,-2.7,0.0,1.0,0.0,1.5,0.06,1,0,0,0,0,0,0,0,0,0,0,0,0,0,0
LNR-0434,CS-101,1,4,3,0.75,10,139.1,19.0,2,1,78.3,-8.9,1.0,1.0,0.0,3.5,0.44,0,0,0,0,0,0,0,0,0,0,0,0,0,0,0
LNR-0434,CS-101,2,4,3,0.75,6,89.9,28.0,1,1,100.0,21.7,0.0,1.0,0.0,3.0,0.36,0,0,0,0,0,0,0,0,0,0,0,0,0,0,0
LNR-0434,CS-101,3,3,2,0.6667,6,191.3,18.0,1,2,86.5,-13.5,0.0,1.0,0.0,4.0,0.04,0,0,0,0,0,0,0,0,0,0,0,0,0,0,0
LNR-0434,CS-101,4,3,2,0.6667,5,153.1,21.0,1,2,92.1,5.6,0.0,1.0,0.0,4.0,0.22,0,0,0,0,0,0,0,0,0,1,1,1,0,0,3
LNR-0434,CS-101,5,3,3,1.0,5,135.9,19.0,1,1,83.4,-8.7,1.0,1.0,0.0,4.0,0.44,0,0,0,0,0,0,0,0,0,0,0,0,1,1,2
LNR-0435,DATA-201,1,3,1,0.3333,2,113.9,17.0,1,2,69.9,-0.3,0.0,0.0,1.0,2.0,-0.54,0,0,0,0,0,0,0,1,1,0,0,0,0,0,2
LNR-0435,DATA-201,2,3,1,0.3333,4,51.5,12.0,1,0,65.2,-1.4,0.0,0.0,0.0,4.0,0.44,0,0,0,0,0,0,0,0,0,0,0,0,1,1,2
LNR-0435,DATA-201,3,4,1,0.25,5,58.0,11.0,0,0,62.7,-2.5,0.0,0.0,0.0,1.5,-0.5,1,0,0,0,0,0,0,0,0,0,0,0,0,0,0
LNR-0435,DATA-201,4,3,0,0.0,1,62.7,8.0,0,0,51.3,-11.4,0.0,1.0,0.0,1.5,-0.33,1,0,0,0,0,0,0,0,0,0,0,0,0,0,0
LNR-0435,DATA-201,5,3,0,0.0,0,65.1,3.0,0,1,45.3,-6.0,0.0,0.0,1.0,3.0,-0.41,1,0,0,0,0,0,0,0,0,0,0,0,0,0,0
LNR-0436,CS-101,1,3,2,0.6667,8,129.8,25.0,1,1,71.9,-1.4,1.0,1.0,0.0,3.5,0.03,0,0,0,0,0,0,0,0,0,0,0,0,0,0,0
LNR-0436,CS-101,2,3,2,0.6667,9,142.2,20.0,2,2,78.7,6.8,1.0,0.0,0.0,4.0,0.21,0,0,0,0,0,0,0,0,0,0,0,0,0,0,0
LNR-0436,CS-101,3,2,2,1.0,12,120.9,22.0,1,1,62.9,-15.8,2.0,0.0,0.0,3.5,0.22,0,0,0,0,0,0,0,0,0,0,0,0,0,0,0
LNR-0436,CS-101,4,3,2,0.6667,6,134.2,16.0,2,1,86.2,23.3,0.0,0.0,0.0,4.0,0.41,0,0,0,0,0,0,0,0,0,0,0,0,0,0,0
LNR-0436,CS-101,5,3,2,0.6667,5,169.0,22.0,0,1,69.9,-0.3,0.0,1.0,0.0,4.0,0.44,0,0,0,0,0,0,0,1,1,1,1,1,1,1,7
LNR-0437,DATA-201,1,4,4,1.0,10,232.3,34.0,2,2,88.6,7.6,0.0,3.0,1.0,4.0,0.44,0,0,0,0,0,0,0,0,0,0,0,0,1,1,2
LNR-0437,DATA-201,2,2,2,1.0,10,203.7,21.0,2,1,75.1,-13.5,0.0,0.0,0.0,5.0,0.88,0,0,0,0,0,0,0,0,0,0,0,0,0,0,0
LNR-0437,DATA-201,3,3,3,1.0,12,232.5,37.0,1,1,85.9,10.8,2.0,2.0,0.0,4.5,0.42,0,0,0,0,0,0,0,0,0,0,0,0,0,0,0
LNR-0437,DATA-201,4,2,2,1.0,11,188.7,33.0,2,1,88.5,2.6,0.0,1.0,0.0,5.0,0.8,0,0,0,0,0,0,0,0,0,0,0,0,0,0,0
LNR-0437,DATA-201,5,2,2,1.0,11,257.1,27.0,2,2,84.4,-4.1,2.0,0.0,1.0,4.0,0.44,0,0,0,0,0,0,0,0,0,0,0,0,1,1,2
LNR-0438,DATA-201,1,2,2,1.0,7,164.2,35.0,2,2,72.1,2.0,2.0,2.0,1.0,4.5,0.63,0,0,0,0,0,0,0,0,0,0,0,0,0,0,0
LNR-0438,DATA-201,2,3,3,1.0,9,182.8,38.0,2,1,64.8,-7.3,1.0,0.0,1.0,5.0,0.79,0,0,0,0,0,0,0,0,0,0,0,0,0,0,0
LNR-0438,DATA-201,3,3,3,1.0,15,183.0,27.0,1,1,68.9,4.1,0.0,1.0,1.0,4.0,0.44,0,1,0,0,0,0,0,0,0,0,0,0,1,1,3
LNR-0438,DATA-201,4,4,4,1.0,12,228.5,33.0,2,1,70.8,1.9,1.0,2.0,0.0,4.0,0.44,0,0,0,0,0,0,0,0,0,0,0,0,1,1,2
LNR-0438,DATA-201,5,2,2,1.0,13,168.3,26.0,2,1,71.7,0.9,1.0,1.0,0.0,4.0,0.44,0,0,0,1,1,0,0,0,0,0,0,0,1,1,4
LNR-0439,WEB-102,1,3,2,0.6667,6,159.1,25.0,1,2,62.5,-1.4,0.0,1.0,0.0,3.5,0.16,0,0,0,0,0,0,0,0,0,1,1,1,0,0,3
LNR-0439,WEB-102,2,4,3,0.75,3,135.9,23.0,1,1,66.3,3.8,0.0,0.0,0.0,3.5,0.46,0,0,0,0,0,0,0,0,0,0,0,0,0,0,0
LNR-0439,WEB-102,3,3,2,0.6667,6,145.4,16.0,1,1,64.8,-1.5,0.0,0.0,0.0,4.0,0.14,0,0,0,0,0,0,0,0,0,0,0,0,0,0,0
LNR-0439,WEB-102,4,4,3,0.75,8,114.4,21.0,0,1,66.9,2.1,1.0,0.0,0.0,3.0,0.1,0,0,0,0,0,0,0,0,0,0,0,0,0,0,0
LNR-0439,WEB-102,5,4,3,0.75,5,135.9,18.0,0,1,56.3,-10.6,0.0,0.0,0.0,3.0,0.24,0,0,0,0,0,0,0,0,0,0,0,0,0,0,0
LNR-0440,CS-101,1,3,2,0.6667,5,128.2,8.0,1,4,69.9,-0.3,0.0,0.0,0.0,1.5,-0.55,0,0,0,0,0,0,0,1,1,0,0,0,0,0,2
LNR-0440,CS-101,2,3,1,0.3333,3,107.5,9.0,0,1,77.1,-22.9,1.0,0.0,1.0,2.5,-0.44,1,0,0,0,0,0,0,0,0,0,0,0,0,0,0
LNR-0440,CS-101,3,2,0,0.0,5,79.4,10.0,0,1,76.2,-0.9,0.0,1.0,0.0,4.0,0.44,1,0,0,0,0,0,0,0,0,0,0,0,1,1,2
LNR-0440,CS-101,4,4,1,0.25,2,99.1,9.0,0,1,65.3,-10.9,0.0,0.0,0.0,1.5,0.07,1,0,0,0,0,0,0,0,0,0,0,0,0,0,0
LNR-0440,CS-101,5,3,0,0.0,1,13.2,1.0,0,1,58.7,-6.6,0.0,2.0,0.0,3.0,-0.06,1,0,0,0,0,0,0,0,0,0,0,0,0,0,0
LNR-0441,CS-101,1,2,0,0.0,10,85.5,17.0,0,2,69.9,-0.3,0.0,0.0,0.0,2.0,-0.46,1,0,0,0,0,0,0,1,1,0,0,0,0,0,2
LNR-0441,CS-101,2,3,1,0.3333,3,139.9,11.0,0,3,65.9,-14.0,1.0,0.0,0.0,4.0,0.44,1,0,0,0,0,0,0,0,0,0,0,0,1,1,2
LNR-0441,CS-101,3,2,1,0.5,6,40.9,13.0,1,0,69.9,-0.3,0.0,1.0,0.0,2.0,0.06,1,0,0,0,0,0,0,1,1,1,1,1,0,0,5
LNR-0441,CS-101,4,3,1,0.3333,1,84.6,7.0,1,0,69.9,-0.3,0.0,0.0,0.0,1.5,-0.16,1,0,0,0,0,0,0,1,1,0,0,0,0,0,2
LNR-0441,CS-101,5,3,0,0.0,1,23.9,4.0,0,1,36.5,-11.7,1.0,0.0,0.0,4.0,0.44,1,0,0,0,0,0,0,0,0,0,0,0,1,1,2
LNR-0442,DATA-201,1,3,2,0.6667,1,209.5,15.0,1,3,73.6,-5.2,1.0,0.0,0.0,1.5,-0.24,0,0,0,0,0,0,0,0,0,0,0,0,0,0,0
LNR-0442,DATA-201,2,3,1,0.3333,3,80.4,10.0,1,1,70.5,-3.1,0.0,0.0,0.0,4.0,0.44,1,0,0,0,0,0,0,0,0,0,0,0,1,1,2
LNR-0442,DATA-201,3,4,1,0.25,3,78.1,9.0,1,0,64.2,-6.3,0.0,0.0,0.0,1.5,-0.36,1,0,0,0,0,0,0,0,0,0,0,0,0,0,0
LNR-0442,DATA-201,4,2,0,1.0,0,55.8,5.0,0,1,34.8,-29.4,1.0,0.0,0.0,2.0,-0.15,1,1,0,0,0,0,0,0,0,0,0,0,0,0,1
LNR-0442,DATA-201,5,4,0,0.0,2,26.0,7.0,0,3,72.3,37.5,0.0,0.0,0.0,1.5,-0.53,1,0,0,0,0,0,0,0,0,0,0,0,0,0,0
LNR-0443,DATA-201,1,3,3,1.0,12,207.2,29.0,1,2,74.1,-4.7,0.0,4.0,0.0,4.0,0.76,0,0,0,0,0,0,0,0,0,0,0,0,0,0,0
LNR-0443,DATA-201,2,3,3,1.0,14,233.5,41.0,2,2,81.1,7.0,0.0,0.0,0.0,4.0,0.65,0,0,0,0,0,0,0,0,0,0,0,0,0,0,0
LNR-0443,DATA-201,3,3,3,1.0,10,269.2,26.0,2,1,83.6,2.5,0.0,4.0,0.0,4.5,0.79,0,0,0,0,0,0,0,0,0,0,0,0,0,0,0
LNR-0443,DATA-201,4,3,3,1.0,6,225.1,33.0,2,2,78.3,-5.3,0.0,1.0,0.0,4.5,0.45,0,0,0,0,0,0,0,0,0,1,1,1,0,0,3
LNR-0443,DATA-201,5,3,3,1.0,9,279.6,35.0,2,1,82.6,4.3,0.0,1.0,1.0,4.0,0.44,0,0,0,0,0,0,0,0,0,0,0,0,1,1,2
LNR-0444,CS-101,1,4,4,1.0,8,228.8,32.0,2,1,91.0,10.0,2.0,2.0,1.0,4.0,0.44,0,0,0,0,0,0,0,0,0,0,0,0,1,1,2
LNR-0444,CS-101,2,4,3,0.75,14,184.3,30.0,2,1,100.0,9.0,1.0,1.0,0.0,4.0,0.44,0,0,0,0,0,0,0,0,0,0,0,0,1,1,2
LNR-0444,CS-101,3,3,3,1.0,14,192.4,32.0,1,2,95.6,-4.4,1.0,1.0,0.0,4.5,0.41,0,0,0,0,0,0,0,0,0,0,0,0,0,0,0
LNR-0444,CS-101,4,4,3,0.75,8,248.6,33.0,2,2,84.3,-11.3,0.0,1.0,0.0,4.5,0.7,0,0,0,0,0,0,0,0,0,0,0,0,0,0,0
LNR-0444,CS-101,5,3,3,1.0,11,211.1,28.0,2,1,89.9,5.6,0.0,1.0,0.0,4.0,0.44,0,0,0,0,0,0,0,0,0,1,1,1,1,1,5
LNR-0445,AI-301,1,3,3,1.0,6,138.5,12.0,1,1,75.9,10.4,1.0,1.0,0.0,4.0,0.5,0,0,0,0,0,0,0,0,0,0,0,0,0,0,0
LNR-0445,AI-301,2,3,3,1.0,9,190.3,24.0,1,1,57.5,-18.4,1.0,1.0,0.0,4.0,0.5,0,1,0,0,0,0,0,0,0,0,0,0,0,0,1
LNR-0445,AI-301,3,2,0,0.0,2,23.1,4.0,0,0,47.1,-10.4,0.0,0.0,0.0,2.0,-0.31,1,0,0,0,0,0,0,0,0,0,0,0,0,0,0
LNR-0445,AI-301,4,3,0,0.0,0,20.0,2.0,0,0,55.8,8.7,0.0,0.0,0.0,4.0,0.44,1,0,0,0,0,0,0,0,0,0,0,0,1,1,2
LNR-0445,AI-301,5,3,1,0.3333,0,31.7,2.0,0,0,53.5,-2.3,0.0,0.0,0.0,4.0,0.44,1,0,0,0,0,0,0,0,0,0,0,0,1,1,2
LNR-0446,CS-101,1,4,4,1.0,14,188.0,33.0,2,1,94.6,2.5,1.0,1.0,0.0,5.0,0.77,0,0,0,0,0,0,0,0,0,0,0,0,0,0,0
LNR-0446,CS-101,2,3,3,1.0,17,291.3,30.0,2,1,100.0,5.4,1.0,3.0,0.0,4.5,0.49,0,0,0,0,0,0,0,0,0,0,0,0,0,0,0
LNR-0446,CS-101,3,3,3,1.0,13,246.2,31.0,2,1,100.0,0.0,0.0,3.0,1.0,4.5,0.76,0,0,0,0,0,0,0,0,0,0,0,0,0,0,0
LNR-0446,CS-101,4,3,3,1.0,13,205.9,35.0,2,1,91.2,-8.8,0.0,2.0,0.0,4.0,0.44,0,0,0,0,0,0,0,0,0,0,0,0,1,1,2
LNR-0446,CS-101,5,3,3,1.0,11,223.4,27.0,2,1,91.8,0.6,1.0,2.0,0.0,5.0,0.42,0,0,0,0,0,0,0,0,0,0,0,0,0,0,0
LNR-0447,CS-101,1,4,4,1.0,8,200.2,37.0,2,1,68.6,-6.6,1.0,0.0,0.0,4.0,0.44,0,0,0,0,0,0,0,0,0,0,0,0,1,1,2
LNR-0447,CS-101,2,3,3,1.0,8,205.2,38.0,2,2,80.9,12.3,0.0,3.0,0.0,4.0,0.63,0,0,0,0,0,0,0,0,0,0,0,0,0,0,0
LNR-0447,CS-101,3,4,4,1.0,10,240.8,33.0,2,1,80.7,-0.2,0.0,0.0,1.0,4.0,0.44,0,0,0,0,0,0,0,0,0,0,0,0,1,1,2
LNR-0447,CS-101,4,3,3,1.0,7,266.9,33.0,2,2,60.7,-20.0,0.0,1.0,0.0,4.5,0.66,0,0,0,0,0,0,0,0,0,0,0,0,0,0,0
LNR-0447,CS-101,5,3,3,1.0,16,271.7,43.0,2,1,85.2,24.5,0.0,4.0,1.0,5.0,0.51,0,0,0,0,0,0,0,0,0,0,0,0,0,0,0
LNR-0448,DATA-201,1,4,2,0.5,4,94.1,16.0,0,2,82.6,3.8,0.0,0.0,0.0,2.0,-0.06,1,0,0,0,0,0,0,0,0,0,0,0,0,0,0
LNR-0448,DATA-201,2,3,1,0.3333,4,84.1,14.0,1,1,72.4,-10.2,0.0,0.0,0.0,4.0,0.44,0,0,0,0,0,0,0,0,0,0,0,0,1,1,2
LNR-0448,DATA-201,3,3,1,0.3333,3,79.5,14.0,0,3,53.0,-19.4,0.0,1.0,0.0,4.0,0.44,1,0,0,0,0,0,0,0,0,0,0,0,1,1,2
LNR-0448,DATA-201,4,2,0,0.0,2,10.0,10.0,0,3,66.3,13.3,0.0,0.0,0.0,3.0,-0.27,1,0,0,0,0,0,0,0,0,0,0,0,0,0,0
LNR-0448,DATA-201,5,2,0,0.0,1,18.4,10.0,0,1,56.8,-9.5,1.0,0.0,0.0,1.5,-0.1,1,0,0,0,0,0,0,0,0,0,0,0,0,0,0
LNR-0449,CS-101,1,3,2,0.6667,4,154.5,18.0,1,1,47.7,-14.0,0.0,0.0,1.0,3.5,0.15,0,0,0,0,0,0,0,0,0,0,0,0,0,0,0
LNR-0449,CS-101,2,2,1,0.5,5,74.7,21.0,1,1,59.6,11.9,0.0,1.0,0.0,3.0,0.11,0,0,0,0,0,0,0,0,0,0,0,0,0,0,0
LNR-0449,CS-101,3,4,3,0.75,5,175.6,20.0,2,1,69.2,9.6,0.0,0.0,0.0,3.0,0.02,0,0,0,0,0,0,0,0,0,0,0,0,0,0,0
LNR-0449,CS-101,4,3,2,0.6667,8,138.5,16.0,1,2,69.9,-0.3,1.0,0.0,0.0,4.0,0.08,0,0,0,0,0,0,0,1,1,0,0,0,0,0,2
LNR-0449,CS-101,5,3,2,0.6667,6,195.7,22.0,2,1,61.0,-0.1,0.0,0.0,0.0,4.0,0.44,0,0,0,0,0,0,0,0,0,0,0,0,1,1,2
LNR-0450,AI-301,1,3,1,0.3333,2,105.0,20.0,1,0,54.1,2.7,0.0,0.0,0.0,4.0,0.44,1,0,0,0,0,0,0,0,0,0,0,0,1,1,2
LNR-0450,AI-301,2,3,1,0.3333,3,69.8,11.0,1,0,40.9,-13.2,0.0,1.0,0.0,1.5,0.04,1,0,0,0,0,0,0,0,0,0,0,0,0,0,0
LNR-0450,AI-301,3,4,1,0.25,5,61.8,11.0,0,2,33.4,-7.5,0.0,1.0,0.0,2.5,-0.39,1,0,0,0,0,0,0,0,0,0,0,0,0,0,0
LNR-0450,AI-301,4,3,1,0.3333,0,67.1,7.0,0,0,45.5,12.1,1.0,0.0,0.0,2.0,-0.17,1,0,0,0,0,0,0,0,0,0,0,0,0,0,0
LNR-0450,AI-301,5,3,0,0.0,0,46.4,7.0,0,0,25.9,-19.6,0.0,1.0,0.0,3.0,-0.55,1,0,0,0,0,0,0,0,0,0,0,0,0,0,0
LNR-0451,AI-301,1,4,3,0.75,6,147.5,20.0,1,1,70.5,-7.1,1.0,0.0,0.0,3.5,0.16,0,0,0,0,0,0,0,0,0,0,0,0,0,0,0
LNR-0451,AI-301,2,4,3,0.75,7,167.9,30.0,1,1,73.9,3.4,0.0,1.0,0.0,3.5,0.19,0,0,0,0,0,0,0,0,0,0,0,0,0,0,0
LNR-0451,AI-301,3,3,2,0.6667,9,137.6,22.0,1,1,79.2,5.3,0.0,1.0,0.0,3.5,0.29,0,0,0,0,0,0,0,0,0,0,0,0,0,0,0
LNR-0451,AI-301,4,3,2,0.6667,9,147.0,32.0,1,2,91.9,12.7,0.0,1.0,0.0,4.0,0.4,0,0,0,0,0,0,0,0,0,1,1,1,0,0,3
LNR-0451,AI-301,5,3,2,0.6667,5,109.8,19.0,2,2,73.9,-18.0,0.0,0.0,1.0,4.0,0.1,0,0,0,0,0,0,0,0,0,0,0,0,0,0,0
LNR-0452,DATA-201,1,3,2,0.6667,5,151.6,17.0,1,2,91.2,6.8,0.0,0.0,0.0,2.0,-0.58,0,0,0,0,0,0,0,0,0,0,0,0,0,0,0
LNR-0452,DATA-201,2,2,1,0.5,5,126.2,15.0,0,0,67.5,-23.7,0.0,1.0,0.0,1.5,-0.24,1,0,0,0,0,0,0,0,0,1,1,1,0,0,3
LNR-0452,DATA-201,3,2,0,0.0,10,81.7,9.0,0,3,84.1,16.6,1.0,0.0,1.0,4.0,0.44,1,0,0,0,0,0,0,0,0,0,0,0,1,1,2
LNR-0452,DATA-201,4,2,0,0.0,2,12.2,2.0,0,1,81.1,-3.0,0.0,0.0,0.0,4.0,0.44,1,0,0,0,0,0,0,0,0,0,0,0,1,1,2
LNR-0452,DATA-201,5,3,0,0.0,1,23.9,5.0,0,0,59.7,-21.4,1.0,0.0,0.0,2.0,-0.59,1,0,0,0,0,0,0,0,0,0,0,0,0,0,0
LNR-0453,AI-301,1,3,2,0.6667,6,91.4,25.0,1,1,84.7,3.3,0.0,0.0,1.0,3.5,0.09,0,0,0,0,0,0,0,0,0,0,0,0,0,0,0
LNR-0453,AI-301,2,3,2,0.6667,6,124.0,20.0,2,1,85.4,0.7,1.0,0.0,0.0,4.0,0.4,0,0,0,0,0,0,0,0,0,0,0,0,0,0,0
LNR-0453,AI-301,3,2,1,0.5,6,168.3,26.0,1,1,80.0,-5.4,0.0,2.0,0.0,3.0,0.38,0,0,0,1,1,0,0,0,0,0,0,0,0,0,2
LNR-0453,AI-301,4,3,2,0.6667,8,140.7,19.0,1,1,74.9,-5.1,1.0,0.0,1.0,3.5,0.4,0,0,0,0,0,0,0,0,0,0,0,0,0,0,0
LNR-0453,AI-301,5,4,3,0.75,5,117.5,27.0,1,2,76.3,1.4,1.0,1.0,0.0,4.0,0.44,0,0,0,0,0,0,0,0,0,0,0,0,1,1,2
LNR-0454,DATA-201,1,2,2,1.0,9,285.6,38.0,2,1,61.8,-3.6,1.0,1.0,0.0,4.0,0.44,0,0,0,0,0,0,0,0,0,0,0,0,1,1,2
LNR-0454,DATA-201,2,3,3,1.0,12,182.1,39.0,2,2,65.6,3.8,1.0,6.0,2.0,4.0,0.44,0,0,0,0,0,0,0,0,0,0,0,0,1,1,2
LNR-0454,DATA-201,3,4,4,1.0,9,223.0,28.0,2,1,72.9,7.3,1.0,1.0,1.0,5.0,0.52,0,0,0,0,0,0,0,0,0,0,0,0,0,0,0
LNR-0454,DATA-201,4,4,4,1.0,15,230.6,30.0,2,2,57.0,-15.9,1.0,1.0,1.0,5.0,0.5,0,0,0,0,0,0,0,0,0,0,0,0,0,0,0
LNR-0454,DATA-201,5,3,3,1.0,14,143.0,28.0,2,1,69.9,-0.3,1.0,2.0,0.0,4.0,0.87,0,0,0,0,0,0,0,1,1,0,0,0,0,0,2
LNR-0455,CS-101,1,2,1,0.5,8,139.5,24.0,2,2,60.0,1.8,0.0,0.0,0.0,4.0,0.08,0,0,0,0,0,0,0,0,0,0,0,0,0,0,0
LNR-0455,CS-101,2,4,3,0.75,7,163.9,16.0,1,1,77.1,17.1,0.0,1.0,0.0,4.0,0.44,0,0,0,0,0,0,0,0,0,0,0,0,1,1,2
LNR-0455,CS-101,3,4,3,0.75,7,149.7,20.0,2,1,65.3,-11.8,1.0,0.0,0.0,4.0,0.4,0,0,0,0,0,0,0,0,0,0,0,0,0,0,0
LNR-0455,CS-101,4,3,2,0.6667,6,165.2,23.0,1,1,50.0,-15.3,0.0,0.0,1.0,4.0,0.21,0,0,0,0,0,0,0,0,0,0,0,0,0,0,0
LNR-0455,CS-101,5,2,2,1.0,5,203.8,22.0,1,1,80.0,30.0,0.0,1.0,0.0,4.0,0.04,0,0,0,0,0,0,0,0,0,1,1,1,0,0,3
LNR-0456,CS-101,1,4,4,1.0,9,246.3,33.0,2,3,69.9,-0.3,0.0,1.0,0.0,5.0,0.53,0,0,0,0,0,0,0,1,1,1,1,1,0,0,5
LNR-0456,CS-101,2,3,3,1.0,10,190.4,35.0,2,2,78.9,2.3,1.0,0.0,0.0,4.0,0.78,0,0,0,0,0,0,0,0,0,0,0,0,0,0,0
LNR-0456,CS-101,3,3,3,1.0,11,216.8,33.0,1,1,75.4,-3.5,1.0,1.0,2.0,5.0,0.67,0,0,0,0,0,0,0,0,0,0,0,0,0,0,0
LNR-0456,CS-101,4,3,3,1.0,11,200.2,29.0,2,2,84.8,9.4,2.0,1.0,0.0,4.0,0.44,0,0,0,0,0,0,0,0,0,0,0,0,1,1,2
LNR-0456,CS-101,5,4,4,1.0,11,160.6,34.0,2,1,84.4,-0.4,0.0,1.0,0.0,4.5,0.4,0,0,0,0,0,0,0,0,0,1,1,1,0,0,3
LNR-0457,CS-101,1,4,4,1.0,8,243.6,32.0,2,3,60.4,6.2,1.0,3.0,0.0,4.5,0.58,0,0,0,0,0,0,0,0,0,0,0,0,0,0,0
LNR-0457,CS-101,2,2,2,1.0,11,190.0,38.0,2,3,59.3,-1.1,0.0,0.0,1.0,4.0,0.44,0,0,0,0,0,0,0,0,0,0,0,0,1,1,2
LNR-0457,CS-101,3,3,3,1.0,7,192.9,36.0,2,1,51.3,-8.0,0.0,1.0,0.0,4.0,0.44,0,0,0,0,0,0,0,0,0,1,1,1,1,1,5
LNR-0457,CS-101,4,2,2,1.0,18,253.6,32.0,2,2,60.8,9.5,1.0,0.0,1.0,4.0,0.44,0,0,0,0,0,0,0,0,0,0,0,0,1,1,2
LNR-0457,CS-101,5,3,3,1.0,10,216.1,25.0,2,1,59.1,-1.7,1.0,1.0,2.0,4.5,0.54,0,0,0,0,0,0,0,0,0,0,0,0,0,0,0
LNR-0458,AI-301,1,4,3,0.75,12,289.2,39.0,2,1,89.2,4.1,0.0,1.0,1.0,4.0,0.44,0,0,0,0,0,0,0,0,0,0,0,0,1,1,2
LNR-0458,AI-301,2,4,4,1.0,10,123.1,32.0,1,3,81.1,-8.1,1.0,0.0,0.0,4.5,0.49,0,0,0,0,0,0,0,0,0,0,0,0,0,0,0
LNR-0458,AI-301,3,3,3,1.0,13,168.3,26.0,1,2,82.6,1.5,2.0,0.0,0.0,5.0,0.75,0,0,0,1,1,0,0,0,0,0,0,0,0,0,2
LNR-0458,AI-301,4,3,3,1.0,11,137.3,32.0,2,1,89.0,6.4,0.0,1.0,2.0,4.0,0.52,0,1,0,0,0,0,0,0,0,0,0,0,0,0,1
LNR-0458,AI-301,5,3,3,1.0,12,134.4,29.0,1,1,69.9,-0.3,2.0,1.0,0.0,5.0,0.52,0,0,0,0,0,0,0,1,1,0,0,0,0,0,2
LNR-0459,AI-301,1,3,2,1.0,4,178.1,27.0,0,1,78.9,-3.2,0.0,1.0,0.0,4.0,0.35,0,1,0,0,0,0,0,0,0,0,0,0,0,0,1
LNR-0459,AI-301,2,2,1,0.5,5,174.3,15.0,1,2,74.7,-4.2,2.0,3.0,0.0,3.5,0.41,0,0,0,0,0,0,0,0,0,0,0,0,0,0,0
LNR-0459,AI-301,3,3,2,0.6667,10,132.2,18.0,1,1,97.5,22.8,0.0,0.0,0.0,3.0,0.18,0,0,0,0,0,0,0,0,0,0,0,0,0,0,0
LNR-0459,AI-301,4,2,2,1.0,4,95.7,21.0,1,1,78.9,-18.6,1.0,1.0,0.0,3.0,0.41,0,0,0,0,0,0,0,0,0,0,0,0,0,0,0
LNR-0459,AI-301,5,3,2,0.6667,7,133.3,19.0,0,2,84.4,5.5,0.0,1.0,0.0,4.0,0.44,1,0,0,0,0,0,0,0,0,1,1,1,1,1,5
LNR-0460,AI-301,1,3,2,0.6667,6,131.4,20.0,1,1,69.9,-0.3,0.0,0.0,0.0,3.0,0.38,0,0,0,0,0,0,0,1,1,0,0,0,0,0,2
LNR-0460,AI-301,2,3,2,0.6667,7,136.1,18.0,2,2,69.4,2.2,2.0,0.0,0.0,4.0,0.44,0,0,0,0,0,0,0,0,0,0,0,0,0,0,0
LNR-0460,AI-301,3,2,2,1.0,6,117.2,21.0,1,1,59.7,-9.7,0.0,1.0,0.0,4.0,0.44,0,0,0,0,0,0,0,0,0,1,1,1,1,1,5
LNR-0460,AI-301,4,2,2,1.0,6,124.4,18.0,1,2,69.9,-0.3,0.0,1.0,0.0,4.0,0.32,0,0,0,0,0,0,0,1,1,0,0,0,0,0,2
LNR-0460,AI-301,5,2,2,1.0,7,111.7,22.0,1,1,74.9,0.2,0.0,1.0,0.0,4.0,0.44,0,0,0,0,0,0,0,0,0,0,0,0,1,1,2
LNR-0461,CS-101,1,4,4,1.0,11,174.6,30.0,2,3,63.9,-6.8,0.0,3.0,0.0,4.5,0.75,0,0,0,0,0,0,0,0,0,0,0,0,0,0,0
LNR-0461,CS-101,2,3,3,1.0,10,223.0,29.0,2,1,71.2,7.3,0.0,3.0,0.0,4.5,0.48,0,0,0,0,0,0,0,0,0,0,0,0,0,0,0
LNR-0461,CS-101,3,3,3,1.0,12,201.6,28.0,2,1,66.5,-4.7,2.0,3.0,0.0,5.0,0.55,0,0,0,0,0,0,0,0,0,0,0,0,0,0,0
LNR-0461,CS-101,4,3,3,1.0,9,178.8,29.0,2,1,71.6,5.1,1.0,0.0,0.0,4.0,0.7,0,0,0,0,0,0,0,0,0,0,0,0,0,0,0
LNR-0461,CS-101,5,3,3,1.0,9,205.1,38.0,2,1,72.9,1.3,3.0,2.0,0.0,4.0,0.44,0,0,0,0,0,0,0,0,0,0,0,0,1,1,2
LNR-0462,WEB-102,1,2,2,1.0,9,224.9,32.0,2,1,41.3,-6.7,0.0,0.0,0.0,4.0,0.44,0,0,0,0,0,0,0,0,0,0,0,0,1,1,2
LNR-0462,WEB-102,2,4,4,1.0,12,264.3,33.0,2,1,46.7,5.4,0.0,0.0,0.0,5.0,0.76,0,0,0,0,0,0,0,0,0,0,0,0,0,0,0
LNR-0462,WEB-102,3,3,3,1.0,11,241.8,20.0,2,1,50.0,3.3,1.0,1.0,1.0,5.0,0.63,0,0,0,0,0,0,0,0,0,0,0,0,0,0,0
LNR-0462,WEB-102,4,4,3,0.75,10,169.2,38.0,2,1,48.9,-1.1,2.0,0.0,0.0,4.0,0.44,0,0,0,0,0,0,0,0,0,0,0,0,1,1,2
LNR-0462,WEB-102,5,2,2,1.0,12,159.1,35.0,2,1,45.1,-3.8,1.0,3.0,0.0,4.0,0.78,0,0,0,0,0,0,0,0,0,0,0,0,0,0,0
LNR-0463,CS-101,1,3,3,1.0,7,168.3,26.0,2,1,57.8,-2.3,2.0,1.0,0.0,4.5,0.63,0,0,0,1,1,0,0,0,0,0,0,0,0,0,2
LNR-0463,CS-101,2,3,3,1.0,10,282.6,43.0,2,2,51.0,-6.8,0.0,2.0,0.0,5.0,0.53,0,0,0,0,0,0,0,0,0,0,0,0,0,0,0
LNR-0463,CS-101,3,4,4,1.0,10,188.4,32.0,1,2,70.3,19.3,0.0,1.0,0.0,4.0,0.44,0,0,0,0,0,0,0,0,0,0,0,0,1,1,2
LNR-0463,CS-101,4,3,3,1.0,11,256.8,34.0,2,1,59.5,-10.8,0.0,2.0,0.0,5.0,0.64,0,0,0,0,0,0,0,0,0,0,0,0,0,0,0
LNR-0463,CS-101,5,4,4,1.0,7,159.0,28.0,2,2,67.5,8.0,0.0,3.0,0.0,4.0,0.44,0,0,0,0,0,0,0,0,0,0,0,0,1,1,2
LNR-0464,WEB-102,1,3,2,0.6667,6,179.3,18.0,1,2,85.4,4.0,0.0,1.0,0.0,4.0,0.16,0,0,0,0,0,0,0,0,0,0,0,0,0,0,0
LNR-0464,WEB-102,2,2,2,1.0,8,87.5,21.0,1,1,78.7,-6.7,0.0,1.0,0.0,3.5,0.32,0,0,0,0,0,0,0,0,0,1,1,1,0,0,3
LNR-0464,WEB-102,3,3,2,0.6667,8,101.4,16.0,1,1,80.1,1.4,0.0,0.0,0.0,3.0,0.21,0,0,0,0,0,0,0,0,0,0,0,0,0,0,0
LNR-0464,WEB-102,4,2,2,1.0,4,182.1,19.0,1,1,89.5,9.4,0.0,0.0,0.0,3.0,0.42,0,0,0,0,0,0,0,0,0,0,0,0,0,0,0
LNR-0464,WEB-102,5,4,3,1.0,4,148.0,20.0,2,1,73.6,-15.9,0.0,3.0,0.0,3.5,0.39,0,1,0,0,0,0,0,0,0,0,0,0,0,0,1
LNR-0465,CS-101,1,3,2,0.6667,5,168.3,26.0,1,1,100.0,2.0,0.0,1.0,0.0,4.0,0.32,0,0,0,1,1,0,0,0,0,0,0,0,0,0,2
LNR-0465,CS-101,2,4,3,0.75,16,84.3,24.0,1,1,98.4,-1.6,0.0,0.0,0.0,4.0,0.49,0,0,0,0,0,0,0,0,0,0,0,0,0,0,0
LNR-0465,CS-101,3,3,2,0.6667,5,148.5,18.0,1,1,100.0,1.6,0.0,1.0,0.0,3.0,0.17,0,0,0,0,0,0,0,0,0,1,1,1,0,0,3
LNR-0465,CS-101,4,4,3,0.75,7,146.0,25.0,2,1,100.0,0.0,1.0,0.0,0.0,3.0,0.09,0,0,0,0,0,0,0,0,0,0,0,0,0,0,0
LNR-0465,CS-101,5,4,3,0.75,6,136.4,22.0,0,1,98.1,-1.9,1.0,1.0,0.0,3.5,0.23,0,0,0,0,0,0,0,0,0,0,0,0,0,0,0
LNR-0466,CS-101,1,3,3,1.0,13,269.5,30.0,2,1,48.3,-6.5,0.0,0.0,0.0,4.5,0.6,0,0,0,0,0,0,0,0,0,0,0,0,0,0,0
LNR-0466,CS-101,2,3,3,1.0,16,168.3,26.0,2,1,50.3,2.0,1.0,0.0,0.0,4.5,0.73,0,0,0,1,1,0,0,0,0,0,0,0,0,0,2
LNR-0466,CS-101,3,3,3,1.0,8,183.7,38.0,2,2,58.2,7.9,0.0,1.0,0.0,5.0,0.89,0,0,0,0,0,0,0,0,0,0,0,0,0,0,0
LNR-0466,CS-101,4,3,3,1.0,12,206.6,36.0,2,1,56.7,-1.5,0.0,3.0,0.0,5.0,0.75,0,0,0,0,0,0,0,0,0,0,0,0,0,0,0
LNR-0466,CS-101,5,2,2,1.0,11,223.1,29.0,2,2,49.7,-7.0,2.0,1.0,0.0,5.0,0.67,0,0,0,0,0,0,0,0,0,0,0,0,0,0,0
LNR-0467,AI-301,1,3,3,1.0,8,259.7,31.0,1,1,74.0,6.8,1.0,0.0,0.0,4.5,0.76,0,0,0,0,0,0,0,0,0,0,0,0,0,0,0
LNR-0467,AI-301,2,3,3,1.0,14,150.2,34.0,2,1,64.6,-9.4,2.0,1.0,0.0,4.0,0.44,0,0,0,0,0,0,0,0,0,0,0,0,1,1,2
LNR-0467,AI-301,3,2,2,1.0,21,224.5,40.0,2,1,69.9,-0.3,0.0,2.0,0.0,4.5,0.66,0,1,0,0,0,0,0,1,1,0,0,0,0,0,3
LNR-0467,AI-301,4,4,4,1.0,12,102.4,32.0,2,3,73.8,-2.4,0.0,0.0,1.0,4.5,0.49,0,0,0,0,0,0,0,0,0,0,0,0,0,0,0
LNR-0467,AI-301,5,2,2,1.0,16,236.5,41.0,1,1,68.8,-5.0,0.0,0.0,0.0,4.5,0.61,0,0,0,0,0,0,0,0,0,0,0,0,0,0,0
LNR-0468,CS-101,1,3,2,0.6667,8,122.8,15.0,1,1,62.2,-8.4,0.0,0.0,0.0,3.5,0.01,0,0,0,0,0,0,0,0,0,0,0,0,0,0,0
LNR-0468,CS-101,2,3,2,0.6667,9,138.3,19.0,1,1,77.7,15.5,0.0,0.0,0.0,3.5,0.09,0,0,0,0,0,0,0,0,0,0,0,0,0,0,0
LNR-0468,CS-101,3,2,2,1.0,5,73.6,27.0,2,1,67.6,-10.1,1.0,0.0,1.0,4.0,0.32,0,0,0,0,0,0,0,0,0,0,0,0,0,0,0
LNR-0468,CS-101,4,3,2,1.0,5,143.3,18.0,1,1,76.1,8.5,0.0,1.0,0.0,3.5,0.23,0,1,0,0,0,0,0,0,0,0,0,0,0,0,1
LNR-0468,CS-101,5,3,2,0.6667,9,163.5,20.0,2,1,74.5,-1.6,0.0,0.0,1.0,4.0,0.33,0,0,0,0,0,0,0,0,0,0,0,0,0,0,0
LNR-0469,CS-101,1,2,2,1.0,11,170.2,29.0,1,1,64.8,4.8,0.0,0.0,0.0,5.0,0.43,0,0,0,0,0,0,0,0,0,0,0,0,0,0,0
LNR-0469,CS-101,2,3,3,1.0,6,218.6,36.0,2,2,61.7,-3.1,1.0,1.0,1.0,4.0,0.44,0,0,0,0,0,0,0,0,0,0,0,0,1,1,2
LNR-0469,CS-101,3,3,3,1.0,22,249.0,41.0,1,3,56.2,-5.5,0.0,3.0,0.0,4.5,0.64,0,0,0,0,0,0,0,0,0,0,0,0,0,0,0
LNR-0469,CS-101,4,3,3,1.0,14,168.4,34.0,2,2,61.4,5.2,2.0,4.0,1.0,4.5,0.73,0,0,0,0,0,0,0,0,0,0,0,0,0,0,0
LNR-0469,CS-101,5,3,3,1.0,10,168.3,26.0,2,2,56.4,-5.0,2.0,2.0,0.0,4.0,0.79,0,0,0,1,1,0,0,0,0,0,0,0,0,0,2
LNR-0470,CS-101,1,2,2,1.0,9,182.5,36.0,2,1,57.7,-6.5,0.0,0.0,1.0,4.0,0.44,0,0,0,0,0,0,0,0,0,0,0,0,1,1,2
LNR-0470,CS-101,2,4,4,1.0,14,203.7,30.0,2,2,60.4,2.7,1.0,3.0,0.0,4.5,0.59,0,0,0,0,0,0,0,0,0,0,0,0,0,0,0
LNR-0470,CS-101,3,4,3,0.75,9,80.1,40.0,2,1,66.5,6.1,1.0,1.0,1.0,5.0,0.53,0,0,0,0,0,0,0,0,0,0,0,0,0,0,0
LNR-0470,CS-101,4,4,3,1.0,14,158.3,31.0,2,2,64.5,-2.0,1.0,1.0,1.0,4.5,0.58,0,1,0,0,0,0,0,0,0,0,0,0,0,0,1
LNR-0470,CS-101,5,3,3,1.0,9,219.6,27.0,2,1,64.3,-0.2,0.0,0.0,1.0,4.0,0.64,0,0,0,0,0,0,0,0,0,0,0,0,0,0,0
LNR-0471,CS-101,1,3,2,0.6667,4,104.1,18.0,2,1,51.3,-6.5,0.0,0.0,0.0,4.0,0.03,0,0,0,0,0,0,0,0,0,0,0,0,0,0,0
LNR-0471,CS-101,2,3,2,0.6667,6,104.3,19.0,1,2,67.7,16.4,0.0,1.0,0.0,3.5,0.36,0,0,0,0,0,0,0,0,0,0,0,0,0,0,0
LNR-0471,CS-101,3,3,2,1.0,11,89.8,23.0,1,2,56.6,-11.1,0.0,3.0,0.0,3.5,0.02,0,1,0,0,0,0,0,0,0,0,0,0,0,0,1
LNR-0471,CS-101,4,3,2,0.6667,3,168.3,26.0,1,1,55.5,-1.1,0.0,0.0,1.0,3.5,0.16,0,0,0,1,1,0,0,0,0,0,0,0,0,0,2
LNR-0471,CS-101,5,3,2,0.6667,6,106.7,22.0,1,1,75.5,20.0,0.0,1.0,0.0,3.5,0.13,0,0,0,0,0,0,0,0,0,1,1,1,0,0,3
LNR-0472,WEB-102,1,3,3,1.0,7,266.9,28.0,2,1,54.0,-2.7,1.0,0.0,0.0,5.0,0.77,0,0,0,0,0,0,0,0,0,0,0,0,0,0,0
LNR-0472,WEB-102,2,3,3,1.0,11,225.4,24.0,2,1,62.3,8.3,1.0,0.0,0.0,4.0,0.49,0,0,0,0,0,0,0,0,0,0,0,0,0,0,0
LNR-0472,WEB-102,3,3,3,1.0,8,208.3,25.0,1,2,60.4,-1.9,1.0,3.0,0.0,4.0,0.44,0,0,0,0,0,0,0,0,0,0,0,0,1,1,2
LNR-0472,WEB-102,4,3,3,1.0,11,188.7,29.0,2,1,62.2,1.8,1.0,3.0,1.0,5.0,0.45,0,0,0,0,0,0,0,0,0,0,0,0,0,0,0
LNR-0472,WEB-102,5,3,3,1.0,7,159.6,32.0,2,3,64.8,2.6,1.0,3.0,1.0,5.0,0.42,0,0,0,0,0,0,0,0,0,0,0,0,0,0,0
LNR-0473,CS-101,1,3,3,1.0,13,204.0,43.0,2,1,86.1,0.3,1.0,0.0,0.0,5.0,0.54,0,0,0,0,0,0,0,0,0,0,0,0,0,0,0
LNR-0473,CS-101,2,4,4,1.0,12,185.8,30.0,2,3,95.3,9.2,0.0,0.0,0.0,4.0,0.44,0,0,0,0,0,0,0,0,0,0,0,0,1,1,2
LNR-0473,CS-101,3,3,3,1.0,11,179.7,31.0,2,2,93.6,-1.7,0.0,0.0,1.0,4.0,0.87,0,1,0,0,0,0,0,0,0,0,0,0,0,0,1
LNR-0473,CS-101,4,4,4,1.0,13,178.2,44.0,2,3,82.2,-11.4,5.0,2.0,1.0,5.0,0.45,0,0,0,0,0,0,0,0,0,0,0,0,0,0,0
LNR-0473,CS-101,5,3,3,1.0,8,242.5,36.0,2,1,92.5,10.3,4.0,0.0,1.0,4.5,0.47,0,0,0,0,0,0,0,0,0,0,0,0,0,0,0
LNR-0474,WEB-102,1,4,4,1.0,13,214.0,33.0,2,2,70.2,3.3,1.0,1.0,3.0,5.0,0.9,0,0,0,0,0,0,0,0,0,0,0,0,0,0,0
LNR-0474,WEB-102,2,3,3,1.0,11,308.6,39.0,2,1,69.0,-1.2,0.0,1.0,0.0,5.0,0.87,0,0,0,0,0,0,0,0,0,1,1,1,0,0,3
LNR-0474,WEB-102,3,2,2,1.0,12,153.5,27.0,2,2,73.9,4.9,2.0,0.0,0.0,4.5,0.88,0,0,0,0,0,0,0,0,0,0,0,0,0,0,0
LNR-0474,WEB-102,4,3,3,1.0,10,168.3,26.0,2,1,69.5,-4.4,0.0,1.0,0.0,5.0,0.49,0,0,0,1,1,0,0,0,0,0,0,0,0,0,2
LNR-0474,WEB-102,5,2,2,1.0,6,176.2,34.0,2,1,63.2,-6.3,2.0,1.0,1.0,4.0,0.44,0,0,0,0,0,0,0,0,0,0,0,0,1,1,2
LNR-0475,AI-301,1,3,2,0.6667,2,168.3,26.0,0,1,79.0,13.4,0.0,1.0,0.0,3.0,0.24,1,0,0,1,1,0,0,0,0,1,1,1,0,0,5
LNR-0475,AI-301,2,3,2,0.6667,6,92.0,15.0,1,1,78.8,-0.2,2.0,1.0,0.0,4.0,0.46,0,0,0,0,0,0,0,0,0,0,0,0,0,0,0
LNR-0475,AI-301,3,3,2,0.6667,5,128.8,22.0,1,1,69.9,-0.3,2.0,1.0,1.0,4.0,0.44,0,0,0,0,0,0,0,1,1,0,0,0,1,1,4
LNR-0475,AI-301,4,3,3,1.0,7,92.3,20.0,1,1,67.5,16.8,0.0,0.0,1.0,4.0,0.04,0,0,0,0,0,0,0,0,0,0,0,0,0,0,0
LNR-0475,AI-301,5,4,3,0.75,5,133.4,21.0,0,1,68.0,0.5,1.0,2.0,1.0,3.5,0.12,0,0,0,0,0,0,0,0,0,0,0,0,0,0,0
LNR-0476,WEB-102,1,3,3,1.0,12,196.2,44.0,2,1,75.5,-9.3,2.0,1.0,0.0,4.0,0.44,0,0,0,0,0,0,0,0,0,0,0,0,1,1,2
LNR-0476,WEB-102,2,3,3,1.0,7,176.2,36.0,2,2,91.8,16.3,1.0,1.0,1.0,4.0,0.5,0,0,0,0,0,0,0,0,0,0,0,0,0,0,0
LNR-0476,WEB-102,3,3,3,1.0,13,208.0,42.0,2,2,88.5,-3.3,1.0,2.0,0.0,4.5,0.43,0,0,0,0,0,0,0,0,0,0,0,0,0,0,0
LNR-0476,WEB-102,4,2,2,1.0,8,222.5,25.0,2,1,83.6,-4.9,1.0,1.0,0.0,4.0,0.76,0,0,0,0,0,0,0,0,0,0,0,0,0,0,0
LNR-0476,WEB-102,5,4,4,1.0,12,148.4,30.0,2,1,88.3,4.7,1.0,1.0,1.0,4.0,0.44,0,0,0,0,0,0,0,0,0,0,0,0,1,1,2
LNR-0477,CS-101,1,2,2,1.0,5,199.6,28.0,1,1,85.8,7.3,1.0,1.0,0.0,4.0,0.5,0,0,0,0,0,0,0,0,0,0,0,0,0,0,0
LNR-0477,CS-101,2,4,4,1.0,10,133.1,27.0,1,1,83.3,-2.5,0.0,1.0,0.0,4.0,0.5,0,0,0,0,0,0,0,0,0,1,1,1,0,0,3
LNR-0477,CS-101,3,3,1,0.3333,2,5.0,2.0,0,0,71.9,-11.4,0.0,0.0,0.0,1.0,-0.56,1,0,0,0,0,0,0,0,0,0,0,0,0,0,0
LNR-0477,CS-101,4,3,1,0.3333,1,5.0,3.0,0,0,34.8,-37.1,0.0,0.0,0.0,1.0,-0.65,1,0,0,0,0,0,0,0,0,0,0,0,0,0,0
LNR-0477,CS-101,5,3,0,0.0,1,18.2,3.0,0,0,43.2,8.4,0.0,0.0,0.0,4.0,0.44,1,0,0,0,0,0,0,0,0,0,0,0,1,1,2
LNR-0478,DATA-201,1,3,3,1.0,13,217.3,37.0,1,2,72.7,3.7,0.0,3.0,0.0,4.5,0.89,0,0,0,0,0,0,0,0,0,0,0,0,0,0,0
LNR-0478,DATA-201,2,3,3,1.0,14,177.3,35.0,1,1,72.3,-0.4,0.0,1.0,1.0,5.0,0.58,0,0,0,0,0,0,0,0,0,0,0,0,0,0,0
LNR-0478,DATA-201,3,3,3,1.0,6,267.3,24.0,2,2,76.9,4.6,1.0,3.0,0.0,4.5,0.71,0,0,0,0,0,0,0,0,0,0,0,0,0,0,0
LNR-0478,DATA-201,4,3,3,1.0,8,224.3,28.0,1,2,63.1,-13.8,0.0,1.0,2.0,5.0,0.44,0,0,0,0,0,0,0,0,0,0,0,0,0,0,0
LNR-0478,DATA-201,5,3,3,1.0,14,172.0,23.0,2,1,71.3,8.2,2.0,1.0,0.0,4.5,0.78,0,1,0,0,0,0,0,0,0,0,0,0,0,0,1
LNR-0479,DATA-201,1,3,2,0.6667,7,190.6,29.0,1,1,77.8,14.1,1.0,1.0,0.0,4.0,0.5,0,0,0,0,0,0,0,0,0,0,0,0,0,0,0
LNR-0479,DATA-201,2,4,3,0.75,7,179.8,22.0,1,1,66.6,-11.2,1.0,1.0,0.0,4.0,0.44,0,0,0,0,0,0,0,0,0,0,0,0,1,1,2
LNR-0479,DATA-201,3,3,1,0.3333,2,42.1,5.0,0,1,54.0,-12.6,0.0,0.0,0.0,1.0,-0.62,1,0,0,0,0,0,0,0,0,0,0,0,0,0,0
LNR-0479,DATA-201,4,3,1,0.3333,1,24.1,3.0,0,0,41.1,-12.9,0.0,0.0,0.0,2.0,-0.29,1,0,0,0,0,0,0,0,0,0,0,0,0,0,0
LNR-0479,DATA-201,5,4,1,0.25,0,22.9,2.0,0,0,36.6,-4.5,0.0,0.0,0.0,1.0,-0.38,1,0,0,0,0,0,0,0,0,0,0,0,0,0,0
LNR-0480,CS-101,1,2,2,1.0,6,156.9,19.0,2,1,100.0,2.0,0.0,0.0,0.0,3.0,0.07,0,0,0,0,0,0,0,0,0,0,0,0,0,0,0
LNR-0480,CS-101,2,4,3,0.75,10,108.5,21.0,1,1,100.0,0.0,1.0,1.0,0.0,3.0,0.44,1,0,0,0,0,0,0,0,0,0,0,0,0,0,0
LNR-0480,CS-101,3,3,2,0.6667,10,158.2,16.0,1,1,100.0,0.0,0.0,0.0,1.0,3.0,0.14,0,0,0,0,0,0,0,0,0,0,0,0,0,0,0
LNR-0480,CS-101,4,3,3,1.0,8,123.3,26.0,1,1,85.1,-14.9,1.0,2.0,0.0,3.0,0.34,0,0,0,0,0,0,0,0,0,0,0,0,0,0,0
LNR-0480,CS-101,5,4,3,0.75,9,130.0,25.0,1,1,93.1,8.0,0.0,0.0,0.0,3.0,0.44,0,0,0,0,0,0,0,0,0,0,0,0,0,0,0
LNR-0481,WEB-102,1,3,1,0.3333,3,154.5,17.0,1,3,69.5,-10.0,0.0,0.0,0.0,1.5,-0.54,0,0,0,0,0,0,0,0,0,0,0,0,0,0,0
LNR-0481,WEB-102,2,3,1,0.3333,5,79.1,16.0,1,0,62.3,-7.2,0.0,0.0,0.0,2.0,0.04,1,0,0,0,0,0,0,0,0,0,0,0,0,0,0
LNR-0481,WEB-102,3,4,1,0.25,6,67.2,11.0,0,0,79.9,17.6,1.0,0.0,0.0,4.0,0.44,1,0,0,0,0,0,0,0,0,0,0,0,1,1,2
LNR-0481,WEB-102,4,2,0,0.0,0,87.9,7.0,0,1,65.5,-14.4,0.0,0.0,0.0,3.0,0.05,1,0,0,0,0,0,0,0,0,0,0,0,0,0,0
LNR-0481,WEB-102,5,3,0,0.0,0,10.0,2.0,0,1,45.5,-20.0,1.0,0.0,0.0,2.0,-0.5,1,0,0,0,0,0,0,0,0,0,0,0,0,0,0
LNR-0482,CS-101,1,3,3,1.0,12,252.4,36.0,2,1,54.8,0.3,1.0,3.0,0.0,5.0,0.64,0,0,0,0,0,0,0,0,0,0,0,0,0,0,0
LNR-0482,CS-101,2,3,3,1.0,13,232.3,26.0,2,1,69.9,-0.3,2.0,1.0,0.0,5.0,0.43,0,0,0,0,0,0,0,1,1,0,0,0,0,0,2
LNR-0482,CS-101,3,3,3,1.0,9,155.7,34.0,2,1,57.6,0.6,2.0,0.0,1.0,4.5,0.73,0,0,0,0,0,0,0,0,0,0,0,0,0,0,0
LNR-0482,CS-101,4,4,4,1.0,14,270.7,34.0,2,2,67.3,9.7,0.0,2.0,3.0,4.0,0.44,0,0,0,0,0,0,0,0,0,0,0,0,1,1,2
LNR-0482,CS-101,5,3,3,1.0,9,168.3,26.0,2,3,61.7,-5.6,1.0,0.0,0.0,5.0,0.41,0,0,0,1,1,0,0,0,0,0,0,0,0,0,2
LNR-0483,DATA-201,1,3,1,0.3333,4,205.8,17.0,1,2,63.4,-7.8,0.0,0.0,0.0,1.5,-0.52,0,0,0,0,0,0,0,0,0,0,0,0,0,0,0
LNR-0483,DATA-201,2,4,1,0.25,3,100.5,9.0,1,1,64.9,1.5,0.0,0.0,0.0,4.0,0.44,0,0,0,0,0,0,0,0,0,0,0,0,1,1,2
LNR-0483,DATA-201,3,3,1,0.3333,5,95.4,9.0,1,0,63.3,-1.6,0.0,0.0,0.0,2.5,-0.31,1,0,0,0,0,0,0,0,0,0,0,0,0,0,0
LNR-0483,DATA-201,4,4,1,0.25,2,43.2,2.0,0,0,50.6,-12.7,0.0,0.0,1.0,1.5,-0.06,1,0,0,0,0,0,0,0,0,0,0,0,0,0,0
LNR-0483,DATA-201,5,4,0,0.0,1,10.0,3.0,0,1,51.2,0.6,1.0,0.0,0.0,2.0,0.09,1,0,0,0,0,0,0,0,0,0,0,0,0,0,0
LNR-0484,AI-301,1,2,1,0.5,5,168.6,29.0,1,1,69.9,-0.3,0.0,0.0,0.0,3.0,0.04,0,0,0,0,0,0,0,1,1,0,0,0,0,0,2
LNR-0484,AI-301,2,2,2,1.0,5,86.9,24.0,1,1,100.0,0.0,0.0,1.0,0.0,3.0,0.03,0,0,0,0,0,0,0,0,0,0,0,0,0,0,0
LNR-0484,AI-301,3,3,2,0.6667,9,92.0,24.0,1,1,100.0,0.0,0.0,1.0,0.0,4.0,0.44,0,0,0,0,0,0,0,0,0,1,1,1,1,1,5
LNR-0484,AI-301,4,3,2,0.6667,7,114.2,24.0,1,1,89.6,-10.4,0.0,1.0,0.0,4.0,0.44,0,0,0,0,0,0,0,0,0,1,1,1,1,1,5
LNR-0484,AI-301,5,3,2,0.6667,12,169.5,33.0,1,1,100.0,10.4,2.0,1.0,0.0,4.0,0.44,0,0,0,0,0,0,0,0,0,0,0,0,1,1,2
LNR-0485,WEB-102,1,3,3,1.0,12,252.9,36.0,2,2,59.6,-0.3,2.0,1.0,1.0,5.0,0.43,0,0,0,0,0,0,0,0,0,0,0,0,0,0,0
LNR-0485,WEB-102,2,3,3,1.0,10,161.9,43.0,2,1,68.5,8.9,0.0,1.0,0.0,5.0,0.53,0,0,0,0,0,0,0,0,0,1,1,1,0,0,3
LNR-0485,WEB-102,3,3,3,1.0,7,135.4,32.0,2,2,61.2,-7.3,2.0,0.0,0.0,5.0,0.43,0,0,0,0,0,0,0,0,0,0,0,0,0,0,0
LNR-0485,WEB-102,4,2,2,1.0,9,168.3,26.0,1,2,64.7,3.5,0.0,0.0,0.0,4.0,0.71,0,0,0,1,1,0,0,0,0,0,0,0,0,0,2
LNR-0485,WEB-102,5,4,4,1.0,13,223.3,32.0,2,2,62.7,-2.0,0.0,0.0,0.0,4.0,0.44,0,0,0,0,0,0,0,0,0,0,0,0,1,1,2
LNR-0486,WEB-102,1,2,1,0.5,5,109.7,14.0,1,1,63.3,-14.2,0.0,0.0,1.0,2.5,-0.36,0,0,0,0,0,0,0,0,0,0,0,0,0,0,0
LNR-0486,WEB-102,2,2,0,0.0,7,89.5,12.0,1,1,67.1,3.8,0.0,0.0,1.0,2.5,-0.18,1,0,0,0,0,0,0,0,0,0,0,0,0,0,0
LNR-0486,WEB-102,3,2,1,0.5,4,116.9,10.0,0,1,59.9,-7.2,2.0,0.0,1.0,2.0,-0.39,1,0,0,0,0,0,0,0,0,0,0,0,0,0,0
LNR-0486,WEB-102,4,3,1,0.3333,4,37.0,5.0,0,1,56.6,-3.3,0.0,0.0,0.0,3.0,-0.06,1,0,0,0,0,0,0,0,0,0,0,0,0,0,0
LNR-0486,WEB-102,5,4,0,1.0,2,24.6,6.0,0,0,57.7,1.1,0.0,0.0,0.0,1.5,-0.12,1,1,0,0,0,0,0,0,0,0,0,0,0,0,1
LNR-0487,AI-301,1,3,3,1.0,7,177.9,27.0,1,1,54.0,-8.9,0.0,2.0,0.0,4.0,0.44,0,0,0,0,0,0,0,0,0,0,0,0,0,0,0
LNR-0487,AI-301,2,3,2,0.6667,6,104.7,18.0,1,1,59.9,5.9,1.0,0.0,0.0,4.0,0.44,0,0,0,0,0,0,0,0,0,0,0,0,1,1,2
LNR-0487,AI-301,3,3,2,0.6667,8,139.9,23.0,1,1,44.9,-15.0,0.0,1.0,0.0,3.0,0.39,0,0,0,0,0,0,0,0,0,1,1,1,0,0,3
LNR-0487,AI-301,4,4,3,0.75,7,180.3,21.0,0,1,66.9,22.0,1.0,2.0,0.0,3.0,0.33,0,0,0,0,0,0,0,0,0,0,0,0,0,0,0
LNR-0487,AI-301,5,3,2,0.6667,10,155.3,23.0,1,1,69.9,-0.3,2.0,1.0,0.0,4.0,0.28,0,0,0,0,0,0,0,1,1,0,0,0,0,0,2
LNR-0488,DATA-201,1,2,1,0.5,4,135.0,12.0,1,1,82.9,-2.6,0.0,0.0,0.0,2.5,-0.55,0,0,0,0,0,0,0,0,0,0,0,0,0,0,0
LNR-0488,DATA-201,2,4,1,0.25,4,168.3,26.0,0,2,76.0,-6.9,0.0,1.0,0.0,2.5,-0.48,0,0,0,1,1,0,0,0,0,0,0,0,0,0,2
LNR-0488,DATA-201,3,3,1,0.3333,5,84.9,5.0,1,2,70.8,-5.2,0.0,0.0,0.0,2.5,-0.29,1,0,0,0,0,0,0,0,0,0,0,0,0,0,0
LNR-0488,DATA-201,4,3,0,0.0,1,59.1,3.0,1,1,70.5,-0.3,0.0,0.0,0.0,1.5,-0.52,1,0,0,0,0,0,0,0,0,0,0,0,0,0,0
LNR-0488,DATA-201,5,3,0,0.0,3,168.3,26.0,0,2,52.1,-18.4,0.0,0.0,0.0,2.5,-0.47,1,0,0,1,1,0,0,0,0,0,0,0,0,0,2
LNR-0489,CS-101,1,3,3,1.0,10,185.7,29.0,2,1,59.9,5.7,0.0,1.0,0.0,4.5,0.45,0,0,0,0,0,0,0,0,0,1,1,1,0,0,3
LNR-0489,CS-101,2,3,3,1.0,4,168.6,31.0,2,1,56.9,-3.0,0.0,1.0,0.0,4.5,0.45,0,0,0,0,0,0,0,0,0,1,1,1,0,0,3
LNR-0489,CS-101,3,3,3,1.0,11,246.6,36.0,2,2,62.7,5.8,0.0,2.0,0.0,4.5,0.6,0,0,0,0,0,0,0,0,0,0,0,0,0,0,0
LNR-0489,CS-101,4,3,3,1.0,12,189.1,33.0,1,1,51.6,-11.1,0.0,3.0,0.0,4.0,0.44,0,0,0,0,0,0,0,0,0,0,0,0,1,1,2
LNR-0489,CS-101,5,3,3,1.0,13,201.6,43.0,1,3,72.3,20.7,0.0,1.0,0.0,4.5,0.86,0,0,0,0,0,0,0,0,0,0,0,0,0,0,0
LNR-0490,CS-101,1,2,2,1.0,7,239.5,36.0,2,1,85.1,2.9,1.0,0.0,0.0,4.5,0.76,0,0,0,0,0,0,0,0,0,0,0,0,0,0,0
LNR-0490,CS-101,2,3,3,1.0,9,226.4,39.0,2,1,89.7,4.6,0.0,1.0,0.0,5.0,0.62,0,0,0,0,0,0,0,0,0,1,1,1,0,0,3
LNR-0490,CS-101,3,4,4,1.0,9,210.0,28.0,2,1,80.4,-9.3,0.0,0.0,2.0,4.5,0.72,0,0,0,0,0,0,0,0,0,0,0,0,0,0,0
LNR-0490,CS-101,4,3,3,1.0,10,279.8,40.0,1,1,87.8,7.4,0.0,1.0,0.0,4.0,0.44,0,0,0,0,0,0,0,0,0,0,0,0,1,1,2
LNR-0490,CS-101,5,4,4,1.0,12,208.8,41.0,2,1,69.9,-0.3,0.0,0.0,0.0,4.5,0.52,0,0,0,0,0,0,0,1,1,0,0,0,0,0,2
LNR-0491,WEB-102,1,3,2,0.6667,7,131.7,28.0,1,1,81.6,1.2,0.0,1.0,0.0,4.0,0.44,0,0,0,0,0,0,0,0,0,1,1,1,1,1,5
LNR-0491,WEB-102,2,3,2,0.6667,9,185.7,17.0,1,2,84.8,3.2,0.0,1.0,0.0,4.0,0.15,0,0,0,0,0,0,0,0,0,1,1,1,0,0,3
LNR-0491,WEB-102,3,2,1,0.5,6,122.0,25.0,1,1,90.5,5.7,0.0,1.0,0.0,4.0,0.47,0,0,0,0,0,0,0,0,0,1,1,1,0,0,3
LNR-0491,WEB-102,4,3,2,0.6667,3,137.7,18.0,1,1,70.9,-19.6,0.0,1.0,0.0,3.5,0.48,0,0,0,0,0,0,0,0,0,1,1,1,0,0,3
LNR-0491,WEB-102,5,3,2,0.6667,5,140.4,23.0,1,1,70.1,-0.8,0.0,0.0,0.0,3.0,0.14,0,0,0,0,0,0,0,0,0,0,0,0,0,0,0
LNR-0492,CS-101,1,4,2,0.5,3,194.2,15.0,0,2,62.5,-4.0,0.0,1.0,0.0,1.5,-0.56,0,0,0,0,0,0,0,0,0,0,0,0,0,0,0
LNR-0492,CS-101,2,4,2,0.5,0,136.0,15.0,1,1,64.1,1.6,0.0,1.0,0.0,1.5,-0.13,0,0,0,0,0,0,0,0,0,1,1,1,0,0,3
LNR-0492,CS-101,3,2,0,0.0,2,70.2,7.0,1,1,29.3,-34.8,1.0,0.0,0.0,2.0,-0.16,1,0,0,0,0,0,0,0,0,0,0,0,0,0,0
LNR-0492,CS-101,4,4,1,0.25,2,79.8,4.0,0,1,59.9,30.6,0.0,0.0,0.0,2.0,-0.24,1,0,0,0,0,0,0,0,0,0,0,0,0,0,0
LNR-0492,CS-101,5,3,0,0.0,0,31.3,7.0,0,1,35.0,-24.9,1.0,0.0,0.0,1.5,-0.35,1,0,0,0,0,0,0,0,0,0,0,0,0,0,0
LNR-0493,DATA-201,1,3,3,1.0,9,283.6,37.0,2,1,79.2,1.7,0.0,1.0,0.0,4.0,0.71,0,0,0,0,0,0,0,0,0,0,0,0,0,0,0
LNR-0493,DATA-201,2,3,3,1.0,8,243.6,39.0,1,1,83.8,4.6,1.0,0.0,1.0,5.0,0.83,0,0,0,0,0,0,0,0,0,0,0,0,0,0,0
LNR-0493,DATA-201,3,3,3,1.0,12,271.4,29.0,2,3,77.6,-6.2,2.0,3.0,0.0,4.5,0.9,0,0,0,0,0,0,0,0,0,0,0,0,0,0,0
LNR-0493,DATA-201,4,2,2,1.0,18,226.2,30.0,1,1,78.7,1.1,1.0,0.0,0.0,4.5,0.43,0,0,0,0,0,0,0,0,0,0,0,0,0,0,0
LNR-0493,DATA-201,5,3,3,1.0,9,225.6,33.0,1,2,77.4,-1.3,1.0,2.0,0.0,5.0,0.48,0,0,0,0,0,0,0,0,0,0,0,0,0,0,0
LNR-0494,CS-101,1,2,1,0.5,6,135.9,14.0,0,1,71.4,-15.8,1.0,0.0,0.0,2.0,-0.08,1,0,0,0,0,0,0,0,0,0,0,0,0,0,0
LNR-0494,CS-101,2,3,1,0.3333,2,108.6,19.0,0,2,77.9,6.5,0.0,0.0,0.0,4.0,0.44,1,0,0,0,0,0,0,0,0,0,0,0,1,1,2
LNR-0494,CS-101,3,3,1,1.0,1,109.8,9.0,0,0,77.6,-0.3,2.0,1.0,0.0,2.0,-0.51,1,1,0,0,0,0,0,0,0,0,0,0,0,0,1
LNR-0494,CS-101,4,3,1,0.3333,3,99.3,3.0,1,1,80.2,2.6,1.0,0.0,0.0,2.5,-0.29,0,0,0,0,0,0,0,0,0,0,0,0,0,0,0
LNR-0494,CS-101,5,4,0,0.0,2,16.2,5.0,0,0,86.0,5.8,0.0,0.0,0.0,4.0,0.44,1,0,0,0,0,0,0,0,0,0,0,0,1,1,2
LNR-0495,WEB-102,1,3,3,1.0,10,265.0,35.0,2,1,81.4,8.8,1.0,0.0,0.0,4.0,0.44,0,0,0,0,0,0,0,0,0,0,0,0,0,0,0
LNR-0495,WEB-102,2,3,3,1.0,9,206.3,46.0,1,1,66.0,-15.4,0.0,2.0,0.0,4.0,0.41,0,0,0,0,0,0,0,0,0,0,0,0,0,0,0
LNR-0495,WEB-102,3,3,3,1.0,11,143.3,27.0,2,1,67.3,1.3,2.0,1.0,0.0,4.5,0.59,0,0,0,0,0,0,0,0,0,0,0,0,0,0,0
LNR-0495,WEB-102,4,3,3,1.0,13,248.0,37.0,2,1,77.0,9.7,0.0,1.0,1.0,4.5,0.52,0,0,0,0,0,0,0,0,0,0,0,0,0,0,0
LNR-0495,WEB-102,5,4,4,1.0,12,230.9,32.0,2,2,90.1,13.1,1.0,2.0,1.0,4.0,0.44,0,0,0,0,0,0,0,0,0,0,0,0,1,1,2
LNR-0496,AI-301,1,3,2,0.6667,8,95.2,21.0,1,1,68.9,-9.4,0.0,1.0,0.0,4.0,0.29,0,0,0,0,0,0,0,0,0,0,0,0,0,0,0
LNR-0496,AI-301,2,4,3,0.75,8,152.1,29.0,2,1,89.1,20.2,0.0,1.0,0.0,3.0,0.01,0,0,0,0,0,0,0,0,0,0,0,0,0,0,0
LNR-0496,AI-301,3,4,3,0.75,4,195.7,19.0,2,1,82.8,-6.3,0.0,0.0,0.0,4.0,0.02,0,0,0,0,0,0,0,0,0,0,0,0,0,0,0
LNR-0496,AI-301,4,3,2,0.6667,6,145.7,22.0,1,1,78.5,-4.3,0.0,0.0,1.0,4.0,0.19,0,0,0,0,0,0,0,0,0,0,0,0,0,0,0
LNR-0496,AI-301,5,4,3,0.75,14,161.3,29.0,2,1,69.9,-0.3,1.0,1.0,0.0,3.0,0.04,0,0,0,0,0,0,0,1,1,0,0,0,0,0,2
LNR-0497,DATA-201,1,3,3,1.0,8,263.4,39.0,2,1,69.9,-0.3,0.0,0.0,0.0,4.0,0.89,0,0,0,0,0,0,0,1,1,0,0,0,0,0,2
LNR-0497,DATA-201,2,3,3,1.0,11,194.1,32.0,2,2,74.5,-1.0,1.0,1.0,1.0,5.0,0.81,0,0,0,0,0,0,0,0,0,0,0,0,0,0,0
LNR-0497,DATA-201,3,4,4,1.0,12,221.2,34.0,1,1,86.6,12.1,0.0,1.0,0.0,4.0,0.44,0,0,0,0,0,0,0,0,0,1,1,1,1,1,5
LNR-0497,DATA-201,4,2,2,1.0,10,194.1,41.0,1,1,72.6,-14.0,1.0,2.0,0.0,5.0,0.67,0,0,0,0,0,0,0,0,0,0,0,0,0,0,0
LNR-0497,DATA-201,5,3,3,1.0,12,122.9,40.0,1,2,70.4,-2.2,0.0,1.0,0.0,4.5,0.9,0,0,0,0,0,0,0,0,0,1,1,1,0,0,3
LNR-0498,DATA-201,1,3,3,1.0,12,232.8,40.0,2,3,69.9,-0.3,0.0,1.0,1.0,4.5,0.41,0,0,0,0,0,0,0,1,1,0,0,0,0,0,2
LNR-0498,DATA-201,2,3,3,1.0,9,214.1,39.0,2,1,90.1,-9.9,1.0,2.0,1.0,5.0,0.64,0,0,0,0,0,0,0,0,0,0,0,0,0,0,0
LNR-0498,DATA-201,3,3,3,1.0,10,237.6,35.0,2,2,90.1,0.0,1.0,0.0,0.0,5.0,0.61,0,0,0,0,0,0,0,0,0,0,0,0,0,0,0
LNR-0498,DATA-201,4,3,3,1.0,14,199.6,40.0,2,2,88.6,-1.5,0.0,1.0,1.0,4.0,0.44,0,0,0,0,0,0,0,0,0,0,0,0,1,1,2
LNR-0498,DATA-201,5,3,3,1.0,8,189.0,37.0,2,2,100.0,11.4,0.0,0.0,0.0,4.0,0.44,0,0,0,0,0,0,0,0,0,0,0,0,0,0,0
LNR-0499,CS-101,1,3,1,0.3333,7,146.4,17.0,1,1,70.9,1.5,0.0,1.0,0.0,2.0,-0.06,0,0,0,0,0,0,0,0,0,1,1,1,0,0,3
LNR-0499,CS-101,2,2,0,0.0,4,168.3,26.0,0,1,48.7,-22.2,0.0,0.0,0.0,1.5,-0.57,1,0,0,1,1,0,0,0,0,0,0,0,0,0,2
LNR-0499,CS-101,3,2,0,0.0,3,54.4,15.0,0,1,48.7,0.0,1.0,0.0,0.0,4.0,0.44,1,0,0,0,0,0,0,0,0,0,0,0,1,1,2
LNR-0499,CS-101,4,3,1,0.3333,4,98.2,8.0,0,0,54.0,5.3,0.0,0.0,0.0,4.0,0.44,1,0,0,0,0,0,0,0,0,0,0,0,1,1,2
LNR-0499,CS-101,5,3,0,0.0,3,18.8,2.0,0,0,55.8,1.8,0.0,0.0,0.0,1.5,-0.44,1,0,0,0,0,0,0,0,0,0,0,0,0,0,0
LNR-0500,DATA-201,1,3,2,0.6667,8,92.6,14.0,1,1,52.2,-13.9,1.0,1.0,0.0,3.0,0.14,1,0,0,0,0,0,0,0,0,0,0,0,0,0,0
LNR-0500,DATA-201,2,3,2,0.6667,6,168.3,26.0,0,1,67.9,15.7,0.0,2.0,0.0,3.5,0.24,1,0,0,1,1,0,0,0,0,0,0,0,0,0,2
LNR-0500,DATA-201,3,2,1,0.5,6,135.4,23.0,1,1,48.4,-19.5,1.0,1.0,0.0,3.0,0.03,0,0,0,0,0,0,0,0,0,0,0,0,0,0,0
LNR-0500,DATA-201,4,3,2,0.6667,8,144.0,21.0,1,2,69.7,21.3,0.0,0.0,0.0,3.0,0.22,0,0,0,0,0,0,0,0,0,0,0,0,0,0,0
LNR-0500,DATA-201,5,3,2,0.6667,4,107.7,18.0,1,2,50.8,-18.9,1.0,0.0,1.0,4.0,0.01,0,0,0,0,0,0,0,0,0,0,0,0,0,0,0
LNR-0501,CS-101,1,3,3,1.0,19,256.6,30.0,2,1,64.1,1.7,0.0,2.0,1.0,4.0,0.78,0,0,0,0,0,0,0,0,0,0,0,0,0,0,0
LNR-0501,CS-101,2,4,3,0.75,6,202.4,27.0,2,2,71.0,6.9,0.0,0.0,0.0,4.5,0.79,0,0,0,0,0,0,0,0,0,0,0,0,0,0,0
LNR-0501,CS-101,3,2,2,1.0,7,212.7,40.0,2,1,66.8,-4.2,2.0,2.0,2.0,4.5,0.52,0,0,0,0,0,0,0,0,0,0,0,0,0,0,0
LNR-0501,CS-101,4,3,3,1.0,12,219.1,40.0,2,1,61.3,-5.5,1.0,0.0,0.0,4.0,0.44,0,0,0,0,0,0,0,0,0,0,0,0,1,1,2
LNR-0501,CS-101,5,2,2,1.0,11,255.1,29.0,1,1,72.2,10.9,1.0,0.0,1.0,4.5,0.89,0,0,0,0,0,0,0,0,0,0,0,0,0,0,0
LNR-0502,DATA-201,1,3,3,1.0,7,232.4,21.0,2,1,79.5,-4.3,1.0,1.0,0.0,5.0,0.66,0,0,0,0,0,0,0,0,0,0,0,0,0,0,0
LNR-0502,DATA-201,2,4,4,1.0,10,179.1,33.0,2,1,79.4,-0.1,0.0,1.0,0.0,4.5,0.83,0,0,0,0,0,0,0,0,0,0,0,0,0,0,0
LNR-0502,DATA-201,3,3,3,1.0,13,228.3,32.0,1,2,88.3,8.9,2.0,1.0,0.0,4.5,0.87,0,0,0,0,0,0,0,0,0,0,0,0,0,0,0
LNR-0502,DATA-201,4,3,3,1.0,8,187.6,25.0,2,2,69.9,-0.3,0.0,2.0,0.0,4.0,0.44,0,0,0,0,0,0,0,1,1,0,0,0,1,1,4
LNR-0502,DATA-201,5,4,4,1.0,19,183.7,29.0,2,1,89.2,0.9,0.0,1.0,0.0,4.0,0.82,0,0,0,0,0,0,0,0,0,1,1,1,0,0,3
LNR-0503,DATA-201,1,3,3,1.0,15,223.5,41.0,2,3,69.3,3.1,1.0,1.0,0.0,4.0,0.44,0,0,0,0,0,0,0,0,0,0,0,0,1,1,2
LNR-0503,DATA-201,2,3,3,1.0,13,254.2,38.0,2,1,72.9,3.6,0.0,1.0,0.0,5.0,0.62,0,0,0,0,0,0,0,0,0,0,0,0,0,0,0
LNR-0503,DATA-201,3,4,4,1.0,10,163.2,29.0,2,1,67.3,-5.6,1.0,2.0,0.0,4.0,0.82,0,0,0,0,0,0,0,0,0,0,0,0,0,0,0
LNR-0503,DATA-201,4,3,3,1.0,15,220.7,26.0,2,1,59.9,-7.4,0.0,1.0,0.0,4.0,0.78,0,0,0,0,0,0,0,0,0,1,1,1,0,0,3
LNR-0503,DATA-201,5,4,4,1.0,12,135.5,33.0,2,1,65.0,5.1,2.0,1.0,0.0,4.5,0.76,0,0,0,0,0,0,0,0,0,0,0,0,0,0,0
LNR-0504,DATA-201,1,3,1,0.3333,4,132.2,16.0,0,3,53.7,-9.0,0.0,0.0,0.0,4.0,0.44,1,0,0,0,0,0,0,0,0,0,0,0,1,1,2
LNR-0504,DATA-201,2,3,1,0.3333,2,89.3,14.0,0,1,54.6,0.9,1.0,0.0,0.0,3.0,-0.17,1,0,0,0,0,0,0,0,0,0,0,0,0,0,0
LNR-0504,DATA-201,3,3,1,0.3333,3,117.6,7.0,0,5,43.6,-11.0,0.0,0.0,0.0,2.5,-0.49,1,0,0,0,0,0,0,0,0,0,0,0,0,0,0
LNR-0504,DATA-201,4,3,0,0.0,4,10.0,7.0,0,0,37.5,-6.1,2.0,0.0,0.0,2.0,-0.26,1,0,0,0,0,0,0,0,0,0,0,0,0,0,0
LNR-0504,DATA-201,5,3,0,0.0,3,168.3,26.0,0,1,36.9,-0.6,0.0,0.0,0.0,4.0,0.44,1,0,0,1,1,0,0,0,0,0,0,0,1,1,4
LNR-0505,CS-101,1,3,3,1.0,12,232.9,38.0,1,1,86.5,-2.0,0.0,1.0,0.0,5.0,0.58,0,0,0,0,0,0,0,0,0,1,1,1,0,0,3
LNR-0505,CS-101,2,3,3,1.0,9,168.3,26.0,2,2,96.0,9.5,0.0,4.0,0.0,4.0,0.44,0,0,0,1,1,0,0,0,0,0,0,0,1,1,4
LNR-0505,CS-101,3,3,3,1.0,11,280.8,38.0,2,1,88.5,-7.5,0.0,2.0,0.0,4.5,0.78,0,0,0,0,0,0,0,0,0,0,0,0,0,0,0
LNR-0505,CS-101,4,3,3,1.0,12,210.2,31.0,2,3,90.7,2.2,2.0,0.0,1.0,4.0,0.77,0,1,0,0,0,0,0,0,0,0,0,0,0,0,1
LNR-0505,CS-101,5,3,3,1.0,16,173.0,31.0,2,1,95.7,5.0,0.0,2.0,0.0,4.0,0.44,0,0,0,0,0,0,0,0,0,0,0,0,1,1,2
LNR-0506,WEB-102,1,3,1,0.3333,7,107.2,17.0,1,3,52.3,-12.0,0.0,0.0,0.0,3.0,-0.35,1,0,0,0,0,0,0,0,0,0,0,0,0,0,0
LNR-0506,WEB-102,2,2,1,0.5,3,98.0,13.0,1,3,47.2,-5.1,0.0,0.0,0.0,2.0,0.04,1,0,0,0,0,0,0,0,0,0,0,0,0,0,0
LNR-0506,WEB-102,3,4,1,0.25,4,154.8,4.0,0,0,46.7,-0.5,1.0,0.0,0.0,3.0,-0.29,0,0,0,0,0,0,0,0,0,0,0,0,0,0,0
LNR-0506,WEB-102,4,3,1,0.3333,2,168.3,26.0,0,3,37.9,-8.8,1.0,0.0,0.0,3.0,-0.16,1,0,0,1,1,0,0,0,0,0,0,0,0,0,2
LNR-0506,WEB-102,5,3,0,0.0,0,10.0,1.0,0,0,58.1,20.2,0.0,0.0,0.0,2.0,-0.36,1,0,0,0,0,0,0,0,0,0,0,0,0,0,0
LNR-0507,DATA-201,1,3,2,0.6667,10,114.5,22.0,1,1,78.3,-0.8,0.0,0.0,0.0,4.0,0.26,0,0,0,0,0,0,0,0,0,0,0,0,0,0,0
LNR-0507,DATA-201,2,2,1,0.5,9,136.0,19.0,1,1,69.9,-0.3,0.0,1.0,1.0,4.0,0.22,0,0,0,0,0,0,0,1,1,0,0,0,0,0,2
LNR-0507,DATA-201,3,2,1,0.5,7,178.0,14.0,1,2,68.1,-7.2,1.0,0.0,1.0,3.0,0.4,0,0,0,0,0,0,0,0,0,0,0,0,0,0,0
LNR-0507,DATA-201,4,2,2,1.0,7,198.9,20.0,1,1,75.6,7.5,1.0,1.0,0.0,3.5,0.04,0,0,0,0,0,0,0,0,0,0,0,0,0,0,0
LNR-0507,DATA-201,5,3,2,0.6667,7,171.4,24.0,1,1,68.1,-7.5,1.0,0.0,0.0,3.5,0.43,0,0,0,0,0,0,0,0,0,0,0,0,0,0,0
LNR-0508,DATA-201,1,3,3,1.0,11,204.3,37.0,2,1,88.5,3.0,0.0,2.0,1.0,5.0,0.72,0,0,0,0,0,0,0,0,0,0,0,0,0,0,0
LNR-0508,DATA-201,2,3,3,1.0,13,159.4,31.0,2,1,89.0,0.5,1.0,0.0,0.0,4.5,0.66,0,0,0,0,0,0,0,0,0,0,0,0,0,0,0
LNR-0508,DATA-201,3,4,4,1.0,10,168.3,26.0,2,3,92.2,3.2,1.0,0.0,1.0,4.5,0.85,0,0,0,1,1,0,0,0,0,0,0,0,0,0,2
LNR-0508,DATA-201,4,4,3,0.75,12,242.9,33.0,1,1,85.9,-6.3,1.0,0.0,1.0,4.0,0.44,0,0,0,0,0,0,0,0,0,0,0,0,1,1,2
LNR-0508,DATA-201,5,2,2,1.0,13,238.7,55.0,2,1,86.1,0.2,2.0,1.0,0.0,4.0,0.44,0,0,0,0,0,0,0,0,0,0,0,0,1,1,2
LNR-0509,DATA-201,1,3,3,1.0,13,284.0,31.0,2,1,64.0,-1.4,2.0,1.0,1.0,4.5,0.56,0,1,0,0,0,0,0,0,0,0,0,0,0,0,1
LNR-0509,DATA-201,2,2,2,1.0,15,241.4,30.0,2,2,76.6,12.6,3.0,0.0,1.0,5.0,0.59,0,1,0,0,0,0,0,0,0,0,0,0,0,0,1
LNR-0509,DATA-201,3,3,3,1.0,17,223.4,28.0,1,1,64.3,-12.3,0.0,0.0,0.0,5.0,0.81,0,0,0,0,0,0,0,0,0,0,0,0,0,0,0
LNR-0509,DATA-201,4,4,4,1.0,11,242.5,44.0,2,1,61.3,-3.0,0.0,1.0,1.0,4.5,0.54,0,0,0,0,0,0,0,0,0,0,0,0,0,0,0
LNR-0509,DATA-201,5,2,2,1.0,10,179.9,41.0,2,1,66.6,5.3,0.0,0.0,0.0,4.0,0.6,0,0,0,0,0,0,0,0,0,0,0,0,0,0,0
LNR-0510,DATA-201,1,3,2,0.6667,5,150.2,21.0,1,1,69.9,-0.3,1.0,0.0,0.0,3.0,0.39,0,0,0,0,0,0,0,1,1,0,0,0,0,0,2
LNR-0510,DATA-201,2,2,1,0.5,9,167.0,26.0,1,1,77.6,4.0,1.0,0.0,0.0,3.0,0.05,0,0,0,0,0,0,0,0,0,0,0,0,0,0,0
LNR-0510,DATA-201,3,3,2,0.6667,4,189.6,19.0,1,2,83.8,6.2,0.0,0.0,0.0,3.0,0.5,0,0,0,0,0,0,0,0,0,0,0,0,0,0,0
LNR-0510,DATA-201,4,2,1,1.0,6,155.3,20.0,1,1,69.9,-0.3,2.0,0.0,1.0,3.0,0.4,0,1,0,0,0,0,0,1,1,0,0,0,0,0,3
LNR-0510,DATA-201,5,2,2,1.0,5,151.5,16.0,2,1,93.4,11.4,1.0,1.0,0.0,3.0,0.21,0,0,0,0,0,0,0,0,0,0,0,0,0,0,0
LNR-0511,DATA-201,1,3,2,0.6667,8,168.3,26.0,2,1,60.0,4.1,2.0,0.0,0.0,4.0,0.31,0,0,0,1,1,0,0,0,0,0,0,0,0,0,2
LNR-0511,DATA-201,2,4,3,0.75,6,147.2,21.0,2,1,59.2,-0.8,1.0,2.0,0.0,3.5,0.35,0,0,0,0,0,0,0,0,0,0,0,0,0,0,0
LNR-0511,DATA-201,3,4,3,0.75,6,119.7,25.0,1,1,52.5,-6.7,1.0,0.0,0.0,4.0,0.44,0,0,0,0,0,0,0,0,0,0,0,0,1,1,2
LNR-0511,DATA-201,4,3,2,0.6667,7,132.5,21.0,0,2,60.7,8.2,1.0,2.0,0.0,3.0,0.07,0,0,0,0,0,0,0,0,0,0,0,0,0,0,0
LNR-0511,DATA-201,5,3,2,0.6667,6,183.8,16.0,1,1,71.5,10.8,0.0,1.0,0.0,3.0,0.5,0,0,0,0,0,0,0,0,0,0,0,0,0,0,0
LNR-0512,CS-101,1,4,1,0.25,3,168.3,26.0,1,1,71.8,-6.6,0.0,0.0,0.0,2.5,0.03,0,0,0,1,1,0,0,0,0,0,0,0,0,0,2
LNR-0512,CS-101,2,3,1,0.3333,2,109.5,13.0,0,0,55.1,-16.7,1.0,0.0,0.0,1.5,-0.17,0,0,0,0,0,0,0,0,0,0,0,0,0,0,0
LNR-0512,CS-101,3,3,1,1.0,3,96.7,6.0,1,0,43.5,-11.6,0.0,0.0,1.0,2.0,-0.1,1,1,0,0,0,0,0,0,0,0,0,0,0,0,1
LNR-0512,CS-101,4,2,0,0.0,1,10.0,8.0,0,1,69.9,-0.3,0.0,1.0,0.0,1.5,-0.32,1,0,0,0,0,0,0,1,1,1,1,1,0,0,5
LNR-0512,CS-101,5,2,0,0.0,3,27.4,2.0,0,0,51.6,-2.0,0.0,0.0,0.0,4.0,0.44,1,0,0,0,0,0,0,0,0,0,0,0,1,1,2
LNR-0513,DATA-201,1,2,2,1.0,15,126.9,36.0,2,2,61.9,3.2,0.0,1.0,0.0,5.0,0.75,0,0,0,0,0,0,0,0,0,0,0,0,0,0,0
LNR-0513,DATA-201,2,4,4,1.0,17,181.6,35.0,2,1,73.2,11.3,0.0,1.0,1.0,4.0,0.8,0,1,0,0,0,0,0,0,0,0,0,0,0,0,1
LNR-0513,DATA-201,3,3,3,1.0,10,199.2,41.0,1,1,50.7,-22.5,0.0,1.0,0.0,5.0,0.69,0,0,0,0,0,0,0,0,0,0,0,0,0,0,0
LNR-0513,DATA-201,4,4,4,1.0,14,195.7,34.0,2,2,55.1,4.4,1.0,1.0,1.0,4.0,0.44,0,0,0,0,0,0,0,0,0,0,0,0,1,1,2
LNR-0513,DATA-201,5,4,4,1.0,8,220.6,23.0,2,1,69.9,-0.3,0.0,0.0,1.0,4.5,0.65,0,0,0,0,0,0,0,1,1,0,0,0,0,0,2
LNR-0514,AI-301,1,2,2,1.0,7,168.3,26.0,2,2,73.7,2.6,1.0,4.0,0.0,4.0,0.44,0,0,0,1,1,0,0,0,0,0,0,0,1,1,4
LNR-0514,AI-301,2,3,3,1.0,10,221.3,40.0,2,1,76.8,3.1,1.0,2.0,1.0,5.0,0.45,0,0,0,0,0,0,0,0,0,0,0,0,0,0,0
LNR-0514,AI-301,3,4,4,1.0,7,243.4,29.0,2,1,61.6,-15.2,1.0,1.0,1.0,4.0,0.44,0,0,0,0,0,0,0,0,0,0,0,0,1,1,2
LNR-0514,AI-301,4,3,3,1.0,9,188.8,33.0,2,2,63.4,1.8,0.0,2.0,0.0,4.0,0.61,0,0,0,0,0,0,0,0,0,0,0,0,0,0,0
LNR-0514,AI-301,5,3,3,1.0,12,257.4,38.0,2,1,68.2,4.8,1.0,0.0,2.0,4.0,0.78,0,0,0,0,0,0,0,0,0,0,0,0,0,0,0
LNR-0515,AI-301,1,3,3,1.0,8,178.7,36.0,2,1,43.3,0.6,1.0,2.0,0.0,4.5,0.79,0,0,0,0,0,0,0,0,0,0,0,0,0,0,0
LNR-0515,AI-301,2,3,3,1.0,10,168.5,32.0,2,2,63.8,20.5,1.0,2.0,0.0,4.0,0.44,0,0,0,0,0,0,0,0,0,0,0,0,1,1,2
LNR-0515,AI-301,3,2,2,1.0,7,240.8,35.0,2,1,51.9,-11.9,1.0,0.0,0.0,4.0,0.44,0,0,0,0,0,0,0,0,0,0,0,0,1,1,2
LNR-0515,AI-301,4,3,3,1.0,9,221.4,27.0,2,2,24.2,-27.7,1.0,2.0,0.0,5.0,0.9,0,0,0,0,0,0,0,0,0,0,0,0,0,0,0
LNR-0515,AI-301,5,3,3,1.0,10,252.0,38.0,2,3,36.4,12.2,0.0,1.0,1.0,4.5,0.65,0,0,0,0,0,0,0,0,0,0,0,0,0,0,0
LNR-0516,CS-101,1,3,2,0.6667,7,118.2,19.0,1,1,87.9,14.5,0.0,2.0,0.0,4.0,0.44,0,0,0,0,0,0,0,0,0,0,0,0,1,1,2
LNR-0516,CS-101,2,2,1,0.5,6,120.3,27.0,0,1,68.5,-19.4,0.0,0.0,0.0,4.0,0.44,0,0,0,0,0,0,0,0,0,0,0,0,1,1,2
LNR-0516,CS-101,3,4,3,0.75,5,166.2,15.0,1,1,77.6,9.1,2.0,1.0,1.0,3.0,0.13,0,0,0,0,0,0,0,0,0,0,0,0,0,0,0
LNR-0516,CS-101,4,3,2,0.6667,10,168.3,26.0,1,1,79.9,2.3,1.0,0.0,0.0,3.5,0.23,0,0,0,1,1,0,0,0,0,0,0,0,0,0,2
LNR-0516,CS-101,5,3,2,0.6667,6,110.0,25.0,1,1,83.7,3.8,0.0,1.0,0.0,4.0,0.44,0,0,0,0,0,0,0,0,0,0,0,0,1,1,2
LNR-0517,AI-301,1,2,1,0.5,6,89.8,15.0,1,5,46.7,-20.8,0.0,1.0,0.0,2.0,-0.36,1,0,0,0,0,0,0,0,0,1,1,1,0,0,3
LNR-0517,AI-301,2,3,1,0.3333,4,108.9,7.0,1,2,50.0,3.3,0.0,0.0,0.0,2.5,-0.28,1,0,0,0,0,0,0,0,0,0,0,0,0,0,0
LNR-0517,AI-301,3,2,1,0.5,3,48.7,6.0,0,2,44.1,-5.9,0.0,1.0,1.0,4.0,0.44,1,0,0,0,0,0,0,0,0,0,0,0,1,1,2
LNR-0517,AI-301,4,3,1,0.3333,1,168.3,26.0,0,0,47.2,3.1,0.0,0.0,0.0,3.0,-0.35,1,0,0,1,1,0,0,0,0,0,0,0,0,0,2
LNR-0517,AI-301,5,4,1,0.25,2,30.4,2.0,0,0,67.0,19.8,0.0,0.0,1.0,1.5,-0.4,1,0,0,0,0,0,0,0,0,0,0,0,0,0,0
LNR-0518,AI-301,1,3,2,0.6667,10,171.7,18.0,1,1,60.5,-20.8,1.0,0.0,0.0,3.5,0.42,0,0,0,0,0,0,0,0,0,0,0,0,0,0,0
LNR-0518,AI-301,2,3,2,0.6667,7,90.6,14.0,0,2,90.1,29.6,1.0,0.0,0.0,4.0,0.44,1,0,0,0,0,0,0,0,0,0,0,0,1,1,2
LNR-0518,AI-301,3,3,2,0.6667,6,150.2,19.0,2,1,85.8,-4.3,0.0,1.0,0.0,4.0,0.49,0,0,0,0,0,0,0,0,0,1,1,1,0,0,3
LNR-0518,AI-301,4,2,2,1.0,7,126.9,24.0,2,1,75.7,-10.1,0.0,1.0,0.0,3.5,0.22,0,1,0,0,0,0,0,0,0,1,1,1,0,0,4
LNR-0518,AI-301,5,3,2,0.6667,6,182.7,22.0,1,1,80.8,5.1,0.0,1.0,0.0,4.0,0.31,0,0,0,0,0,0,0,0,0,0,0,0,0,0,0
LNR-0519,AI-301,1,2,2,1.0,9,227.1,30.0,2,2,78.0,12.4,1.0,2.0,0.0,4.0,0.72,0,0,0,0,0,0,0,0,0,0,0,0,0,0,0
LNR-0519,AI-301,2,3,3,1.0,9,283.9,36.0,2,3,59.1,-18.9,1.0,1.0,0.0,4.5,0.58,0,0,0,0,0,0,0,0,0,0,0,0,0,0,0
LNR-0519,AI-301,3,3,3,1.0,13,168.3,26.0,2,1,68.6,9.5,1.0,1.0,0.0,5.0,0.53,0,1,0,1,1,0,0,0,0,0,0,0,0,0,3
LNR-0519,AI-301,4,4,4,1.0,15,266.4,35.0,2,2,71.1,2.5,1.0,2.0,1.0,5.0,0.59,0,0,0,0,0,0,0,0,0,0,0,0,0,0,0
LNR-0519,AI-301,5,3,3,1.0,11,187.0,35.0,2,3,66.5,-4.6,1.0,2.0,1.0,4.0,0.44,0,0,0,0,0,0,0,0,0,0,0,0,1,1,2
LNR-0520,DATA-201,1,2,2,1.0,12,168.3,26.0,2,1,54.0,-3.1,2.0,0.0,0.0,4.0,0.44,0,0,0,1,1,0,0,0,0,0,0,0,1,1,4
LNR-0520,DATA-201,2,3,3,1.0,5,210.0,22.0,2,2,65.5,11.5,0.0,0.0,1.0,4.0,0.82,0,0,0,0,0,0,0,0,0,0,0,0,0,0,0
LNR-0520,DATA-201,3,3,3,1.0,13,229.1,33.0,2,1,55.1,-10.4,2.0,0.0,0.0,4.0,0.44,0,0,0,0,0,0,0,0,0,0,0,0,1,1,2
LNR-0520,DATA-201,4,2,2,1.0,11,185.6,39.0,2,1,55.9,0.8,2.0,2.0,1.0,4.0,0.44,0,0,0,0,0,0,0,0,0,0,0,0,1,1,2
LNR-0520,DATA-201,5,3,3,1.0,17,139.7,42.0,2,1,57.5,1.6,1.0,1.0,1.0,4.0,0.44,0,0,0,0,0,0,0,0,0,0,0,0,1,1,2
LNR-0521,AI-301,1,4,4,1.0,6,168.3,26.0,2,1,94.1,16.4,1.0,1.0,0.0,4.0,0.44,0,0,0,1,1,0,0,0,0,0,0,0,1,1,4
LNR-0521,AI-301,2,3,3,1.0,9,257.7,35.0,2,1,77.7,-16.4,0.0,1.0,0.0,5.0,0.88,0,0,0,0,0,0,0,0,0,0,0,0,0,0,0
LNR-0521,AI-301,3,2,2,1.0,15,193.2,38.0,1,1,74.7,-3.0,0.0,1.0,0.0,5.0,0.41,0,0,0,0,0,0,0,0,0,0,0,0,0,0,0
LNR-0521,AI-301,4,4,4,1.0,12,236.3,36.0,2,1,79.1,4.4,0.0,2.0,0.0,4.5,0.73,0,0,0,0,0,0,0,0,0,0,0,0,0,0,0
LNR-0521,AI-301,5,3,3,1.0,11,257.6,32.0,2,1,89.9,10.8,0.0,1.0,0.0,4.0,0.44,0,0,0,0,0,0,0,0,0,1,1,1,1,1,5
LNR-0522,AI-301,1,3,3,1.0,10,219.6,32.0,2,1,85.9,0.4,2.0,4.0,0.0,4.0,0.63,0,0,0,0,0,0,0,0,0,0,0,0,0,0,0
LNR-0522,AI-301,2,3,3,1.0,5,134.7,32.0,2,2,69.9,-0.3,0.0,2.0,0.0,4.0,0.44,0,0,0,0,0,0,0,1,1,0,0,0,1,1,4
LNR-0522,AI-301,3,3,3,1.0,10,177.4,28.0,1,1,92.8,9.2,0.0,2.0,2.0,5.0,0.67,0,0,0,0,0,0,0,0,0,0,0,0,0,0,0
LNR-0522,AI-301,4,4,4,1.0,15,270.3,27.0,1,1,77.8,-15.0,0.0,0.0,0.0,5.0,0.47,0,0,0,0,0,0,0,0,0,0,0,0,0,0,0
LNR-0522,AI-301,5,3,3,1.0,14,180.5,29.0,2,2,85.0,7.2,1.0,1.0,0.0,5.0,0.6,0,0,0,0,0,0,0,0,0,0,0,0,0,0,0
LNR-0523,WEB-102,1,3,3,1.0,14,190.9,25.0,2,1,70.8,2.7,2.0,0.0,1.0,4.5,0.53,0,0,0,0,0,0,0,0,0,0,0,0,0,0,0
LNR-0523,WEB-102,2,2,2,1.0,12,220.4,41.0,2,1,57.8,-13.0,2.0,0.0,0.0,5.0,0.62,0,0,0,0,0,0,0,0,0,0,0,0,0,0,0
LNR-0523,WEB-102,3,4,4,1.0,6,190.6,31.0,1,1,72.4,14.6,0.0,3.0,0.0,4.5,0.72,0,0,0,0,0,0,0,0,0,0,0,0,0,0,0
LNR-0523,WEB-102,4,3,3,1.0,10,185.6,29.0,2,1,58.1,-14.3,0.0,1.0,0.0,4.5,0.61,0,0,0,0,0,0,0,0,0,0,0,0,0,0,0
LNR-0523,WEB-102,5,3,3,1.0,13,235.3,36.0,1,3,72.7,14.6,0.0,2.0,0.0,4.0,0.44,0,0,0,0,0,0,0,0,0,0,0,0,1,1,2
LNR-0524,DATA-201,1,4,3,0.75,8,176.2,22.0,1,1,54.9,-1.0,1.0,0.0,0.0,4.0,0.15,0,0,0,0,0,0,0,0,0,0,0,0,0,0,0
LNR-0524,DATA-201,2,3,2,0.6667,12,176.2,14.0,2,1,47.3,-7.6,0.0,0.0,0.0,3.5,0.12,0,0,0,0,0,0,0,0,0,0,0,0,0,0,0
LNR-0524,DATA-201,3,3,2,0.6667,5,33.4,19.0,1,1,69.9,-0.3,2.0,1.0,0.0,3.5,0.2,1,0,0,0,0,0,0,1,1,0,0,0,0,0,2
LNR-0524,DATA-201,4,3,2,0.6667,6,136.4,21.0,1,2,58.5,-1.9,1.0,1.0,0.0,4.0,0.07,0,0,0,0,0,0,0,0,0,0,0,0,0,0,0
LNR-0524,DATA-201,5,3,2,0.6667,11,138.3,18.0,2,2,50.8,-7.7,2.0,0.0,1.0,3.5,0.19,0,0,0,0,0,0,0,0,0,0,0,0,0,0,0
LNR-0525,DATA-201,1,2,2,1.0,11,300.2,43.0,2,1,85.5,-1.6,0.0,1.0,0.0,4.0,0.68,0,0,0,0,0,0,0,0,0,1,1,1,0,0,3
LNR-0525,DATA-201,2,3,3,1.0,10,242.8,29.0,2,1,93.0,7.5,1.0,0.0,0.0,4.0,0.44,0,0,0,0,0,0,0,0,0,0,0,0,1,1,2
LNR-0525,DATA-201,3,4,4,1.0,13,230.7,46.0,2,1,89.9,-3.1,1.0,0.0,1.0,5.0,0.68,0,0,0,0,0,0,0,0,0,0,0,0,0,0,0
LNR-0525,DATA-201,4,4,4,1.0,7,299.4,41.0,1,1,94.0,4.1,2.0,0.0,1.0,4.0,0.46,0,0,0,0,0,0,0,0,0,0,0,0,0,0,0
LNR-0525,DATA-201,5,3,3,1.0,14,204.5,31.0,2,2,82.8,-11.2,1.0,0.0,0.0,5.0,0.54,0,0,0,0,0,0,0,0,0,0,0,0,0,0,0
LNR-0526,CS-101,1,4,4,1.0,10,268.9,25.0,2,1,84.8,-4.9,2.0,2.0,2.0,5.0,0.76,0,0,0,0,0,0,0,0,0,0,0,0,0,0,0
LNR-0526,CS-101,2,2,2,1.0,8,231.4,36.0,1,1,95.8,11.0,0.0,0.0,0.0,5.0,0.51,0,0,0,0,0,0,0,0,0,0,0,0,0,0,0
LNR-0526,CS-101,3,2,2,1.0,11,208.4,32.0,2,2,100.0,4.2,2.0,3.0,1.0,4.0,0.54,0,0,0,0,0,0,0,0,0,0,0,0,0,0,0
LNR-0526,CS-101,4,3,3,1.0,10,104.8,33.0,2,1,99.7,-0.3,0.0,0.0,0.0,4.5,0.55,0,0,0,0,0,0,0,0,0,0,0,0,0,0,0
LNR-0526,CS-101,5,3,3,1.0,13,203.0,27.0,1,2,93.4,-6.3,3.0,2.0,0.0,4.0,0.44,0,0,0,0,0,0,0,0,0,0,0,0,1,1,2
LNR-0527,DATA-201,1,3,3,1.0,13,204.1,36.0,2,1,86.6,10.2,0.0,1.0,0.0,5.0,0.54,0,0,0,0,0,0,0,0,0,1,1,1,0,0,3
LNR-0527,DATA-201,2,4,4,1.0,6,158.4,33.0,1,1,77.0,-9.6,1.0,1.0,1.0,4.0,0.44,0,0,0,0,0,0,0,0,0,0,0,0,1,1,2
LNR-0527,DATA-201,3,2,2,1.0,14,202.3,38.0,1,2,81.1,4.1,0.0,2.0,0.0,4.0,0.54,0,0,0,0,0,0,0,0,0,0,0,0,0,0,0
LNR-0527,DATA-201,4,3,3,1.0,14,168.3,26.0,1,2,79.9,-1.2,0.0,1.0,0.0,4.5,0.62,0,0,0,1,1,0,0,0,0,0,0,0,0,0,2
LNR-0527,DATA-201,5,3,3,1.0,13,209.2,38.0,2,3,72.5,-7.4,0.0,1.0,0.0,5.0,0.77,0,0,0,0,0,0,0,0,0,1,1,1,0,0,3
LNR-0528,CS-101,1,3,2,0.6667,8,168.3,26.0,1,1,75.4,1.1,1.0,1.0,0.0,4.0,0.5,0,0,0,1,1,0,0,0,0,0,0,0,0,0,2
LNR-0528,CS-101,2,3,3,1.0,12,186.5,32.0,1,1,70.6,-4.8,1.0,1.0,0.0,4.0,0.5,0,0,0,0,0,0,0,0,0,0,0,0,0,0,0
LNR-0528,CS-101,3,3,1,0.3333,2,57.5,4.0,0,0,59.6,-11.0,0.0,0.0,0.0,1.0,-0.59,1,0,0,0,0,0,0,0,0,0,0,0,0,0,0
LNR-0528,CS-101,4,2,0,0.0,2,31.8,3.0,0,0,69.9,-0.3,0.0,1.0,0.0,1.0,-0.75,1,0,0,0,0,0,0,1,1,1,1,1,0,0,5
LNR-0528,CS-101,5,3,1,0.3333,0,20.4,1.0,0,0,47.5,-2.3,0.0,0.0,0.0,4.0,0.44,1,0,0,0,0,0,0,0,0,0,0,0,1,1,2
LNR-0529,CS-101,1,3,3,1.0,12,227.3,41.0,2,1,89.5,2.2,0.0,1.0,1.0,4.0,0.44,0,0,0,0,0,0,0,0,0,0,0,0,1,1,2
LNR-0529,CS-101,2,4,3,0.75,10,231.7,30.0,2,1,90.3,0.8,0.0,1.0,0.0,5.0,0.75,0,0,0,0,0,0,0,0,0,1,1,1,0,0,3
LNR-0529,CS-101,3,2,2,1.0,16,256.3,31.0,2,1,100.0,9.7,1.0,2.0,1.0,4.0,0.44,0,0,0,0,0,0,0,0,0,0,0,0,1,1,2
LNR-0529,CS-101,4,4,4,1.0,13,168.1,26.0,2,3,69.9,-0.3,2.0,2.0,1.0,5.0,0.81,0,0,0,0,0,0,0,1,1,0,0,0,0,0,2
LNR-0529,CS-101,5,3,3,1.0,15,228.3,36.0,1,2,85.1,-8.3,1.0,1.0,0.0,4.0,0.59,0,0,0,0,0,0,0,0,0,0,0,0,0,0,0
LNR-0530,CS-101,1,3,2,0.6667,11,129.1,23.0,1,1,82.3,-3.4,0.0,1.0,0.0,3.5,0.05,0,0,0,0,0,0,0,0,0,1,1,1,0,0,3
LNR-0530,CS-101,2,3,2,0.6667,4,99.3,21.0,1,1,69.9,-0.3,0.0,2.0,0.0,3.5,0.07,0,0,0,0,0,0,0,1,1,0,0,0,0,0,2
LNR-0530,CS-101,3,2,1,0.5,3,158.7,21.0,1,1,100.0,12.7,0.0,0.0,1.0,3.5,0.18,0,0,0,0,0,0,0,0,0,0,0,0,0,0,0
LNR-0530,CS-101,4,3,2,0.6667,8,172.5,26.0,0,1,90.5,-9.5,1.0,2.0,0.0,3.0,0.4,0,0,0,0,0,0,0,0,0,0,0,0,0,0,0
LNR-0530,CS-101,5,3,2,0.6667,8,143.6,24.0,1,1,84.4,-6.1,0.0,0.0,1.0,3.5,0.43,0,0,0,0,0,0,0,0,0,0,0,0,0,0,0
LNR-0531,CS-101,1,3,2,0.6667,7,179.0,23.0,1,2,78.2,4.8,0.0,1.0,0.0,4.0,0.44,0,0,0,0,0,0,0,0,0,1,1,1,1,1,5
LNR-0531,CS-101,2,3,2,0.6667,10,150.2,11.0,1,1,70.9,-7.3,0.0,0.0,1.0,3.5,0.45,0,0,0,0,0,0,0,0,0,0,0,0,0,0,0
LNR-0531,CS-101,3,4,3,0.75,9,100.1,19.0,1,1,71.5,0.6,2.0,0.0,0.0,4.0,0.12,0,0,0,0,0,0,0,0,0,0,0,0,0,0,0
LNR-0531,CS-101,4,3,2,0.6667,5,87.4,20.0,1,2,83.3,11.8,2.0,1.0,1.0,4.0,0.44,0,0,0,0,0,0,0,0,0,0,0,0,1,1,2
LNR-0531,CS-101,5,3,2,0.6667,6,167.3,16.0,1,1,80.7,-2.6,1.0,0.0,0.0,4.0,0.44,0,0,0,0,0,0,0,0,0,0,0,0,1,1,2
LNR-0532,CS-101,1,2,1,0.5,9,102.6,21.0,1,1,71.7,4.9,1.0,1.0,0.0,2.0,-0.06,0,0,0,0,0,0,0,0,0,0,0,0,0,0,0
LNR-0532,CS-101,2,3,1,0.3333,6,103.8,14.0,0,1,58.5,-13.2,0.0,0.0,0.0,1.5,-0.36,1,0,0,0,0,0,0,0,0,0,0,0,0,0,0
LNR-0532,CS-101,3,2,1,0.5,3,75.4,12.0,0,1,37.1,-21.4,0.0,0.0,0.0,2.0,-0.26,1,0,0,0,0,0,0,0,0,0,0,0,0,0,0
LNR-0532,CS-101,4,3,0,0.0,0,77.4,6.0,0,0,35.1,-2.0,0.0,0.0,0.0,3.0,-0.44,1,0,0,0,0,0,0,0,0,0,0,0,0,0,0
LNR-0532,CS-101,5,3,0,0.0,2,68.6,6.0,0,1,55.1,20.0,0.0,0.0,0.0,2.0,-0.04,1,0,0,0,0,0,0,0,0,0,0,0,0,0,0
LNR-0533,CS-101,1,3,2,0.6667,14,134.4,6.0,1,1,98.8,0.8,1.0,0.0,0.0,1.5,-0.45,0,0,0,0,0,0,0,0,0,0,0,0,0,0,0
LNR-0533,CS-101,2,2,1,0.5,4,96.3,16.0,0,1,69.9,-0.3,0.0,1.0,0.0,2.5,-0.03,1,0,0,0,0,0,0,1,1,0,0,0,0,0,2
LNR-0533,CS-101,3,4,1,0.25,7,68.1,8.0,0,1,77.6,1.4,0.0,1.0,0.0,2.0,-0.3,1,0,0,0,0,0,0,0,0,1,1,1,0,0,3
LNR-0533,CS-101,4,3,0,0.0,6,94.4,5.0,0,0,71.3,-6.3,2.0,0.0,0.0,2.5,-0.32,1,0,0,0,0,0,0,0,0,0,0,0,0,0,0
LNR-0533,CS-101,5,3,0,0.0,0,14.7,5.0,0,0,76.9,5.6,0.0,0.0,0.0,2.0,-0.22,1,0,0,0,0,0,0,0,0,0,0,0,0,0,0
LNR-0534,DATA-201,1,3,3,1.0,16,196.3,38.0,2,2,66.2,6.9,1.0,0.0,0.0,5.0,0.82,0,0,0,0,0,0,0,0,0,0,0,0,0,0,0
LNR-0534,DATA-201,2,3,3,1.0,15,237.6,35.0,2,3,75.0,8.8,1.0,2.0,0.0,4.5,0.76,0,0,0,0,0,0,0,0,0,0,0,0,0,0,0
LNR-0534,DATA-201,3,3,3,1.0,10,260.6,30.0,2,1,53.4,-21.6,1.0,1.0,1.0,5.0,0.63,0,0,0,0,0,0,0,0,0,0,0,0,0,0,0
LNR-0534,DATA-201,4,3,3,1.0,20,224.6,34.0,1,2,68.8,15.4,1.0,1.0,0.0,4.0,0.44,0,0,0,0,0,0,0,0,0,0,0,0,1,1,2
LNR-0534,DATA-201,5,2,2,1.0,15,196.3,39.0,2,1,69.4,0.6,3.0,2.0,2.0,4.5,0.76,0,0,0,0,0,0,0,0,0,0,0,0,0,0,0
LNR-0535,DATA-201,1,2,2,1.0,6,154.0,20.0,1,1,68.8,-8.6,1.0,0.0,0.0,4.0,0.04,0,1,0,0,0,0,0,0,0,0,0,0,0,0,1
LNR-0535,DATA-201,2,4,3,0.75,6,185.6,19.0,1,2,98.8,30.0,0.0,0.0,0.0,4.0,0.44,0,0,0,0,0,0,0,0,0,0,0,0,1,1,2
LNR-0535,DATA-201,3,3,2,0.6667,10,209.6,23.0,0,1,67.6,-31.2,0.0,1.0,2.0,4.0,0.44,0,0,0,0,0,0,0,0,0,0,0,0,1,1,2
LNR-0535,DATA-201,4,4,3,0.75,5,205.7,19.0,2,2,84.0,16.4,1.0,0.0,0.0,3.5,0.17,0,0,0,0,0,0,0,0,0,0,0,0,0,0,0
LNR-0535,DATA-201,5,3,2,0.6667,5,90.6,17.0,1,1,78.2,-5.8,0.0,1.0,0.0,3.5,0.46,0,0,0,0,0,0,0,0,0,1,1,1,0,0,3
LNR-0536,DATA-201,1,2,2,1.0,8,186.8,16.0,1,1,59.4,5.2,1.0,1.0,0.0,4.0,0.5,0,0,0,0,0,0,0,0,0,0,0,0,0,0,0
LNR-0536,DATA-201,2,4,3,0.75,8,168.5,23.0,1,1,59.8,0.4,1.0,1.0,0.0,4.0,0.5,0,0,0,0,0,0,0,0,0,0,0,0,0,0,0
LNR-0536,DATA-201,3,3,1,0.3333,1,38.1,1.0,0,1,19.2,-40.6,0.0,0.0,0.0,1.0,-0.3,1,0,0,0,0,0,0,0,0,0,0,0,0,0,0
LNR-0536,DATA-201,4,4,1,0.25,2,36.4,1.0,0,0,42.9,23.7,0.0,1.0,0.0,4.0,0.44,1,0,0,0,0,0,0,0,0,1,1,1,1,1,5
LNR-0536,DATA-201,5,3,0,0.0,0,35.0,1.0,0,0,18.0,-24.9,0.0,0.0,0.0,1.0,-0.45,1,0,0,0,0,0,0,0,0,0,0,0,0,0,0
LNR-0537,AI-301,1,4,4,1.0,7,226.0,29.0,1,1,69.9,-0.3,0.0,1.0,0.0,4.0,0.44,0,0,0,0,0,0,0,1,1,0,0,0,1,1,4
LNR-0537,AI-301,2,3,3,1.0,15,198.3,33.0,2,1,64.0,3.4,1.0,1.0,0.0,5.0,0.41,0,0,0,0,0,0,0,0,0,0,0,0,0,0,0
LNR-0537,AI-301,3,2,2,1.0,12,210.1,22.0,2,1,64.2,0.2,0.0,1.0,1.0,5.0,0.41,0,0,0,0,0,0,0,0,0,0,0,0,0,0,0
LNR-0537,AI-301,4,3,3,1.0,10,202.3,32.0,2,1,59.9,-4.3,3.0,1.0,0.0,5.0,0.64,0,0,0,0,0,0,0,0,0,0,0,0,0,0,0
LNR-0537,AI-301,5,3,3,1.0,11,267.4,26.0,2,2,62.6,2.7,0.0,3.0,1.0,4.0,0.52,0,0,0,0,0,0,0,0,0,0,0,0,0,0,0
LNR-0538,CS-101,1,3,1,0.3333,5,148.2,11.0,1,1,74.4,5.9,1.0,0.0,1.0,4.0,0.44,1,0,0,0,0,0,0,0,0,0,0,0,1,1,2
LNR-0538,CS-101,2,2,1,0.5,3,66.8,16.0,1,0,46.2,-28.2,0.0,0.0,0.0,1.5,-0.29,1,0,0,0,0,0,0,0,0,0,0,0,0,0,0
LNR-0538,CS-101,3,4,1,0.25,3,82.3,9.0,0,0,32.1,-14.1,0.0,0.0,0.0,2.0,-0.01,1,0,0,0,0,0,0,0,0,0,0,0,0,0,0
LNR-0538,CS-101,4,3,0,0.0,3,38.8,7.0,1,0,47.9,15.8,0.0,0.0,1.0,2.0,-0.11,1,0,0,0,0,0,0,0,0,0,0,0,0,0,0
LNR-0538,CS-101,5,3,0,0.0,0,37.2,3.0,0,0,42.1,-5.8,0.0,0.0,0.0,4.0,0.44,1,0,0,0,0,0,0,0,0,0,0,0,1,1,2
LNR-0539,AI-301,1,2,2,1.0,12,129.8,23.0,2,1,82.2,7.3,1.0,2.0,0.0,4.5,0.45,0,0,0,0,0,0,0,0,0,0,0,0,0,0,0
LNR-0539,AI-301,2,3,3,1.0,8,239.3,32.0,2,1,70.5,-11.7,1.0,1.0,0.0,4.0,0.44,0,0,0,0,0,0,0,0,0,0,0,0,1,1,2
LNR-0539,AI-301,3,3,3,1.0,14,242.0,34.0,2,1,80.0,9.5,0.0,1.0,0.0,4.5,0.65,0,0,0,0,0,0,0,0,0,1,1,1,0,0,3
LNR-0539,AI-301,4,4,4,1.0,15,206.7,26.0,2,1,77.2,-2.8,1.0,2.0,0.0,4.0,0.44,0,0,0,0,0,0,0,0,0,0,0,0,1,1,2
LNR-0539,AI-301,5,4,4,1.0,7,245.2,36.0,1,1,76.2,-1.0,2.0,0.0,0.0,5.0,0.64,0,0,0,0,0,0,0,0,0,0,0,0,0,0,0
LNR-0540,DATA-201,1,3,1,0.3333,4,113.5,12.0,1,1,76.6,0.6,0.0,0.0,0.0,4.0,0.44,0,0,0,0,0,0,0,0,0,0,0,0,1,1,2
LNR-0540,DATA-201,2,2,1,1.0,5,168.3,26.0,0,0,59.2,-17.4,0.0,1.0,0.0,2.5,-0.47,1,1,0,1,1,0,0,0,0,0,0,0,0,0,3
LNR-0540,DATA-201,3,3,0,0.0,8,59.6,7.0,0,0,46.7,-12.5,0.0,0.0,0.0,2.0,-0.57,1,0,0,0,0,0,0,0,0,0,0,0,0,0,0
LNR-0540,DATA-201,4,3,0,0.0,3,72.4,4.0,0,0,47.0,0.3,1.0,0.0,0.0,3.0,-0.08,1,0,0,0,0,0,0,0,0,0,0,0,0,0,0
LNR-0540,DATA-201,5,3,0,0.0,2,82.7,3.0,0,1,46.4,-0.6,0.0,0.0,0.0,2.0,-0.19,1,0,0,0,0,0,0,0,0,0,0,0,0,0,0
LNR-0541,AI-301,1,4,3,0.75,7,175.4,29.0,2,1,99.5,2.8,1.0,2.0,2.0,4.0,0.44,0,0,0,0,0,0,0,0,0,0,0,0,1,1,2
LNR-0541,AI-301,2,3,3,1.0,16,218.4,35.0,2,1,69.9,-0.3,2.0,0.0,1.0,4.5,0.66,0,0,0,0,0,0,0,1,1,0,0,0,0,0,2
LNR-0541,AI-301,3,4,4,1.0,17,253.6,41.0,2,1,100.0,0.0,1.0,0.0,0.0,5.0,0.5,0,0,0,0,0,0,0,0,0,0,0,0,0,0,0
LNR-0541,AI-301,4,3,3,1.0,11,232.4,32.0,2,1,100.0,0.0,0.0,0.0,0.0,4.0,0.44,0,0,0,0,0,0,0,0,0,0,0,0,1,1,2
LNR-0541,AI-301,5,4,4,1.0,11,270.6,37.0,2,1,100.0,0.0,3.0,3.0,0.0,4.5,0.87,0,0,0,0,0,0,0,0,0,0,0,0,0,0,0
LNR-0542,AI-301,1,3,3,1.0,13,148.6,33.0,2,2,71.7,-6.3,0.0,4.0,1.0,5.0,0.67,0,0,0,0,0,0,0,0,0,0,0,0,0,0,0
LNR-0542,AI-301,2,3,3,1.0,13,275.4,28.0,2,1,77.2,5.5,0.0,1.0,0.0,4.0,0.65,0,0,0,0,0,0,0,0,0,0,0,0,0,0,0
LNR-0542,AI-301,3,4,4,1.0,11,200.5,33.0,1,3,82.7,5.5,0.0,0.0,0.0,5.0,0.79,0,0,0,0,0,0,0,0,0,0,0,0,0,0,0
LNR-0542,AI-301,4,3,3,1.0,12,213.9,37.0,2,2,89.2,6.5,1.0,0.0,0.0,5.0,0.87,0,0,0,0,0,0,0,0,0,0,0,0,0,0,0
LNR-0542,AI-301,5,4,4,1.0,11,278.2,30.0,2,1,73.5,-15.7,0.0,0.0,0.0,5.0,0.72,0,0,0,0,0,0,0,0,0,0,0,0,0,0,0
LNR-0543,DATA-201,1,3,3,1.0,5,171.5,22.0,1,1,69.9,-0.3,2.0,0.0,0.0,3.0,0.08,0,0,0,0,0,0,0,1,1,0,0,0,0,0,2
LNR-0543,DATA-201,2,3,2,0.6667,6,140.4,19.0,2,1,78.1,1.4,1.0,0.0,0.0,4.0,0.25,0,0,0,0,0,0,0,0,0,0,0,0,0,0,0
LNR-0543,DATA-201,3,2,2,1.0,8,123.3,20.0,1,2,92.8,14.7,0.0,1.0,0.0,3.5,0.02,0,0,0,0,0,0,0,0,0,1,1,1,0,0,3
LNR-0543,DATA-201,4,3,2,0.6667,11,142.0,26.0,1,1,68.4,-24.4,1.0,2.0,0.0,4.0,0.44,0,0,0,0,0,0,0,0,0,0,0,0,1,1,2
LNR-0543,DATA-201,5,3,2,0.6667,10,42.1,20.0,1,1,83.6,15.2,0.0,1.0,0.0,3.5,0.23,0,0,0,0,0,0,0,0,0,0,0,0,0,0,0
LNR-0544,CS-101,1,3,1,0.3333,7,151.5,12.0,1,2,55.7,-10.9,0.0,0.0,1.0,2.0,-0.02,0,0,0,0,0,0,0,0,0,0,0,0,0,0,0
LNR-0544,CS-101,2,3,1,0.3333,0,111.2,14.0,0,0,56.1,0.4,0.0,0.0,0.0,2.5,-0.56,1,0,0,0,0,0,0,0,0,0,0,0,0,0,0
LNR-0544,CS-101,3,3,1,0.3333,1,76.9,8.0,0,0,47.6,-8.5,0.0,0.0,0.0,2.0,-0.46,1,0,0,0,0,0,0,0,0,0,0,0,0,0,0
LNR-0544,CS-101,4,3,1,0.3333,4,69.9,8.0,0,1,45.8,-1.8,0.0,0.0,0.0,2.0,-0.47,1,0,0,0,0,0,0,0,0,0,0,0,0,0,0
LNR-0544,CS-101,5,3,0,0.0,1,35.9,3.0,0,0,31.6,-14.2,0.0,0.0,0.0,2.0,-0.0,1,0,0,0,0,0,0,0,0,0,0,0,0,0,0
LNR-0545,AI-301,1,4,3,0.75,10,176.1,25.0,2,1,69.9,-0.3,1.0,1.0,0.0,3.5,0.41,0,0,0,0,0,0,0,1,1,0,0,0,0,0,2
LNR-0545,AI-301,2,3,2,0.6667,8,167.6,17.0,1,2,87.5,9.7,0.0,0.0,0.0,4.0,0.5,0,0,0,0,0,0,0,0,0,0,0,0,0,0,0
LNR-0545,AI-301,3,3,2,1.0,6,136.8,24.0,1,1,71.6,-15.9,0.0,1.0,0.0,3.5,0.05,0,1,0,0,0,0,0,0,0,0,0,0,0,0,1
LNR-0545,AI-301,4,4,3,0.75,7,92.9,24.0,1,1,73.0,1.4,0.0,1.0,0.0,4.0,0.21,0,0,0,0,0,0,0,0,0,1,1,1,0,0,3
LNR-0545,AI-301,5,3,2,0.6667,12,160.4,26.0,1,1,65.9,-7.1,0.0,0.0,1.0,3.5,0.16,0,0,0,0,0,0,0,0,0,0,0,0,0,0,0
LNR-0546,DATA-201,1,3,3,1.0,11,86.5,24.0,1,1,67.3,-14.0,0.0,1.0,0.0,3.5,0.19,0,0,0,0,0,0,0,0,0,1,1,1,0,0,3
LNR-0546,DATA-201,2,4,3,0.75,4,45.1,21.0,1,2,79.9,12.6,0.0,0.0,1.0,4.0,0.35,0,0,0,0,0,0,0,0,0,0,0,0,0,0,0
LNR-0546,DATA-201,3,3,2,0.6667,5,136.2,20.0,1,1,70.1,-9.8,1.0,0.0,0.0,3.5,0.28,0,0,0,0,0,0,0,0,0,0,0,0,0,0,0
LNR-0546,DATA-201,4,3,2,0.6667,8,116.8,24.0,2,1,89.7,19.6,1.0,1.0,0.0,3.0,0.22,0,0,0,0,0,0,0,0,0,0,0,0,0,0,0
LNR-0546,DATA-201,5,2,1,0.5,5,116.5,24.0,0,2,71.9,-17.8,2.0,1.0,1.0,3.5,0.17,1,0,0,0,0,0,0,0,0,0,0,0,0,0,0
LNR-0547,CS-101,1,3,1,0.3333,4,104.9,15.0,1,1,68.5,-17.8,0.0,0.0,0.0,4.0,0.44,0,0,0,0,0,0,0,0,0,0,0,0,1,1,2
LNR-0547,CS-101,2,2,1,0.5,4,104.5,11.0,1,0,63.4,-5.1,0.0,0.0,0.0,2.5,-0.54,0,0,0,0,0,0,0,0,0,0,0,0,0,0,0
LNR-0547,CS-101,3,3,1,0.3333,5,118.6,9.0,0,0,77.3,13.9,0.0,0.0,0.0,4.0,0.44,1,0,0,0,0,0,0,0,0,0,0,0,1,1,2
LNR-0547,CS-101,4,3,1,0.3333,3,114.7,15.0,0,0,57.0,-20.3,0.0,1.0,0.0,2.5,-0.19,1,0,0,0,0,0,0,0,0,0,0,0,0,0,0
LNR-0547,CS-101,5,3,0,1.0,2,96.8,3.0,0,0,69.2,12.2,0.0,0.0,0.0,3.0,-0.23,1,1,0,0,0,0,0,0,0,0,0,0,0,0,1
LNR-0548,DATA-201,1,3,1,0.3333,9,166.9,18.0,1,3,29.3,-5.7,3.0,0.0,0.0,1.5,-0.45,0,0,0,0,0,0,0,0,0,0,0,0,0,0,0
LNR-0548,DATA-201,2,2,1,0.5,3,78.1,14.0,0,1,69.9,-0.3,0.0,0.0,0.0,4.0,0.44,1,0,0,0,0,0,0,1,1,0,0,0,1,1,4
LNR-0548,DATA-201,3,3,1,0.3333,3,168.3,26.0,1,0,35.3,10.2,1.0,1.0,0.0,1.5,-0.14,1,0,0,1,1,0,0,0,0,0,0,0,0,0,2
LNR-0548,DATA-201,4,2,0,0.0,1,128.0,12.0,0,1,7.5,-27.8,0.0,2.0,1.0,4.0,0.44,1,0,0,0,0,0,0,0,0,0,0,0,1,1,2
LNR-0548,DATA-201,5,2,0,0.0,2,65.4,5.0,0,0,25.4,17.9,0.0,0.0,0.0,2.0,-0.09,1,0,0,0,0,0,0,0,0,0,0,0,0,0,0
LNR-0549,CS-101,1,3,3,1.0,8,237.2,30.0,2,2,65.5,-2.0,0.0,2.0,1.0,4.0,0.44,0,0,0,0,0,0,0,0,0,0,0,0,1,1,2
LNR-0549,CS-101,2,4,4,1.0,12,255.0,31.0,1,1,65.3,-0.2,0.0,0.0,1.0,4.0,0.44,0,0,0,0,0,0,0,0,0,0,0,0,1,1,2
LNR-0549,CS-101,3,4,4,1.0,15,202.7,26.0,2,1,82.3,17.0,0.0,2.0,1.0,5.0,0.77,0,0,0,0,0,0,0,0,0,0,0,0,0,0,0
LNR-0549,CS-101,4,3,3,1.0,11,164.1,29.0,2,1,65.5,-16.8,1.0,1.0,1.0,5.0,0.67,0,0,0,0,0,0,0,0,0,0,0,0,0,0,0
LNR-0549,CS-101,5,2,2,1.0,15,252.4,33.0,2,1,69.9,4.4,2.0,1.0,1.0,5.0,0.84,0,0,0,0,0,0,0,0,0,0,0,0,0,0,0
LNR-0550,CS-101,1,4,2,0.5,4,110.4,11.0,1,2,89.6,-8.4,0.0,0.0,0.0,1.5,-0.38,0,0,0,0,0,0,0,0,0,0,0,0,0,0,0
LNR-0550,CS-101,2,3,1,0.3333,5,171.0,10.0,1,0,91.1,1.5,1.0,0.0,0.0,2.5,0.05,0,0,0,0,0,0,0,0,0,0,0,0,0,0,0
LNR-0550,CS-101,3,3,1,0.3333,3,47.7,14.0,1,0,71.3,-19.8,0.0,0.0,0.0,4.0,0.44,1,0,0,0,0,0,0,0,0,0,0,0,1,1,2
LNR-0550,CS-101,4,2,1,0.5,3,87.6,4.0,0,1,81.0,9.7,0.0,0.0,0.0,1.5,-0.12,0,0,0,0,0,0,0,0,0,0,0,0,0,0,0
LNR-0550,CS-101,5,3,0,0.0,1,69.1,3.0,0,0,69.9,-0.3,0.0,0.0,0.0,2.0,-0.45,1,0,0,0,0,0,0,1,1,0,0,0,0,0,2
LNR-0551,DATA-201,1,3,2,0.6667,7,96.0,13.0,1,1,63.6,4.7,0.0,1.0,1.0,3.5,0.24,1,0,0,0,0,0,0,0,0,0,0,0,0,0,0
LNR-0551,DATA-201,2,3,2,0.6667,7,175.9,20.0,1,1,48.8,-14.8,0.0,0.0,1.0,3.5,0.06,0,0,0,0,0,0,0,0,0,0,0,0,0,0,0
LNR-0551,DATA-201,3,3,3,1.0,4,201.3,21.0,1,1,54.0,5.2,0.0,1.0,0.0,4.0,0.4,0,0,0,0,0,0,0,0,0,1,1,1,0,0,3
LNR-0551,DATA-201,4,3,2,0.6667,6,132.0,20.0,1,1,69.9,-0.3,0.0,0.0,1.0,4.0,0.43,0,0,0,0,0,0,0,1,1,0,0,0,0,0,2
LNR-0551,DATA-201,5,4,3,0.75,9,46.8,18.0,1,1,56.6,-7.3,1.0,2.0,1.0,4.0,0.14,0,0,0,0,0,0,0,0,0,0,0,0,0,0,0
LNR-0552,WEB-102,1,2,2,1.0,13,233.4,34.0,2,3,71.1,6.5,0.0,2.0,0.0,4.5,0.6,0,0,0,0,0,0,0,0,0,0,0,0,0,0,0
LNR-0552,WEB-102,2,3,3,1.0,9,214.3,36.0,2,1,69.9,-0.3,2.0,1.0,0.0,4.5,0.87,0,0,0,0,0,0,0,1,1,0,0,0,0,0,2
LNR-0552,WEB-102,3,2,2,1.0,10,212.8,34.0,2,1,70.3,-0.3,0.0,4.0,0.0,4.0,0.53,0,0,0,0,0,0,0,0,0,0,0,0,0,0,0
LNR-0552,WEB-102,4,3,3,1.0,14,256.7,38.0,2,2,67.6,-2.7,1.0,1.0,0.0,4.5,0.76,0,0,0,0,0,0,0,0,0,0,0,0,0,0,0
LNR-0552,WEB-102,5,4,4,1.0,6,255.9,36.0,2,1,70.6,3.0,0.0,1.0,0.0,5.0,0.73,0,0,0,0,0,0,0,0,0,1,1,1,0,0,3
LNR-0553,AI-301,1,4,3,0.75,9,159.1,18.0,1,1,97.0,4.5,0.0,1.0,0.0,4.0,0.44,0,0,0,0,0,0,0,0,0,0,0,0,1,1,2
LNR-0553,AI-301,2,2,1,0.5,6,78.1,18.0,1,1,95.8,-1.2,2.0,0.0,0.0,4.0,0.33,0,0,0,0,0,0,0,0,0,0,0,0,0,0,0
LNR-0553,AI-301,3,2,2,1.0,7,123.1,19.0,1,1,69.9,-0.3,0.0,1.0,0.0,4.0,0.44,0,0,0,0,0,0,0,1,1,0,0,0,1,1,4
LNR-0553,AI-301,4,3,2,0.6667,3,104.4,19.0,1,1,69.9,-0.3,0.0,0.0,0.0,3.5,0.23,0,0,0,0,0,0,0,1,1,0,0,0,0,0,2
LNR-0553,AI-301,5,3,2,0.6667,11,140.4,23.0,1,1,85.0,-10.6,2.0,1.0,0.0,3.0,0.36,0,0,0,0,0,0,0,0,0,0,0,0,0,0,0
LNR-0554,CS-101,1,3,2,0.6667,6,123.3,12.0,1,1,69.9,-0.3,1.0,0.0,1.0,4.0,0.44,0,0,0,0,0,0,0,1,1,0,0,0,1,1,4
LNR-0554,CS-101,2,2,1,0.5,3,67.1,12.0,0,0,69.9,-0.3,0.0,0.0,0.0,1.5,-0.47,1,0,0,0,0,0,0,1,1,0,0,0,0,0,2
LNR-0554,CS-101,3,3,1,0.3333,1,64.8,7.0,0,2,75.0,-3.6,0.0,1.0,0.0,2.0,-0.26,1,0,0,0,0,0,0,0,0,0,0,0,0,0,0
LNR-0554,CS-101,4,3,0,0.0,3,43.5,11.0,0,1,59.7,-15.3,1.0,0.0,0.0,2.0,-0.58,1,0,0,0,0,0,0,0,0,0,0,0,0,0,0
LNR-0554,CS-101,5,3,0,0.0,1,51.4,4.0,0,1,57.0,-2.7,1.0,0.0,0.0,3.0,-0.51,1,0,0,0,0,0,0,0,0,0,0,0,0,0,0
LNR-0555,CS-101,1,4,3,0.75,13,170.4,29.0,2,1,68.2,7.7,0.0,0.0,0.0,4.0,0.44,0,0,0,0,0,0,0,0,0,0,0,0,1,1,2
LNR-0555,CS-101,2,2,2,1.0,21,243.1,37.0,2,2,69.9,-0.3,2.0,0.0,0.0,4.5,0.56,0,0,0,0,0,0,0,1,1,0,0,0,0,0,2
LNR-0555,CS-101,3,3,3,1.0,13,201.6,32.0,2,1,65.9,9.3,0.0,1.0,3.0,4.5,0.62,0,0,0,0,0,0,0,0,0,0,0,0,0,0,0
LNR-0555,CS-101,4,3,3,1.0,9,197.1,35.0,2,1,60.7,-5.2,0.0,0.0,0.0,4.0,0.44,0,0,0,0,0,0,0,0,0,0,0,0,1,1,2
LNR-0555,CS-101,5,3,3,1.0,9,224.1,31.0,2,1,69.0,8.3,0.0,3.0,0.0,4.5,0.72,0,0,0,0,0,0,0,0,0,0,0,0,0,0,0
LNR-0556,CS-101,1,2,2,1.0,11,203.4,30.0,1,2,92.3,-5.7,0.0,1.0,0.0,4.0,0.41,0,0,0,0,0,0,0,0,0,0,0,0,0,0,0
LNR-0556,CS-101,2,4,4,1.0,10,247.2,41.0,2,2,100.0,7.7,0.0,3.0,1.0,4.5,0.62,0,0,0,0,0,0,0,0,0,0,0,0,0,0,0
LNR-0556,CS-101,3,3,3,1.0,16,170.4,33.0,2,1,95.8,-4.2,1.0,1.0,1.0,5.0,0.41,0,0,0,0,0,0,0,0,0,0,0,0,0,0,0
LNR-0556,CS-101,4,3,3,1.0,9,225.5,34.0,2,1,100.0,4.2,1.0,1.0,0.0,4.0,0.44,0,0,0,0,0,0,0,0,0,0,0,0,1,1,2
LNR-0556,CS-101,5,2,2,1.0,17,210.0,40.0,2,1,100.0,0.0,1.0,2.0,1.0,4.0,0.44,0,0,0,0,0,0,0,0,0,0,0,0,1,1,2
LNR-0557,WEB-102,1,3,3,1.0,6,152.0,40.0,1,2,78.2,10.0,2.0,2.0,0.0,4.0,0.44,0,1,0,0,0,0,0,0,0,0,0,0,1,1,3
LNR-0557,WEB-102,2,2,2,1.0,10,203.7,30.0,1,1,58.2,-20.0,1.0,0.0,1.0,4.0,0.44,0,0,0,0,0,0,0,0,0,0,0,0,1,1,2
LNR-0557,WEB-102,3,3,3,1.0,11,217.4,37.0,2,1,70.5,12.3,1.0,3.0,0.0,5.0,0.51,0,0,0,0,0,0,0,0,0,0,0,0,0,0,0
LNR-0557,WEB-102,4,3,3,1.0,9,176.4,28.0,2,3,69.6,-0.9,1.0,1.0,0.0,5.0,0.51,0,0,0,0,0,0,0,0,0,0,0,0,0,0,0
LNR-0557,WEB-102,5,4,4,1.0,9,189.1,28.0,2,2,78.2,8.6,1.0,1.0,0.0,5.0,0.82,0,0,0,0,0,0,0,0,0,0,0,0,0,0,0
LNR-0558,AI-301,1,3,3,1.0,8,187.1,44.0,2,1,87.5,11.4,0.0,1.0,1.0,4.0,0.55,0,0,0,0,0,0,0,0,0,0,0,0,0,0,0
LNR-0558,AI-301,2,4,4,1.0,12,157.0,36.0,2,2,68.6,-18.9,1.0,2.0,2.0,4.0,0.44,0,0,0,0,0,0,0,0,0,0,0,0,1,1,2
LNR-0558,AI-301,3,2,2,1.0,12,217.9,33.0,2,1,78.7,10.1,3.0,1.0,0.0,5.0,0.57,0,0,0,0,0,0,0,0,0,0,0,0,0,0,0
LNR-0558,AI-301,4,3,3,1.0,11,168.3,26.0,2,1,80.7,2.0,0.0,1.0,0.0,5.0,0.48,0,0,0,1,1,0,0,0,0,1,1,1,0,0,5
LNR-0558,AI-301,5,3,3,1.0,11,212.7,40.0,2,1,80.2,-0.5,0.0,0.0,0.0,4.5,0.78,0,0,0,0,0,0,0,0,0,0,0,0,0,0,0
LNR-0559,AI-301,1,3,2,0.6667,8,129.9,19.0,1,1,72.0,10.2,0.0,1.0,0.0,4.0,0.48,0,0,0,0,0,0,0,0,0,1,1,1,0,0,3
LNR-0559,AI-301,2,3,2,0.6667,11,146.2,18.0,1,2,64.3,-7.7,0.0,1.0,0.0,4.0,0.38,0,0,0,0,0,0,0,0,0,0,0,0,0,0,0
LNR-0559,AI-301,3,2,2,1.0,7,106.2,21.0,2,1,56.4,-7.9,0.0,2.0,0.0,4.0,0.47,0,0,0,0,0,0,0,0,0,0,0,0,0,0,0
LNR-0559,AI-301,4,3,2,0.6667,6,168.3,26.0,2,1,69.9,-0.3,0.0,1.0,0.0,3.5,0.13,0,0,0,1,1,0,0,1,1,0,0,0,0,0,4
LNR-0559,AI-301,5,4,3,0.75,12,133.9,17.0,1,1,61.7,-10.3,0.0,0.0,4.0,4.0,0.44,0,0,0,0,0,0,0,0,0,0,0,0,1,1,2
LNR-0560,CS-101,1,4,2,0.5,7,141.3,11.0,1,1,70.8,-8.7,0.0,1.0,0.0,1.5,0.07,0,0,0,0,0,0,0,0,0,1,1,1,0,0,3
LNR-0560,CS-101,2,3,1,0.3333,6,129.5,10.0,1,1,60.4,-10.4,0.0,1.0,0.0,1.5,0.02,0,0,0,0,0,0,0,0,0,0,0,0,0,0,0
LNR-0560,CS-101,3,4,1,0.25,8,98.5,9.0,0,1,69.8,9.4,0.0,1.0,0.0,1.5,-0.53,1,0,0,0,0,0,0,0,0,0,0,0,0,0,0
LNR-0560,CS-101,4,3,1,0.3333,3,92.7,6.0,1,0,61.5,-8.3,0.0,1.0,0.0,2.0,-0.24,1,0,0,0,0,0,0,0,0,0,0,0,0,0,0
LNR-0560,CS-101,5,3,0,0.0,1,17.2,9.0,0,0,56.9,-4.6,0.0,1.0,0.0,4.0,0.44,1,0,0,0,0,0,0,0,0,1,1,1,1,1,5
LNR-0561,AI-301,1,3,3,1.0,9,180.1,36.0,1,1,76.1,-2.4,0.0,3.0,1.0,5.0,0.65,0,0,0,0,0,0,0,0,0,0,0,0,0,0,0
LNR-0561,AI-301,2,3,3,1.0,10,242.5,30.0,2,1,76.6,0.5,0.0,1.0,0.0,4.0,0.44,0,0,0,0,0,0,0,0,0,0,0,0,1,1,2
LNR-0561,AI-301,3,2,2,1.0,12,75.8,33.0,2,1,82.7,6.1,0.0,4.0,1.0,5.0,0.6,0,0,0,0,0,0,0,0,0,0,0,0,0,0,0
LNR-0561,AI-301,4,3,3,1.0,15,266.6,39.0,2,1,78.8,-3.9,1.0,1.0,1.0,4.0,0.44,0,0,0,0,0,0,0,0,0,0,0,0,1,1,2
LNR-0561,AI-301,5,3,3,1.0,7,186.7,26.0,2,2,74.2,-4.6,3.0,1.0,1.0,4.0,0.41,0,0,0,0,0,0,0,0,0,0,0,0,0,0,0
LNR-0562,WEB-102,1,3,3,1.0,12,295.7,33.0,2,1,62.3,-0.4,2.0,2.0,0.0,5.0,0.7,0,0,0,0,0,0,0,0,0,0,0,0,0,0,0
LNR-0562,WEB-102,2,3,3,1.0,9,271.2,30.0,2,3,65.0,2.7,3.0,0.0,0.0,4.0,0.44,0,0,0,0,0,0,0,0,0,0,0,0,1,1,2
LNR-0562,WEB-102,3,3,3,1.0,6,248.4,40.0,2,1,71.4,6.4,0.0,0.0,0.0,5.0,0.57,0,0,0,0,0,0,0,0,0,0,0,0,0,0,0
LNR-0562,WEB-102,4,3,3,1.0,11,240.5,26.0,2,2,66.8,-4.6,2.0,2.0,0.0,5.0,0.52,0,0,0,0,0,0,0,0,0,0,0,0,0,0,0
LNR-0562,WEB-102,5,2,2,1.0,13,262.7,37.0,2,3,61.7,-5.1,0.0,1.0,0.0,5.0,0.6,0,0,0,0,0,0,0,0,0,1,1,1,0,0,3
LNR-0563,AI-301,1,4,4,1.0,8,215.7,31.0,1,1,87.8,-3.3,1.0,1.0,0.0,4.0,0.5,0,0,0,0,0,0,0,0,0,0,0,0,0,0,0
LNR-0563,AI-301,2,3,3,1.0,8,170.6,19.0,1,1,100.0,12.2,1.0,1.0,0.0,4.0,0.5,0,0,0,0,0,0,0,0,0,0,0,0,0,0,0
LNR-0563,AI-301,3,4,0,0.0,2,36.9,3.0,0,0,43.0,-57.0,0.0,0.0,0.0,4.0,0.44,1,0,0,0,0,0,0,0,0,0,0,0,1,1,2
LNR-0563,AI-301,4,4,1,0.25,0,33.7,0.0,0,1,77.2,34.2,0.0,1.0,0.0,4.0,0.44,1,0,0,0,0,0,0,0,0,1,1,1,1,1,5
LNR-0563,AI-301,5,2,0,0.0,1,46.3,3.0,0,0,54.3,-22.9,0.0,1.0,0.0,1.0,-0.79,1,0,0,0,0,0,0,0,0,1,1,1,0,0,3
LNR-0564,CS-101,1,2,1,0.5,5,131.8,16.0,1,4,46.1,-13.6,0.0,0.0,0.0,1.5,-0.48,0,0,0,0,0,0,0,0,0,0,0,0,0,0,0
LNR-0564,CS-101,2,3,1,0.3333,5,63.6,10.0,0,0,38.2,-7.9,1.0,0.0,0.0,2.0,-0.43,1,0,0,0,0,0,0,0,0,0,0,0,0,0,0
LNR-0564,CS-101,3,3,1,0.3333,4,68.9,12.0,0,1,38.2,0.0,0.0,0.0,1.0,1.5,0.05,1,0,0,0,0,0,0,0,0,0,0,0,0,0,0
LNR-0564,CS-101,4,3,0,0.0,1,47.3,5.0,0,2,40.4,2.2,0.0,0.0,0.0,1.5,-0.54,1,0,0,0,0,0,0,0,0,0,0,0,0,0,0
LNR-0564,CS-101,5,3,0,0.0,1,10.0,4.0,0,0,26.9,-13.5,0.0,0.0,0.0,4.0,0.44,1,0,0,0,0,0,0,0,0,0,0,0,1,1,2
LNR-0565,AI-301,1,3,3,1.0,10,234.0,33.0,1,1,71.3,1.0,2.0,0.0,0.0,4.0,0.44,0,0,0,0,0,0,0,0,0,0,0,0,1,1,2
LNR-0565,AI-301,2,4,4,1.0,8,181.9,30.0,2,1,76.3,5.0,1.0,0.0,0.0,5.0,0.86,0,0,0,0,0,0,0,0,0,0,0,0,0,0,0
LNR-0565,AI-301,3,4,4,1.0,13,203.4,30.0,2,1,76.5,0.2,0.0,0.0,1.0,5.0,0.65,0,0,0,0,0,0,0,0,0,0,0,0,0,0,0
LNR-0565,AI-301,4,3,3,1.0,11,239.4,27.0,2,1,74.3,-2.2,0.0,3.0,1.0,5.0,0.74,0,0,0,0,0,0,0,0,0,0,0,0,0,0,0
LNR-0565,AI-301,5,2,2,1.0,15,236.8,37.0,2,2,71.5,-2.8,1.0,1.0,1.0,4.5,0.67,0,0,0,0,0,0,0,0,0,0,0,0,0,0,0
LNR-0566,CS-101,1,4,1,0.25,4,124.6,16.0,0,1,51.7,-1.6,0.0,0.0,0.0,1.5,-0.44,1,0,0,0,0,0,0,0,0,0,0,0,0,0,0
LNR-0566,CS-101,2,3,1,0.3333,5,111.7,18.0,1,1,42.9,-8.8,0.0,0.0,0.0,4.0,0.44,1,0,0,0,0,0,0,0,0,0,0,0,1,1,2
LNR-0566,CS-101,3,2,1,0.5,3,85.9,11.0,1,0,69.9,-0.3,0.0,0.0,0.0,2.5,-0.28,1,0,0,0,0,0,0,1,1,0,0,0,0,0,2
LNR-0566,CS-101,4,3,1,0.3333,0,104.7,5.0,1,1,33.3,-7.0,0.0,0.0,0.0,3.0,-0.34,1,0,0,0,0,0,0,0,0,0,0,0,0,0,0
LNR-0566,CS-101,5,3,0,0.0,1,54.2,6.0,0,1,39.1,5.8,0.0,1.0,0.0,4.0,0.44,1,0,0,0,0,0,0,0,0,0,0,0,1,1,2
LNR-0567,AI-301,1,2,1,0.5,8,155.1,25.0,1,1,69.9,-0.3,0.0,1.0,0.0,3.5,0.12,0,0,0,0,0,0,0,1,1,0,0,0,0,0,2
LNR-0567,AI-301,2,3,2,0.6667,5,231.2,18.0,1,1,58.2,-13.1,0.0,2.0,0.0,3.5,0.11,0,0,0,0,0,0,0,0,0,0,0,0,0,0,0
LNR-0567,AI-301,3,2,2,1.0,7,100.3,25.0,0,1,43.2,-15.0,2.0,1.0,0.0,3.0,0.29,0,0,0,0,0,0,0,0,0,0,0,0,0,0,0
LNR-0567,AI-301,4,3,2,0.6667,9,194.1,19.0,2,1,57.1,13.9,0.0,1.0,1.0,4.0,0.48,0,0,0,0,0,0,0,0,0,0,0,0,0,0,0
LNR-0567,AI-301,5,4,3,0.75,9,139.6,22.0,1,2,59.7,2.6,0.0,0.0,0.0,4.0,0.44,0,0,0,0,0,0,0,0,0,0,0,0,1,1,2
LNR-0568,AI-301,1,2,2,1.0,10,230.0,30.0,1,1,55.6,6.3,1.0,4.0,0.0,5.0,0.86,0,0,0,0,0,0,0,0,0,0,0,0,0,0,0
LNR-0568,AI-301,2,3,3,1.0,7,132.2,43.0,2,2,69.9,-0.3,0.0,1.0,0.0,4.5,0.49,0,0,0,0,0,0,0,1,1,1,1,1,0,0,5
LNR-0568,AI-301,3,3,3,1.0,6,182.3,28.0,2,1,55.7,0.2,0.0,0.0,1.0,5.0,0.79,0,0,0,0,0,0,0,0,0,0,0,0,0,0,0
LNR-0568,AI-301,4,3,3,1.0,15,230.9,39.0,2,1,54.5,-1.2,0.0,1.0,0.0,4.5,0.76,0,0,0,0,0,0,0,0,0,1,1,1,0,0,3
LNR-0568,AI-301,5,3,3,1.0,13,168.3,26.0,2,1,49.7,-4.8,0.0,0.0,1.0,5.0,0.89,0,0,0,1,1,0,0,0,0,0,0,0,0,0,2
LNR-0569,AI-301,1,2,2,1.0,7,174.2,38.0,2,1,62.7,0.3,1.0,1.0,0.0,4.5,0.71,0,0,0,0,0,0,0,0,0,0,0,0,0,0,0
LNR-0569,AI-301,2,3,3,1.0,9,239.4,35.0,2,3,60.7,-2.0,1.0,0.0,1.0,4.5,0.7,0,0,0,0,0,0,0,0,0,0,0,0,0,0,0
LNR-0569,AI-301,3,3,3,1.0,11,223.8,28.0,2,2,62.4,1.7,1.0,1.0,0.0,4.5,0.7,0,0,0,0,0,0,0,0,0,0,0,0,0,0,0
LNR-0569,AI-301,4,3,3,1.0,15,239.5,27.0,2,1,62.6,0.2,2.0,2.0,0.0,4.5,0.83,0,0,0,0,0,0,0,0,0,0,0,0,0,0,0
LNR-0569,AI-301,5,3,3,1.0,7,188.5,38.0,2,2,57.6,-5.0,1.0,3.0,2.0,5.0,0.89,0,0,0,0,0,0,0,0,0,0,0,0,0,0,0
LNR-0570,DATA-201,1,4,1,0.25,4,73.1,22.0,0,0,40.9,-14.3,0.0,1.0,0.0,2.5,-0.53,1,0,0,0,0,0,0,0,0,0,0,0,0,0,0
LNR-0570,DATA-201,2,3,1,0.3333,4,21.2,12.0,1,0,31.3,-9.6,1.0,0.0,0.0,2.0,-0.38,1,0,0,0,0,0,0,0,0,0,0,0,0,0,0
LNR-0570,DATA-201,3,2,0,0.0,0,93.5,16.0,0,1,46.3,15.0,1.0,1.0,0.0,1.5,-0.22,1,0,0,0,0,0,0,0,0,0,0,0,0,0,0
LNR-0570,DATA-201,4,2,0,0.0,2,40.7,5.0,0,0,48.1,1.8,0.0,0.0,0.0,1.5,-0.06,1,0,0,0,0,0,0,0,0,0,0,0,0,0,0
LNR-0570,DATA-201,5,3,0,0.0,1,17.2,2.0,0,0,16.3,-31.8,0.0,0.0,0.0,2.0,0.09,1,0,0,0,0,0,0,0,0,0,0,0,0,0,0
LNR-0571,AI-301,1,2,2,1.0,14,181.0,29.0,2,1,85.4,4.3,0.0,1.0,0.0,4.5,0.58,0,0,0,0,0,0,0,0,0,1,1,1,0,0,3
LNR-0571,AI-301,2,3,3,1.0,13,198.0,29.0,1,1,69.9,-0.3,0.0,1.0,0.0,4.5,0.86,0,0,0,0,0,0,0,1,1,1,1,1,0,0,5
LNR-0571,AI-301,3,3,3,1.0,7,234.6,33.0,2,2,76.6,-13.6,1.0,1.0,0.0,4.0,0.44,0,0,0,0,0,0,0,0,0,0,0,0,1,1,2
LNR-0571,AI-301,4,2,2,1.0,17,171.4,49.0,2,1,76.0,-0.6,1.0,2.0,0.0,4.0,0.48,0,0,0,0,0,0,0,0,0,0,0,0,0,0,0
LNR-0571,AI-301,5,3,3,1.0,13,240.9,27.0,2,1,79.5,3.5,0.0,1.0,0.0,4.0,0.44,0,0,0,0,0,0,0,0,0,0,0,0,1,1,2
LNR-0572,AI-301,1,3,2,0.6667,6,98.0,19.0,1,1,65.2,3.4,0.0,1.0,0.0,3.5,0.23,0,0,0,0,0,0,0,0,0,0,0,0,0,0,0
LNR-0572,AI-301,2,3,2,0.6667,5,180.7,31.0,1,1,63.6,-1.6,2.0,1.0,0.0,4.0,0.23,0,0,0,0,0,0,0,0,0,0,0,0,0,0,0
LNR-0572,AI-301,3,3,3,1.0,2,140.3,21.0,1,1,42.4,-21.2,3.0,0.0,0.0,4.0,0.44,0,0,0,0,0,0,0,0,0,0,0,0,1,1,2
LNR-0572,AI-301,4,3,2,0.6667,2,122.7,27.0,1,1,69.1,26.7,0.0,0.0,0.0,4.0,0.44,0,0,0,0,0,0,0,0,0,0,0,0,1,1,2
LNR-0572,AI-301,5,4,3,1.0,8,153.2,25.0,1,1,54.4,-14.7,0.0,0.0,0.0,4.0,0.44,0,1,0,0,0,0,0,0,0,0,0,0,1,1,3
LNR-0573,CS-101,1,3,1,0.3333,6,113.9,18.0,0,3,62.5,2.4,0.0,0.0,0.0,2.5,-0.41,0,0,0,0,0,0,0,0,0,0,0,0,0,0,0
LNR-0573,CS-101,2,2,0,0.0,3,109.7,7.0,0,1,49.6,-12.9,0.0,1.0,0.0,4.0,0.44,1,0,0,0,0,0,0,0,0,0,0,0,1,1,2
LNR-0573,CS-101,3,4,1,0.25,0,117.9,8.0,0,0,49.0,-0.6,0.0,0.0,0.0,2.0,-0.22,1,0,0,0,0,0,0,0,0,0,0,0,0,0,0
LNR-0573,CS-101,4,3,1,0.3333,2,47.4,8.0,0,0,41.9,-7.1,0.0,0.0,0.0,1.5,-0.39,1,0,0,0,0,0,0,0,0,0,0,0,0,0,0
LNR-0573,CS-101,5,4,1,0.25,5,10.0,4.0,0,1,37.9,-4.0,0.0,1.0,0.0,3.0,-0.08,1,0,0,0,0,0,0,0,0,1,1,1,0,0,3
LNR-0574,DATA-201,1,3,2,0.6667,7,145.7,18.0,1,1,77.0,-1.4,1.0,1.0,0.0,4.0,0.5,0,0,0,0,0,0,0,0,0,0,0,0,0,0,0
LNR-0574,DATA-201,2,3,2,0.6667,11,198.4,32.0,1,1,75.5,-1.5,0.0,1.0,0.0,4.0,0.44,0,0,0,0,0,0,0,0,0,1,1,1,1,1,5
LNR-0574,DATA-201,3,3,0,0.0,3,56.8,3.0,0,0,46.5,-29.0,0.0,1.0,0.0,4.0,0.44,1,0,0,0,0,0,0,0,0,1,1,1,1,1,5
LNR-0574,DATA-201,4,4,1,0.25,1,36.6,0.0,0,1,55.0,8.5,0.0,0.0,0.0,4.0,0.44,1,0,0,0,0,0,0,0,0,0,0,0,1,1,2
LNR-0574,DATA-201,5,3,0,0.0,2,42.5,2.0,0,0,76.7,21.7,0.0,1.0,0.0,2.0,-0.65,1,0,0,0,0,0,0,0,0,1,1,1,0,0,3
LNR-0575,WEB-102,1,4,3,0.75,11,93.3,29.0,1,1,77.6,10.3,1.0,1.0,1.0,4.0,0.44,1,0,0,0,0,0,0,0,0,0,0,0,1,1,2
LNR-0575,WEB-102,2,4,3,0.75,6,144.7,19.0,1,1,65.3,-12.3,0.0,1.0,0.0,3.0,0.35,0,0,0,0,0,0,0,0,0,1,1,1,0,0,3
LNR-0575,WEB-102,3,4,3,0.75,6,129.6,18.0,1,1,64.9,-0.4,1.0,0.0,1.0,3.5,0.2,0,0,0,0,0,0,0,0,0,0,0,0,0,0,0
LNR-0575,WEB-102,4,3,3,1.0,4,96.5,18.0,2,1,73.5,8.6,2.0,2.0,0.0,3.5,0.3,0,0,0,0,0,0,0,0,0,0,0,0,0,0,0
LNR-0575,WEB-102,5,3,2,0.6667,7,197.4,20.0,1,1,80.1,6.6,0.0,0.0,0.0,4.0,0.34,0,0,0,0,0,0,0,0,0,0,0,0,0,0,0
LNR-0576,WEB-102,1,2,1,0.5,9,157.5,18.0,1,1,72.8,1.6,0.0,0.0,0.0,3.0,0.27,0,0,0,0,0,0,0,0,0,0,0,0,0,0,0
LNR-0576,WEB-102,2,2,2,1.0,10,123.8,22.0,2,1,84.8,12.0,0.0,1.0,1.0,4.0,0.36,0,0,0,0,0,0,0,0,0,0,0,0,0,0,0
LNR-0576,WEB-102,3,3,2,0.6667,7,130.0,22.0,1,1,68.3,-16.5,1.0,1.0,0.0,4.0,0.05,0,0,0,0,0,0,0,0,0,0,0,0,0,0,0
LNR-0576,WEB-102,4,4,3,0.75,4,156.5,20.0,1,1,63.8,-4.5,2.0,0.0,0.0,3.5,0.11,0,0,0,0,0,0,0,0,0,0,0,0,0,0,0
LNR-0576,WEB-102,5,3,2,0.6667,5,168.3,26.0,2,1,78.1,14.3,1.0,0.0,0.0,3.5,0.16,0,0,0,1,1,0,0,0,0,0,0,0,0,0,2
LNR-0577,AI-301,1,3,2,0.6667,10,138.5,18.0,0,2,68.9,8.2,3.0,0.0,1.0,3.0,0.15,0,0,0,0,0,0,0,0,0,0,0,0,0,0,0
LNR-0577,AI-301,2,3,2,0.6667,6,122.0,19.0,1,1,53.2,-15.7,0.0,1.0,0.0,4.0,0.05,0,0,0,0,0,0,0,0,0,1,1,1,0,0,3
LNR-0577,AI-301,3,4,3,0.75,9,159.3,20.0,0,1,64.6,11.4,0.0,1.0,0.0,3.5,0.09,0,0,0,0,0,0,0,0,0,0,0,0,0,0,0
LNR-0577,AI-301,4,3,3,1.0,4,170.7,26.0,1,1,66.3,1.7,1.0,0.0,1.0,4.0,0.1,0,0,0,0,0,0,0,0,0,0,0,0,0,0,0
LNR-0577,AI-301,5,2,1,0.5,3,168.3,26.0,1,1,51.6,-14.7,0.0,0.0,0.0,3.0,0.33,0,0,0,1,1,0,0,0,0,0,0,0,0,0,2
LNR-0578,CS-101,1,3,3,1.0,16,180.1,32.0,2,2,56.6,-14.2,0.0,1.0,0.0,4.5,0.63,0,0,0,0,0,0,0,0,0,1,1,1,0,0,3
LNR-0578,CS-101,2,3,3,1.0,9,279.6,33.0,2,1,77.1,20.5,0.0,1.0,0.0,4.5,0.63,0,0,0,0,0,0,0,0,0,0,0,0,0,0,0
LNR-0578,CS-101,3,3,3,1.0,7,195.6,31.0,2,1,74.0,-3.1,0.0,4.0,0.0,4.5,0.72,0,0,0,0,0,0,0,0,0,0,0,0,0,0,0
LNR-0578,CS-101,4,2,2,1.0,13,193.5,33.0,2,2,69.9,-0.3,0.0,1.0,0.0,4.0,0.44,0,1,0,0,0,0,0,1,1,1,1,1,1,1,8
LNR-0578,CS-101,5,2,2,1.0,12,244.6,34.0,2,1,79.6,5.2,2.0,1.0,1.0,4.0,0.44,0,0,0,0,0,0,0,0,0,0,0,0,1,1,2
LNR-0579,CS-101,1,3,3,1.0,11,222.5,26.0,2,1,69.9,-0.3,0.0,1.0,0.0,4.0,0.44,0,0,0,0,0,0,0,1,1,0,0,0,1,1,4
LNR-0579,CS-101,2,3,3,1.0,9,248.6,32.0,2,2,69.9,-0.3,0.0,1.0,1.0,4.0,0.44,0,0,0,0,0,0,0,1,1,0,0,0,1,1,4
LNR-0579,CS-101,3,3,3,1.0,14,223.2,35.0,2,1,67.7,-3.5,1.0,1.0,0.0,4.5,0.63,0,0,0,0,0,0,0,0,0,0,0,0,0,0,0
LNR-0579,CS-101,4,3,3,1.0,16,242.5,38.0,2,1,64.2,-3.5,2.0,0.0,0.0,5.0,0.66,0,0,0,0,0,0,0,0,0,0,0,0,0,0,0
LNR-0579,CS-101,5,4,4,1.0,7,203.0,34.0,2,1,79.9,15.7,1.0,0.0,0.0,5.0,0.49,0,0,0,0,0,0,0,0,0,0,0,0,0,0,0
LNR-0580,CS-101,1,2,2,1.0,11,176.9,43.0,2,2,85.1,3.2,2.0,3.0,0.0,5.0,0.44,0,0,0,0,0,0,0,0,0,0,0,0,0,0,0
LNR-0580,CS-101,2,4,4,1.0,13,216.7,25.0,2,1,90.6,5.5,2.0,2.0,1.0,4.5,0.46,0,0,0,0,0,0,0,0,0,0,0,0,0,0,0
LNR-0580,CS-101,3,2,2,1.0,12,256.9,44.0,2,3,78.2,-12.4,2.0,1.0,0.0,5.0,0.79,0,0,0,0,0,0,0,0,0,0,0,0,0,0,0
LNR-0580,CS-101,4,2,2,1.0,11,281.3,32.0,2,1,81.0,2.8,2.0,1.0,0.0,4.0,0.44,0,0,0,0,0,0,0,0,0,0,0,0,1,1,2
LNR-0580,CS-101,5,4,3,0.75,15,229.4,41.0,2,1,81.4,0.4,0.0,1.0,0.0,5.0,0.82,0,0,0,0,0,0,0,0,0,0,0,0,0,0,0
LNR-0581,CS-101,1,4,1,0.25,5,129.2,13.0,1,1,92.2,13.1,0.0,0.0,0.0,2.5,-0.27,0,0,0,0,0,0,0,0,0,0,0,0,0,0,0
LNR-0581,CS-101,2,3,1,0.3333,3,125.5,11.0,1,3,82.2,-10.0,0.0,0.0,0.0,2.0,-0.25,0,0,0,0,0,0,0,0,0,0,0,0,0,0,0
LNR-0581,CS-101,3,3,1,0.3333,3,168.3,26.0,0,2,70.4,-11.8,1.0,0.0,0.0,2.0,-0.01,1,0,0,1,1,0,0,0,0,0,0,0,0,0,2
LNR-0581,CS-101,4,3,0,0.0,4,52.0,4.0,0,0,57.4,-13.0,1.0,0.0,1.0,1.5,-0.35,1,0,0,0,0,0,0,0,0,0,0,0,0,0,0
LNR-0581,CS-101,5,2,0,0.0,0,61.9,3.0,0,0,57.5,0.1,1.0,0.0,0.0,4.0,0.44,1,0,0,0,0,0,0,0,0,0,0,0,1,1,2
LNR-0582,CS-101,1,3,3,1.0,11,192.8,38.0,2,1,69.9,-0.3,1.0,2.0,0.0,4.5,0.42,0,0,0,0,0,0,0,1,1,0,0,0,0,0,2
LNR-0582,CS-101,2,3,3,1.0,10,259.9,38.0,2,2,66.5,-11.5,0.0,0.0,0.0,4.0,0.44,0,0,0,0,0,0,0,0,0,0,0,0,1,1,2
LNR-0582,CS-101,3,3,3,1.0,15,225.9,30.0,2,3,70.2,3.7,0.0,2.0,1.0,5.0,0.68,0,0,0,0,0,0,0,0,0,0,0,0,0,0,0
LNR-0582,CS-101,4,3,3,1.0,13,234.2,24.0,2,1,72.7,2.5,0.0,1.0,0.0,4.5,0.41,0,0,0,0,0,0,0,0,0,0,0,0,0,0,0
LNR-0582,CS-101,5,3,3,1.0,10,209.8,41.0,1,2,59.2,-13.5,1.0,2.0,0.0,4.0,0.44,0,0,0,0,0,0,0,0,0,0,0,0,1,1,2
LNR-0583,WEB-102,1,3,3,1.0,17,204.1,36.0,2,2,100.0,5.4,3.0,0.0,0.0,4.0,0.69,0,0,0,0,0,0,0,0,0,0,0,0,0,0,0
LNR-0583,WEB-102,2,3,3,1.0,11,198.6,33.0,2,2,98.3,-1.7,0.0,1.0,0.0,4.5,0.78,0,0,0,0,0,0,0,0,0,1,1,1,0,0,3
LNR-0583,WEB-102,3,3,3,1.0,7,193.6,28.0,2,2,96.9,-1.4,0.0,1.0,0.0,5.0,0.88,0,0,0,0,0,0,0,0,0,0,0,0,0,0,0
LNR-0583,WEB-102,4,3,3,1.0,6,238.9,39.0,1,1,97.4,0.5,2.0,1.0,1.0,4.0,0.44,0,0,0,0,0,0,0,0,0,0,0,0,1,1,2
LNR-0583,WEB-102,5,3,3,1.0,10,273.9,36.0,2,1,95.6,-1.8,0.0,2.0,0.0,4.0,0.54,0,0,0,0,0,0,0,0,0,0,0,0,0,0,0
LNR-0584,AI-301,1,3,3,1.0,13,220.5,28.0,1,1,89.5,8.5,0.0,2.0,0.0,4.0,0.79,0,0,0,0,0,0,0,0,0,0,0,0,0,0,0
LNR-0584,AI-301,2,2,2,1.0,8,198.9,28.0,2,1,69.9,-0.3,0.0,1.0,1.0,4.0,0.68,0,0,0,0,0,0,0,1,1,0,0,0,0,0,2
LNR-0584,AI-301,3,4,4,1.0,14,235.0,34.0,2,1,79.9,0.2,1.0,3.0,0.0,4.5,0.74,0,0,0,0,0,0,0,0,0,0,0,0,0,0,0
LNR-0584,AI-301,4,3,3,1.0,11,179.4,39.0,1,3,76.2,-3.7,0.0,0.0,0.0,4.0,0.44,0,0,0,0,0,0,0,0,0,0,0,0,1,1,2
LNR-0584,AI-301,5,3,3,1.0,7,187.9,39.0,2,1,69.9,-0.3,2.0,1.0,0.0,4.5,0.45,0,0,0,0,0,0,0,1,1,0,0,0,0,0,2
LNR-0585,WEB-102,1,3,1,0.3333,3,168.3,26.0,1,3,39.0,-22.7,0.0,0.0,0.0,2.5,-0.54,1,0,0,1,1,0,0,0,0,0,0,0,0,0,2
LNR-0585,WEB-102,2,4,2,0.5,4,115.2,13.0,1,0,55.4,16.4,0.0,1.0,0.0,4.0,0.44,0,0,0,0,0,0,0,0,0,0,0,0,1,1,2
LNR-0585,WEB-102,3,2,0,0.0,0,168.3,26.0,1,0,43.2,-12.2,0.0,0.0,0.0,1.5,-0.48,1,0,0,1,1,0,0,0,0,0,0,0,0,0,2
LNR-0585,WEB-102,4,3,1,0.3333,0,12.1,3.0,0,2,36.3,-6.9,0.0,0.0,0.0,2.5,0.09,1,0,0,0,0,0,0,0,0,0,0,0,0,0,0
LNR-0585,WEB-102,5,3,0,0.0,1,10.0,3.0,0,0,38.6,2.3,0.0,1.0,0.0,1.5,-0.01,1,0,0,0,0,0,0,0,0,1,1,1,0,0,3
LNR-0586,CS-101,1,3,3,1.0,12,168.3,26.0,2,1,70.1,2.0,1.0,1.0,1.0,4.5,0.44,0,0,0,1,1,0,0,0,0,0,0,0,0,0,2
LNR-0586,CS-101,2,4,4,1.0,7,220.5,45.0,2,1,77.9,7.8,1.0,3.0,0.0,4.0,0.44,0,0,0,0,0,0,0,0,0,0,0,0,1,1,2
LNR-0586,CS-101,3,3,3,1.0,14,147.5,21.0,2,1,85.1,7.2,2.0,1.0,0.0,4.5,0.55,0,0,0,0,0,0,0,0,0,0,0,0,0,0,0
LNR-0586,CS-101,4,3,3,1.0,14,196.7,27.0,2,1,83.9,-1.2,0.0,2.0,1.0,4.0,0.55,0,0,0,0,0,0,0,0,0,0,0,0,0,0,0
LNR-0586,CS-101,5,3,3,1.0,15,214.0,27.0,2,1,64.7,-19.2,2.0,2.0,0.0,4.0,0.44,0,0,0,0,0,0,0,0,0,0,0,0,1,1,2
LNR-0587,WEB-102,1,2,1,0.5,6,99.3,20.0,1,2,51.6,-3.5,0.0,1.0,0.0,1.5,0.09,0,0,0,0,0,0,0,0,0,0,0,0,0,0,0
LNR-0587,WEB-102,2,2,0,0.0,10,168.3,26.0,1,2,40.9,-10.7,0.0,0.0,0.0,2.5,-0.28,1,0,0,1,1,0,0,0,0,0,0,0,0,0,2
LNR-0587,WEB-102,3,3,1,0.3333,5,66.5,10.0,0,0,35.8,-5.1,0.0,0.0,0.0,2.0,-0.31,1,0,0,0,0,0,0,0,0,0,0,0,0,0,0
LNR-0587,WEB-102,4,3,1,0.3333,2,10.0,6.0,0,0,46.4,10.6,0.0,0.0,0.0,3.0,-0.38,1,0,0,0,0,0,0,0,0,0,0,0,0,0,0
LNR-0587,WEB-102,5,2,0,0.0,2,168.3,26.0,0,1,23.0,-23.4,0.0,1.0,0.0,2.5,-0.56,1,0,0,1,1,0,0,0,0,1,1,1,0,0,5
LNR-0588,AI-301,1,3,3,1.0,11,181.5,43.0,2,1,64.0,-5.0,0.0,0.0,0.0,4.5,0.46,0,0,0,0,0,0,0,0,0,0,0,0,0,0,0
LNR-0588,AI-301,2,3,3,1.0,13,200.0,40.0,1,1,70.2,6.2,0.0,1.0,0.0,5.0,0.73,0,0,0,0,0,0,0,0,0,1,1,1,0,0,3
LNR-0588,AI-301,3,3,3,1.0,13,166.4,43.0,2,3,67.0,-3.2,0.0,0.0,0.0,4.0,0.44,0,0,0,0,0,0,0,0,0,0,0,0,1,1,2
LNR-0588,AI-301,4,3,3,1.0,9,186.0,34.0,2,2,68.2,1.2,3.0,1.0,0.0,5.0,0.86,0,0,0,0,0,0,0,0,0,0,0,0,0,0,0
LNR-0588,AI-301,5,3,3,1.0,17,192.5,39.0,2,2,64.9,-3.3,0.0,0.0,0.0,4.0,0.44,0,0,0,0,0,0,0,0,0,0,0,0,1,1,2
LNR-0589,CS-101,1,3,3,1.0,9,230.7,19.0,1,1,72.6,-7.9,1.0,1.0,0.0,4.0,0.5,0,0,0,0,0,0,0,0,0,0,0,0,0,0,0
LNR-0589,CS-101,2,4,3,0.75,14,125.9,23.0,1,1,83.5,10.9,1.0,1.0,0.0,4.0,0.44,0,0,0,0,0,0,0,0,0,0,0,0,1,1,2
LNR-0589,CS-101,3,3,1,0.3333,1,14.6,4.0,0,1,31.6,-51.9,0.0,1.0,0.0,1.0,-0.73,1,0,0,0,0,0,0,0,0,1,1,1,0,0,3
LNR-0589,CS-101,4,3,0,0.0,2,5.0,3.0,0,1,34.8,3.2,0.0,0.0,0.0,4.0,0.44,1,0,0,0,0,0,0,0,0,0,0,0,1,1,2
LNR-0589,CS-101,5,3,1,0.3333,2,16.9,3.0,0,0,67.1,32.3,0.0,0.0,0.0,2.0,-0.6,1,0,0,0,0,0,0,0,0,0,0,0,0,0,0
LNR-0590,CS-101,1,3,3,1.0,11,195.7,33.0,2,1,68.0,1.4,1.0,1.0,0.0,4.0,0.73,0,0,0,0,0,0,0,0,0,0,0,0,0,0,0
LNR-0590,CS-101,2,3,3,1.0,11,200.8,27.0,2,1,64.0,-4.0,0.0,1.0,0.0,4.0,0.44,0,0,0,0,0,0,0,0,0,1,1,1,1,1,5
LNR-0590,CS-101,3,3,3,1.0,13,179.1,31.0,1,2,77.2,13.2,2.0,2.0,1.0,4.5,0.76,0,0,0,0,0,0,0,0,0,0,0,0,0,0,0
LNR-0590,CS-101,4,2,2,1.0,11,216.1,28.0,2,1,73.4,-3.8,2.0,0.0,0.0,4.5,0.61,0,0,0,0,0,0,0,0,0,0,0,0,0,0,0
LNR-0590,CS-101,5,3,3,1.0,11,209.8,22.0,2,1,70.6,-2.8,0.0,1.0,0.0,4.0,0.44,0,0,0,0,0,0,0,0,0,0,0,0,1,1,2
LNR-0591,CS-101,1,3,2,0.6667,8,109.0,32.0,2,1,87.6,2.5,0.0,2.0,0.0,3.0,0.27,0,0,0,0,0,0,0,0,0,0,0,0,0,0,0
LNR-0591,CS-101,2,3,2,0.6667,6,135.6,21.0,1,1,75.3,-12.3,0.0,1.0,0.0,4.0,0.44,0,0,0,0,0,0,0,0,0,0,0,0,1,1,2
LNR-0591,CS-101,3,4,3,0.75,6,183.6,27.0,1,1,73.1,-2.2,0.0,0.0,0.0,3.0,0.08,0,0,0,0,0,0,0,0,0,0,0,0,0,0,0
LNR-0591,CS-101,4,3,2,0.6667,7,158.0,18.0,2,2,70.1,-3.0,1.0,2.0,0.0,4.0,0.01,0,0,0,0,0,0,0,0,0,0,0,0,0,0,0
LNR-0591,CS-101,5,4,3,0.75,5,192.2,22.0,1,1,87.6,17.5,0.0,1.0,0.0,4.0,0.44,0,0,0,0,0,0,0,0,0,1,1,1,1,1,5
LNR-0592,WEB-102,1,3,3,1.0,17,207.5,41.0,2,2,76.3,9.2,2.0,2.0,1.0,4.5,0.53,0,0,0,0,0,0,0,0,0,0,0,0,0,0,0
LNR-0592,WEB-102,2,2,2,1.0,19,168.3,26.0,2,2,69.3,-7.0,1.0,1.0,2.0,5.0,0.81,0,0,0,1,1,0,0,0,0,0,0,0,0,0,2
LNR-0592,WEB-102,3,3,3,1.0,13,271.3,33.0,2,1,62.1,-7.2,0.0,2.0,0.0,4.0,0.44,0,0,0,0,0,0,0,0,0,0,0,0,1,1,2
LNR-0592,WEB-102,4,3,3,1.0,13,226.0,36.0,2,2,72.5,10.4,0.0,1.0,0.0,4.5,0.58,0,0,0,0,0,0,0,0,0,1,1,1,0,0,3
LNR-0592,WEB-102,5,4,4,1.0,11,200.1,33.0,2,3,66.4,-6.1,2.0,1.0,0.0,4.0,0.43,0,0,0,0,0,0,0,0,0,0,0,0,0,0,0
LNR-0593,AI-301,1,4,3,0.75,7,90.5,21.0,1,1,47.8,-16.4,0.0,2.0,0.0,4.0,0.44,1,0,0,0,0,0,0,0,0,0,0,0,1,1,2
LNR-0593,AI-301,2,2,2,1.0,9,144.5,31.0,0,1,63.0,15.2,1.0,1.0,0.0,3.0,0.17,0,0,0,0,0,0,0,0,0,0,0,0,0,0,0
LNR-0593,AI-301,3,4,3,0.75,7,106.1,20.0,0,2,78.2,15.2,1.0,0.0,0.0,4.0,0.31,0,0,0,0,0,0,0,0,0,0,0,0,0,0,0
LNR-0593,AI-301,4,3,2,0.6667,5,168.5,25.0,1,1,57.0,-21.2,0.0,0.0,0.0,3.5,0.28,0,0,0,0,0,0,0,0,0,0,0,0,0,0,0
LNR-0593,AI-301,5,2,1,0.5,10,132.4,21.0,1,1,62.0,5.0,0.0,1.0,0.0,3.5,0.36,0,0,0,0,0,0,0,0,0,0,0,0,0,0,0
LNR-0594,AI-301,1,4,4,1.0,11,168.7,31.0,2,2,73.3,4.4,1.0,2.0,1.0,4.5,0.69,0,0,0,0,0,0,0,0,0,0,0,0,0,0,0
LNR-0594,AI-301,2,3,3,1.0,10,144.1,24.0,2,1,82.0,8.7,0.0,0.0,1.0,5.0,0.57,0,0,0,0,0,0,0,0,0,0,0,0,0,0,0
LNR-0594,AI-301,3,3,3,1.0,10,160.0,33.0,2,1,67.5,-14.5,0.0,1.0,0.0,4.0,0.57,0,0,0,0,0,0,0,0,0,1,1,1,0,0,3
LNR-0594,AI-301,4,3,3,1.0,12,225.1,33.0,1,1,66.4,-1.1,3.0,3.0,0.0,5.0,0.54,0,0,0,0,0,0,0,0,0,0,0,0,0,0,0
LNR-0594,AI-301,5,2,2,1.0,11,198.7,33.0,2,1,67.1,0.7,0.0,2.0,1.0,5.0,0.44,0,0,0,0,0,0,0,0,0,0,0,0,0,0,0
LNR-0595,AI-301,1,3,3,1.0,14,168.3,26.0,2,2,77.4,4.2,1.0,3.0,0.0,4.0,0.59,0,0,0,1,1,0,0,0,0,0,0,0,0,0,2
LNR-0595,AI-301,2,3,3,1.0,10,165.9,41.0,2,1,74.4,-3.0,1.0,0.0,0.0,4.5,0.44,0,0,0,0,0,0,0,0,0,0,0,0,0,0,0
LNR-0595,AI-301,3,3,3,1.0,9,117.9,32.0,1,2,62.8,-11.6,0.0,1.0,1.0,4.0,0.46,0,0,0,0,0,0,0,0,0,0,0,0,0,0,0
LNR-0595,AI-301,4,4,4,1.0,11,183.0,33.0,2,1,81.6,18.8,0.0,1.0,0.0,4.5,0.44,0,0,0,0,0,0,0,0,0,1,1,1,0,0,3
LNR-0595,AI-301,5,3,3,1.0,5,281.0,33.0,2,2,78.7,-2.9,0.0,2.0,0.0,4.0,0.44,0,0,0,0,0,0,0,0,0,0,0,0,1,1,2
LNR-0596,AI-301,1,3,2,0.6667,6,116.5,20.0,1,1,57.4,-8.5,1.0,0.0,0.0,4.0,0.16,0,0,0,0,0,0,0,0,0,0,0,0,0,0,0
LNR-0596,AI-301,2,2,2,1.0,10,163.1,22.0,0,2,78.8,21.4,1.0,0.0,0.0,3.0,0.32,0,0,0,0,0,0,0,0,0,0,0,0,0,0,0
LNR-0596,AI-301,3,4,3,0.75,7,105.8,17.0,2,1,64.0,-14.8,0.0,1.0,0.0,3.0,0.39,0,0,0,0,0,0,0,0,0,1,1,1,0,0,3
LNR-0596,AI-301,4,4,3,0.75,2,138.0,22.0,1,1,75.6,11.6,0.0,0.0,0.0,4.0,0.11,0,0,0,0,0,0,0,0,0,0,0,0,0,0,0
LNR-0596,AI-301,5,3,2,0.6667,8,101.6,22.0,1,1,69.2,-6.4,2.0,0.0,1.0,4.0,0.13,0,0,0,0,0,0,0,0,0,0,0,0,0,0,0
LNR-0597,DATA-201,1,2,1,0.5,6,141.8,17.0,1,2,49.7,-5.6,0.0,1.0,1.0,3.0,0.41,1,0,0,0,0,0,0,0,0,0,0,0,0,0,0
LNR-0597,DATA-201,2,3,2,0.6667,7,103.4,19.0,1,1,50.8,1.1,0.0,0.0,0.0,4.0,0.44,1,0,0,0,0,0,0,0,0,0,0,0,1,1,2
LNR-0597,DATA-201,3,3,2,0.6667,8,98.2,15.0,2,2,55.5,4.7,0.0,1.0,0.0,4.0,0.05,0,0,0,0,0,0,0,0,0,0,0,0,0,0,0
LNR-0597,DATA-201,4,2,2,1.0,11,168.3,26.0,1,1,43.8,-11.7,1.0,0.0,1.0,4.0,0.44,0,0,0,1,1,0,0,0,0,0,0,0,1,1,4
LNR-0597,DATA-201,5,3,2,0.6667,4,173.1,27.0,1,1,62.0,18.2,0.0,1.0,0.0,3.5,0.43,0,0,0,0,0,0,0,0,0,1,1,1,0,0,3
LNR-0598,CS-101,1,2,2,1.0,8,220.2,22.0,1,1,81.6,-3.0,1.0,1.0,0.0,4.0,0.5,0,0,0,0,0,0,0,0,0,0,0,0,0,0,0
LNR-0598,CS-101,2,2,2,1.0,6,182.5,21.0,1,1,86.5,4.9,1.0,1.0,0.0,4.0,0.5,0,0,0,0,0,0,0,0,0,0,0,0,0,0,0
LNR-0598,CS-101,3,2,0,0.0,4,36.1,3.0,0,0,60.3,-26.2,0.0,0.0,0.0,1.0,-0.22,1,0,0,0,0,0,0,0,0,0,0,0,0,0,0
LNR-0598,CS-101,4,3,1,0.3333,3,34.0,3.0,0,0,67.7,7.4,0.0,0.0,0.0,2.0,-0.47,1,0,0,0,0,0,0,0,0,0,0,0,0,0,0
LNR-0598,CS-101,5,3,0,0.0,0,24.2,3.0,0,0,70.7,3.0,0.0,0.0,0.0,1.0,-0.58,1,0,0,0,0,0,0,0,0,0,0,0,0,0,0
LNR-0599,DATA-201,1,4,3,0.75,12,168.3,26.0,1,1,80.5,-10.8,2.0,1.0,0.0,4.0,0.3,0,0,0,1,1,0,0,0,0,0,0,0,0,0,2
LNR-0599,DATA-201,2,2,1,0.5,3,147.3,26.0,1,1,69.9,-0.3,0.0,1.0,0.0,3.5,0.2,0,0,0,0,0,0,0,1,1,1,1,1,0,0,5
LNR-0599,DATA-201,3,3,2,0.6667,10,136.9,24.0,1,1,95.5,8.1,2.0,0.0,0.0,4.0,0.33,0,0,0,0,0,0,0,0,0,0,0,0,0,0,0
LNR-0599,DATA-201,4,2,1,0.5,5,189.7,27.0,1,1,92.8,-2.7,0.0,1.0,0.0,3.0,0.14,0,0,0,0,0,0,0,0,0,1,1,1,0,0,3
LNR-0599,DATA-201,5,3,2,0.6667,8,110.6,21.0,1,1,85.4,-7.4,1.0,0.0,0.0,3.0,0.24,0,0,0,0,0,0,0,0,0,0,0,0,0,0,0
LNR-0600,DATA-201,1,4,2,0.5,8,119.1,9.0,1,1,91.1,7.2,1.0,0.0,0.0,4.0,0.44,0,0,0,0,0,0,0,0,0,0,0,0,1,1,2
LNR-0600,DATA-201,2,3,1,0.3333,5,78.9,10.0,0,1,74.8,-16.3,0.0,1.0,0.0,2.5,-0.45,1,0,0,0,0,0,0,0,0,0,0,0,0,0,0
LNR-0600,DATA-201,3,4,1,0.25,4,122.1,17.0,1,2,69.1,-5.7,2.0,0.0,0.0,2.5,-0.27,0,0,0,0,0,0,0,0,0,0,0,0,0,0,0
LNR-0600,DATA-201,4,4,1,0.25,3,64.1,5.0,0,0,58.5,-10.6,0.0,0.0,0.0,2.5,-0.06,1,0,0,0,0,0,0,0,0,0,0,0,0,0,0
LNR-0600,DATA-201,5,2,0,0.0,2,27.6,4.0,0,0,59.2,0.7,0.0,1.0,0.0,2.0,-0.38,1,0,0,0,0,0,0,0,0,1,1,1,0,0,3
LNR-0601,WEB-102,1,3,3,1.0,7,281.4,34.0,2,1,57.5,-5.0,1.0,1.0,1.0,5.0,0.72,0,0,0,0,0,0,0,0,0,0,0,0,0,0,0
LNR-0601,WEB-102,2,2,2,1.0,7,235.8,22.0,1,2,68.3,10.8,0.0,0.0,0.0,5.0,0.69,0,0,0,0,0,0,0,0,0,0,0,0,0,0,0
LNR-0601,WEB-102,3,3,3,1.0,16,168.3,26.0,2,1,66.6,-1.7,1.0,0.0,0.0,4.0,0.59,0,0,0,1,1,0,0,0,0,0,0,0,0,0,2
LNR-0601,WEB-102,4,4,4,1.0,10,176.4,27.0,2,2,49.2,-17.4,2.0,3.0,0.0,4.5,0.87,0,0,0,0,0,0,0,0,0,0,0,0,0,0,0
LNR-0601,WEB-102,5,3,3,1.0,11,204.0,24.0,2,2,73.1,23.9,2.0,2.0,0.0,5.0,0.64,0,0,0,0,0,0,0,0,0,0,0,0,0,0,0
LNR-0602,CS-101,1,2,1,0.5,9,138.4,17.0,2,1,78.3,0.3,0.0,1.0,0.0,3.0,0.34,0,0,0,0,0,0,0,0,0,0,0,0,0,0,0
LNR-0602,CS-101,2,3,2,0.6667,5,93.7,16.0,1,1,80.1,1.8,1.0,1.0,0.0,3.5,0.1,0,0,0,0,0,0,0,0,0,0,0,0,0,0,0
LNR-0602,CS-101,3,2,2,1.0,10,114.6,21.0,2,1,58.6,-21.5,0.0,0.0,0.0,3.5,0.47,0,0,0,0,0,0,0,0,0,0,0,0,0,0,0
LNR-0602,CS-101,4,4,3,0.75,5,160.5,22.0,1,1,87.9,29.3,0.0,2.0,0.0,3.0,0.1,0,0,0,0,0,0,0,0,0,0,0,0,0,0,0
LNR-0602,CS-101,5,3,2,0.6667,10,163.5,21.0,1,2,86.9,-1.0,0.0,1.0,0.0,4.0,0.44,0,0,0,0,0,0,0,0,0,0,0,0,1,1,2
LNR-0603,CS-101,1,2,1,0.5,7,152.4,13.0,1,0,54.9,0.0,1.0,0.0,0.0,2.0,-0.31,0,0,0,0,0,0,0,0,0,0,0,0,0,0,0
LNR-0603,CS-101,2,4,2,0.5,5,105.3,13.0,1,1,31.2,-23.7,0.0,0.0,0.0,4.0,0.44,1,0,0,0,0,0,0,0,0,0,0,0,1,1,2
LNR-0603,CS-101,3,3,1,0.3333,1,50.9,3.0,1,2,42.2,11.0,2.0,0.0,0.0,2.0,-0.18,1,0,0,0,0,0,0,0,0,0,0,0,0,0,0
LNR-0603,CS-101,4,3,1,0.3333,2,61.0,1.0,0,1,48.0,5.8,1.0,0.0,0.0,4.0,0.44,1,0,0,0,0,0,0,0,0,0,0,0,1,1,2
LNR-0603,CS-101,5,2,0,0.0,3,39.1,1.0,0,1,31.0,-17.0,0.0,0.0,0.0,2.0,-0.48,1,0,0,0,0,0,0,0,0,0,0,0,0,0,0
LNR-0604,WEB-102,1,2,2,1.0,11,260.6,25.0,2,2,91.7,-6.3,1.0,1.0,0.0,4.0,0.44,0,0,0,0,0,0,0,0,0,0,0,0,1,1,2
LNR-0604,WEB-102,2,3,3,1.0,7,181.7,28.0,2,1,88.4,-3.3,0.0,1.0,0.0,4.5,0.69,0,0,0,0,0,0,0,0,0,0,0,0,0,0,0
LNR-0604,WEB-102,3,4,4,1.0,13,287.5,26.0,2,1,100.0,11.6,0.0,3.0,1.0,4.0,0.44,0,0,0,0,0,0,0,0,0,0,0,0,0,0,0
LNR-0604,WEB-102,4,2,2,1.0,14,204.9,36.0,1,1,100.0,0.0,0.0,3.0,0.0,5.0,0.51,0,0,0,0,0,0,0,0,0,0,0,0,0,0,0
LNR-0604,WEB-102,5,3,3,1.0,10,194.2,33.0,2,2,99.4,-0.6,1.0,1.0,0.0,4.0,0.44,0,0,0,0,0,0,0,0,0,0,0,0,1,1,2
LNR-0605,AI-301,1,3,3,1.0,8,200.9,39.0,2,2,84.7,7.1,0.0,0.0,0.0,4.5,0.78,0,0,0,0,0,0,0,0,0,0,0,0,0,0,0
LNR-0605,AI-301,2,3,3,1.0,10,173.3,30.0,2,1,69.9,-0.3,0.0,0.0,0.0,4.5,0.68,0,0,0,0,0,0,0,1,1,0,0,0,0,0,2
LNR-0605,AI-301,3,3,3,1.0,15,243.8,41.0,1,1,87.6,6.4,1.0,1.0,0.0,5.0,0.64,0,0,0,0,0,0,0,0,0,0,0,0,0,0,0
LNR-0605,AI-301,4,4,4,1.0,15,193.9,30.0,2,2,84.1,-3.5,1.0,1.0,0.0,4.5,0.46,0,0,0,0,0,0,0,0,0,0,0,0,0,0,0
LNR-0605,AI-301,5,4,4,1.0,12,198.1,29.0,2,1,84.0,-0.1,0.0,0.0,0.0,4.0,0.43,0,0,0,0,0,0,0,0,0,0,0,0,0,0,0
LNR-0606,AI-301,1,2,2,1.0,5,286.9,37.0,2,2,86.5,2.7,1.0,1.0,0.0,5.0,0.79,0,0,0,0,0,0,0,0,0,0,0,0,0,0,0
LNR-0606,AI-301,2,3,3,1.0,10,225.5,27.0,1,2,86.9,0.4,0.0,1.0,0.0,4.0,0.4,0,0,0,0,0,0,0,0,0,0,0,0,0,0,0
LNR-0606,AI-301,3,3,3,1.0,11,305.7,33.0,2,2,91.0,4.1,0.0,0.0,1.0,5.0,0.81,0,0,0,0,0,0,0,0,0,0,0,0,0,0,0
LNR-0606,AI-301,4,3,3,1.0,10,204.6,29.0,1,2,89.0,-2.0,1.0,2.0,1.0,4.5,0.62,0,0,0,0,0,0,0,0,0,0,0,0,0,0,0
LNR-0606,AI-301,5,2,2,1.0,14,254.0,38.0,2,1,83.6,-5.4,0.0,0.0,1.0,4.5,0.72,0,0,0,0,0,0,0,0,0,0,0,0,0,0,0
LNR-0607,DATA-201,1,3,3,1.0,16,185.4,37.0,1,1,50.4,5.6,1.0,0.0,0.0,5.0,0.48,0,0,0,0,0,0,0,0,0,0,0,0,0,0,0
LNR-0607,DATA-201,2,3,3,1.0,7,168.3,26.0,2,1,69.9,-0.3,1.0,3.0,0.0,4.5,0.6,0,0,0,1,1,0,0,1,1,0,0,0,0,0,4
LNR-0607,DATA-201,3,2,2,1.0,7,227.9,23.0,2,2,69.9,-0.3,0.0,2.0,0.0,4.0,0.5,0,0,0,0,0,0,0,1,1,0,0,0,0,0,2
LNR-0607,DATA-201,4,3,3,1.0,8,218.4,33.0,2,1,38.0,-17.0,0.0,2.0,0.0,4.0,0.44,0,0,0,0,0,0,0,0,0,0,0,0,1,1,2
LNR-0607,DATA-201,5,2,2,1.0,7,211.0,26.0,2,1,50.8,12.8,2.0,2.0,0.0,5.0,0.52,0,0,0,0,0,0,0,0,0,0,0,0,0,0,0
LNR-0608,DATA-201,1,3,3,1.0,16,247.7,33.0,2,2,73.6,-4.4,2.0,3.0,0.0,5.0,0.69,0,0,0,0,0,0,0,0,0,0,0,0,0,0,0
LNR-0608,DATA-201,2,4,4,1.0,8,168.3,26.0,2,1,81.6,8.0,1.0,1.0,0.0,4.0,0.44,0,0,0,1,1,0,0,0,0,0,0,0,1,1,4
LNR-0608,DATA-201,3,3,3,1.0,11,193.0,36.0,2,1,72.9,-8.7,0.0,2.0,0.0,5.0,0.41,0,0,0,0,0,0,0,0,0,0,0,0,0,0,0
LNR-0608,DATA-201,4,3,3,1.0,7,168.3,26.0,2,1,87.0,14.1,0.0,1.0,0.0,4.0,0.44,0,0,0,1,1,0,0,0,0,0,0,0,1,1,4
LNR-0608,DATA-201,5,4,3,0.75,14,256.9,30.0,2,1,96.9,9.9,0.0,1.0,0.0,5.0,0.46,0,0,0,0,0,0,0,0,0,1,1,1,0,0,3
LNR-0609,AI-301,1,3,3,1.0,11,207.1,33.0,2,3,74.9,1.1,0.0,1.0,0.0,4.0,0.44,0,0,0,0,0,0,0,0,0,1,1,1,1,1,5
LNR-0609,AI-301,2,3,3,1.0,9,266.1,43.0,2,1,73.0,-1.9,1.0,0.0,0.0,4.0,0.44,0,0,0,0,0,0,0,0,0,0,0,0,1,1,2
LNR-0609,AI-301,3,3,3,1.0,12,217.6,28.0,1,1,73.4,0.4,0.0,1.0,0.0,5.0,0.49,0,0,0,0,0,0,0,0,0,1,1,1,0,0,3
LNR-0609,AI-301,4,3,3,1.0,10,179.1,30.0,2,1,72.4,-1.0,0.0,2.0,0.0,5.0,0.6,0,0,0,0,0,0,0,0,0,0,0,0,0,0,0
LNR-0609,AI-301,5,3,3,1.0,12,170.3,32.0,2,1,71.5,-0.9,2.0,1.0,0.0,5.0,0.56,0,0,0,0,0,0,0,0,0,0,0,0,0,0,0
LNR-0610,AI-301,1,2,2,1.0,9,146.3,30.0,2,1,71.8,0.4,0.0,1.0,0.0,4.0,0.44,0,0,0,0,0,0,0,0,0,0,0,0,1,1,2
LNR-0610,AI-301,2,3,2,0.6667,8,135.6,19.0,1,2,75.9,4.1,0.0,1.0,0.0,3.0,0.06,0,0,0,0,0,0,0,0,0,1,1,1,0,0,3
LNR-0610,AI-301,3,3,2,0.6667,5,165.4,23.0,1,2,61.3,-14.6,1.0,0.0,0.0,3.5,0.28,0,0,0,0,0,0,0,0,0,0,0,0,0,0,0
LNR-0610,AI-301,4,2,2,1.0,5,65.8,23.0,2,1,79.4,18.1,1.0,1.0,0.0,4.0,0.13,0,0,0,0,0,0,0,0,0,0,0,0,0,0,0
LNR-0610,AI-301,5,2,1,0.5,5,100.4,15.0,1,1,74.5,-4.9,0.0,2.0,2.0,3.5,0.18,0,0,0,0,0,0,0,0,0,0,0,0,0,0,0
LNR-0611,DATA-201,1,3,3,1.0,14,205.6,30.0,2,1,62.2,-6.7,0.0,1.0,0.0,4.0,0.88,0,0,0,0,0,0,0,0,0,0,0,0,0,0,0
LNR-0611,DATA-201,2,3,3,1.0,11,230.9,24.0,2,1,68.8,6.6,3.0,1.0,1.0,4.5,0.84,0,0,0,0,0,0,0,0,0,0,0,0,0,0,0
LNR-0611,DATA-201,3,3,3,1.0,15,235.7,28.0,2,1,62.2,-6.6,2.0,1.0,0.0,5.0,0.62,0,0,0,0,0,0,0,0,0,0,0,0,0,0,0
LNR-0611,DATA-201,4,4,4,1.0,14,252.4,28.0,2,1,75.6,13.4,2.0,0.0,1.0,4.0,0.44,0,0,0,0,0,0,0,0,0,0,0,0,1,1,2
LNR-0611,DATA-201,5,3,3,1.0,15,214.5,23.0,2,1,66.4,-9.2,3.0,0.0,1.0,4.0,0.44,0,0,0,0,0,0,0,0,0,0,0,0,1,1,2
LNR-0612,CS-101,1,3,3,1.0,13,270.6,36.0,2,1,80.7,1.1,1.0,1.0,0.0,4.5,0.5,0,0,0,0,0,0,0,0,0,0,0,0,0,0,0
LNR-0612,CS-101,2,3,3,1.0,13,253.8,36.0,2,3,69.9,-0.3,0.0,2.0,0.0,4.0,0.79,0,0,0,0,0,0,0,1,1,0,0,0,0,0,2
LNR-0612,CS-101,3,2,2,1.0,16,152.8,30.0,2,1,81.6,-0.4,3.0,1.0,0.0,4.0,0.82,0,0,0,0,0,0,0,0,0,0,0,0,0,0,0
LNR-0612,CS-101,4,3,3,1.0,9,260.4,32.0,2,2,88.4,6.8,1.0,1.0,0.0,5.0,0.79,0,0,0,0,0,0,0,0,0,0,0,0,0,0,0
LNR-0612,CS-101,5,4,4,1.0,9,237.9,33.0,2,1,79.9,-8.5,0.0,0.0,1.0,4.5,0.52,0,0,0,0,0,0,0,0,0,0,0,0,0,0,0
LNR-0613,DATA-201,1,2,2,1.0,8,268.6,37.0,1,3,51.6,-2.5,0.0,0.0,1.0,4.5,0.45,0,0,0,0,0,0,0,0,0,0,0,0,0,0,0
LNR-0613,DATA-201,2,2,2,1.0,14,194.8,34.0,2,2,63.1,11.5,1.0,0.0,1.0,4.0,0.44,0,0,0,0,0,0,0,0,0,0,0,0,1,1,2
LNR-0613,DATA-201,3,3,3,1.0,10,164.1,38.0,1,1,48.8,-14.3,1.0,3.0,0.0,5.0,0.67,0,0,0,0,0,0,0,0,0,0,0,0,0,0,0
LNR-0613,DATA-201,4,3,3,1.0,14,266.1,46.0,1,1,55.8,7.0,2.0,0.0,2.0,4.0,0.68,0,0,0,0,0,0,0,0,0,0,0,0,0,0,0
LNR-0613,DATA-201,5,3,3,1.0,9,246.8,35.0,1,2,50.4,-5.4,0.0,2.0,1.0,4.5,0.49,0,0,0,0,0,0,0,0,0,0,0,0,0,0,0
LNR-0614,CS-101,1,4,3,0.75,7,199.7,22.0,1,1,94.1,9.2,1.0,1.0,0.0,4.0,0.5,0,0,0,0,0,0,0,0,0,0,0,0,0,0,0
LNR-0614,CS-101,2,3,2,0.6667,10,189.2,19.0,1,1,88.3,-5.8,0.0,1.0,0.0,4.0,0.5,0,0,0,0,0,0,0,0,0,1,1,1,0,0,3
LNR-0614,CS-101,3,3,0,0.0,0,19.5,2.0,0,0,71.8,-16.5,0.0,0.0,0.0,1.0,-0.62,1,0,0,0,0,0,0,0,0,0,0,0,0,0,0
LNR-0614,CS-101,4,3,1,0.3333,1,168.3,26.0,0,0,44.2,-27.6,0.0,0.0,0.0,1.0,-0.39,1,0,0,1,1,0,0,0,0,0,0,0,0,0,2
LNR-0614,CS-101,5,3,0,0.0,3,16.5,2.0,0,0,75.5,31.3,0.0,0.0,0.0,4.0,0.44,1,0,0,0,0,0,0,0,0,0,0,0,1,1,2
LNR-0615,DATA-201,1,3,2,0.6667,11,117.8,25.0,0,1,62.4,-8.6,0.0,0.0,0.0,4.0,0.44,1,0,0,0,0,0,0,0,0,0,0,0,1,1,2
LNR-0615,DATA-201,2,3,2,0.6667,9,66.3,19.0,2,1,72.4,10.0,2.0,0.0,0.0,3.0,0.33,0,0,0,0,0,0,0,0,0,0,0,0,0,0,0
LNR-0615,DATA-201,3,4,3,0.75,7,184.3,22.0,1,2,73.4,1.0,0.0,1.0,0.0,4.0,0.44,0,0,0,0,0,0,0,0,0,1,1,1,1,1,5
LNR-0615,DATA-201,4,4,3,0.75,6,188.9,30.0,1,1,87.6,14.2,0.0,1.0,0.0,4.0,0.44,0,0,0,0,0,0,0,0,0,0,0,0,1,1,2
LNR-0615,DATA-201,5,3,2,0.6667,7,159.6,17.0,2,2,73.4,-14.2,0.0,0.0,1.0,4.0,0.28,0,0,0,0,0,0,0,0,0,0,0,0,0,0,0
LNR-0616,DATA-201,1,2,2,1.0,7,172.5,34.0,2,2,74.4,-3.8,0.0,0.0,1.0,5.0,0.79,0,0,0,0,0,0,0,0,0,0,0,0,0,0,0
LNR-0616,DATA-201,2,3,3,1.0,12,159.2,41.0,2,1,69.9,-0.3,2.0,1.0,0.0,5.0,0.66,0,0,0,0,0,0,0,1,1,0,0,0,0,0,2
LNR-0616,DATA-201,3,3,3,1.0,13,168.3,26.0,2,1,69.9,-0.3,0.0,1.0,0.0,4.0,0.44,0,0,0,1,1,0,0,1,1,1,1,1,1,1,9
LNR-0616,DATA-201,4,3,3,1.0,12,245.1,39.0,1,1,83.2,6.6,0.0,0.0,2.0,4.0,0.47,0,0,0,0,0,0,0,0,0,0,0,0,0,0,0
LNR-0616,DATA-201,5,2,2,1.0,10,185.6,27.0,1,2,79.6,-3.6,1.0,0.0,0.0,4.5,0.83,0,0,0,0,0,0,0,0,0,0,0,0,0,0,0
LNR-0617,DATA-201,1,2,2,1.0,12,229.3,38.0,2,1,61.6,4.3,1.0,1.0,1.0,4.5,0.81,0,0,0,0,0,0,0,0,0,0,0,0,0,0,0
LNR-0617,DATA-201,2,3,3,1.0,10,203.2,32.0,1,1,61.8,0.2,3.0,0.0,0.0,5.0,0.56,0,0,0,0,0,0,0,0,0,0,0,0,0,0,0
LNR-0617,DATA-201,3,3,3,1.0,10,219.8,36.0,2,1,53.4,-8.4,1.0,1.0,1.0,4.0,0.85,0,0,0,0,0,0,0,0,0,0,0,0,0,0,0
LNR-0617,DATA-201,4,2,2,1.0,9,182.4,39.0,2,1,59.3,5.9,2.0,0.0,0.0,5.0,0.48,0,0,0,0,0,0,0,0,0,0,0,0,0,0,0
LNR-0617,DATA-201,5,2,2,1.0,11,165.6,28.0,2,2,54.9,-4.4,1.0,1.0,2.0,4.0,0.44,0,0,0,0,0,0,0,0,0,0,0,0,1,1,2
LNR-0618,CS-101,1,3,1,0.3333,6,155.0,21.0,0,1,64.3,-5.8,1.0,1.0,1.0,2.0,0.07,0,0,0,0,0,0,0,0,0,0,0,0,0,0,0
LNR-0618,CS-101,2,3,1,0.3333,4,65.2,13.0,0,0,65.0,0.7,0.0,0.0,0.0,4.0,0.44,0,0,0,0,0,0,0,0,0,0,0,0,1,1,2
LNR-0618,CS-101,3,3,1,0.3333,0,75.3,14.0,0,2,45.8,-19.2,0.0,0.0,0.0,1.5,0.1,1,0,0,0,0,0,0,0,0,0,0,0,0,0,0
LNR-0618,CS-101,4,2,0,0.0,2,58.7,10.0,0,1,29.1,-16.7,0.0,0.0,0.0,2.0,-0.22,1,0,0,0,0,0,0,0,0,0,0,0,0,0,0
LNR-0618,CS-101,5,3,0,0.0,1,59.4,7.0,0,0,37.2,8.1,0.0,1.0,0.0,1.5,0.1,1,0,0,0,0,0,0,0,0,1,1,1,0,0,3
LNR-0619,CS-101,1,3,1,1.0,5,149.8,20.0,1,3,72.2,6.7,0.0,1.0,0.0,1.5,-0.42,1,1,0,0,0,0,0,0,0,0,0,0,0,0,1
LNR-0619,CS-101,2,2,1,0.5,4,168.3,26.0,0,1,51.9,-20.3,1.0,1.0,0.0,2.0,-0.05,1,0,0,1,1,0,0,0,0,0,0,0,0,0,2
LNR-0619,CS-101,3,3,1,0.3333,1,72.8,5.0,1,0,61.3,9.4,1.0,1.0,0.0,4.0,0.44,1,0,0,0,0,0,0,0,0,0,0,0,1,1,2
LNR-0619,CS-101,4,3,1,0.3333,2,46.2,10.0,0,0,49.7,-11.6,0.0,0.0,0.0,2.0,-0.25,1,0,0,0,0,0,0,0,0,0,0,0,0,0,0
LNR-0619,CS-101,5,3,0,0.0,0,28.4,8.0,0,0,43.6,-6.1,0.0,0.0,0.0,2.0,-0.2,1,0,0,0,0,0,0,0,0,0,0,0,0,0,0
LNR-0620,DATA-201,1,3,3,1.0,13,349.8,43.0,2,1,67.9,6.8,2.0,2.0,0.0,5.0,0.71,0,0,0,0,0,0,0,0,0,0,0,0,0,0,0
LNR-0620,DATA-201,2,3,3,1.0,7,274.4,38.0,2,1,67.1,-0.8,0.0,2.0,0.0,5.0,0.62,0,0,0,0,0,0,0,0,0,0,0,0,0,0,0
LNR-0620,DATA-201,3,3,3,1.0,12,221.0,38.0,1,1,71.8,4.7,2.0,0.0,1.0,4.0,0.61,0,1,0,0,0,0,0,0,0,0,0,0,0,0,1
LNR-0620,DATA-201,4,2,2,1.0,5,197.6,35.0,2,2,63.0,-8.8,1.0,2.0,1.0,4.5,0.77,0,0,0,0,0,0,0,0,0,0,0,0,0,0,0
LNR-0620,DATA-201,5,2,2,1.0,12,151.0,32.0,2,2,67.9,4.9,0.0,1.0,0.0,5.0,0.56,0,1,0,0,0,0,0,0,0,0,0,0,0,0,1
LNR-0621,WEB-102,1,2,2,1.0,9,248.3,30.0,2,2,89.9,5.3,1.0,2.0,0.0,4.0,0.44,0,0,0,0,0,0,0,0,0,0,0,0,1,1,2
LNR-0621,WEB-102,2,3,3,1.0,18,242.0,32.0,2,1,83.5,-6.4,1.0,1.0,0.0,4.0,0.44,0,0,0,0,0,0,0,0,0,0,0,0,1,1,2
LNR-0621,WEB-102,3,3,3,1.0,11,188.2,37.0,2,1,85.2,1.7,2.0,1.0,1.0,4.0,0.54,0,1,0,0,0,0,0,0,0,0,0,0,0,0,1
LNR-0621,WEB-102,4,3,3,1.0,13,194.8,29.0,1,1,94.4,9.2,0.0,1.0,0.0,4.5,0.77,0,0,0,0,0,0,0,0,0,0,0,0,0,0,0
LNR-0621,WEB-102,5,2,2,1.0,13,225.3,36.0,2,1,91.0,-3.4,2.0,0.0,2.0,4.5,0.72,0,0,0,0,0,0,0,0,0,0,0,0,0,0,0
LNR-0622,CS-101,1,4,4,1.0,14,163.2,38.0,2,3,86.5,2.5,1.0,2.0,0.0,4.5,0.58,0,0,0,0,0,0,0,0,0,0,0,0,0,0,0
LNR-0622,CS-101,2,3,3,1.0,11,217.7,30.0,2,2,89.7,3.2,0.0,0.0,0.0,4.0,0.44,0,0,0,0,0,0,0,0,0,0,0,0,1,1,2
LNR-0622,CS-101,3,3,3,1.0,13,131.3,40.0,2,1,83.1,-6.6,0.0,1.0,0.0,5.0,0.6,0,0,0,0,0,0,0,0,0,1,1,1,0,0,3
LNR-0622,CS-101,4,2,2,1.0,13,181.1,32.0,1,1,86.9,3.8,0.0,1.0,1.0,5.0,0.86,0,0,0,0,0,0,0,0,0,0,0,0,0,0,0
LNR-0622,CS-101,5,3,3,1.0,9,172.4,29.0,2,3,68.6,-18.3,0.0,1.0,1.0,5.0,0.79,0,0,0,0,0,0,0,0,0,0,0,0,0,0,0
LNR-0623,CS-101,1,3,3,1.0,9,201.1,24.0,2,3,69.9,-0.3,1.0,1.0,0.0,4.0,0.44,0,0,0,0,0,0,0,1,1,0,0,0,1,1,4
LNR-0623,CS-101,2,3,3,1.0,7,194.9,25.0,1,1,78.3,9.6,0.0,1.0,0.0,5.0,0.52,0,0,0,0,0,0,0,0,0,0,0,0,0,0,0
LNR-0623,CS-101,3,3,3,1.0,10,204.7,30.0,2,3,70.8,-7.5,1.0,2.0,1.0,4.0,0.49,0,0,0,0,0,0,0,0,0,0,0,0,0,0,0
LNR-0623,CS-101,4,3,3,1.0,11,194.5,29.0,2,1,73.7,2.9,0.0,1.0,0.0,5.0,0.86,0,0,0,0,0,0,0,0,0,1,1,1,0,0,3
LNR-0623,CS-101,5,3,3,1.0,8,191.4,34.0,2,2,82.8,9.1,0.0,1.0,0.0,4.0,0.44,0,0,0,0,0,0,0,0,0,1,1,1,1,1,5
LNR-0624,DATA-201,1,2,1,0.5,9,164.0,8.0,1,0,67.8,4.8,0.0,1.0,0.0,1.5,0.08,0,0,0,0,0,0,0,0,0,0,0,0,0,0,0
LNR-0624,DATA-201,2,4,1,0.25,4,107.5,12.0,1,1,54.3,-13.5,0.0,0.0,0.0,2.0,0.09,1,0,0,0,0,0,0,0,0,0,0,0,0,0,0
LNR-0624,DATA-201,3,4,1,0.25,4,112.0,12.0,0,0,50.0,-4.3,0.0,1.0,0.0,4.0,0.44,1,0,0,0,0,0,0,0,0,1,1,1,1,1,5
LNR-0624,DATA-201,4,3,1,0.3333,3,67.4,11.0,1,0,39.8,-10.2,1.0,0.0,0.0,3.0,-0.41,1,0,0,0,0,0,0,0,0,0,0,0,0,0,0
LNR-0624,DATA-201,5,3,0,1.0,1,28.0,2.0,0,1,69.9,-0.3,1.0,1.0,0.0,2.0,-0.21,1,1,0,0,0,0,0,1,1,0,0,0,0,0,3
LNR-0625,DATA-201,1,3,3,1.0,9,167.4,36.0,2,1,63.0,-3.2,2.0,3.0,0.0,5.0,0.5,0,0,0,0,0,0,0,0,0,0,0,0,0,0,0
LNR-0625,DATA-201,2,4,4,1.0,14,183.5,29.0,1,3,71.2,8.2,0.0,1.0,0.0,5.0,0.82,0,0,0,0,0,0,0,0,0,1,1,1,0,0,3
LNR-0625,DATA-201,3,3,3,1.0,7,224.3,35.0,2,1,66.0,-5.2,1.0,2.0,0.0,4.5,0.89,0,0,0,0,0,0,0,0,0,0,0,0,0,0,0
LNR-0625,DATA-201,4,3,3,1.0,19,195.5,26.0,2,1,62.4,-3.6,5.0,0.0,0.0,5.0,0.6,0,0,0,0,0,0,0,0,0,0,0,0,0,0,0
LNR-0625,DATA-201,5,2,2,1.0,9,197.7,38.0,2,1,78.9,16.5,0.0,2.0,0.0,4.5,0.81,0,0,0,0,0,0,0,0,0,0,0,0,0,0,0
LNR-0626,WEB-102,1,4,4,1.0,8,200.7,26.0,1,1,60.6,4.0,0.0,4.0,1.0,5.0,0.82,0,0,0,0,0,0,0,0,0,0,0,0,0,0,0
LNR-0626,WEB-102,2,4,4,1.0,13,231.0,34.0,2,1,57.6,-3.0,0.0,3.0,0.0,4.5,0.46,0,0,0,0,0,0,0,0,0,0,0,0,0,0,0
LNR-0626,WEB-102,3,2,2,1.0,12,223.0,29.0,2,1,62.6,5.0,0.0,3.0,2.0,5.0,0.73,0,0,0,0,0,0,0,0,0,0,0,0,0,0,0
LNR-0626,WEB-102,4,3,3,1.0,10,242.1,34.0,1,1,52.0,-10.6,0.0,2.0,0.0,4.0,0.44,0,0,0,0,0,0,0,0,0,0,0,0,1,1,2
LNR-0626,WEB-102,5,3,3,1.0,9,230.6,42.0,1,2,45.2,-6.8,0.0,1.0,0.0,4.5,0.62,0,0,0,0,0,0,0,0,0,0,0,0,0,0,0
LNR-0627,CS-101,1,3,1,0.3333,4,128.6,10.0,1,3,72.7,-4.7,0.0,1.0,0.0,1.5,0.0,0,0,0,0,0,0,0,0,0,0,0,0,0,0,0
LNR-0627,CS-101,2,3,1,0.3333,1,117.6,8.0,1,1,69.1,-3.6,0.0,1.0,0.0,2.0,-0.45,1,0,0,0,0,0,0,0,0,0,0,0,0,0,0
LNR-0627,CS-101,3,3,0,0.0,5,68.2,10.0,0,0,50.6,-18.5,0.0,1.0,0.0,4.0,0.44,1,0,0,0,0,0,0,0,0,1,1,1,1,1,5
LNR-0627,CS-101,4,3,0,0.0,2,168.3,26.0,1,3,52.5,1.9,1.0,0.0,0.0,2.0,-0.58,1,0,0,1,1,0,0,0,0,0,0,0,0,0,2
LNR-0627,CS-101,5,3,0,0.0,2,168.3,26.0,0,1,53.6,1.1,0.0,0.0,0.0,2.0,-0.25,1,0,0,1,1,0,0,0,0,0,0,0,0,0,2
LNR-0628,CS-101,1,2,2,1.0,10,97.0,18.0,2,1,46.5,-12.2,0.0,0.0,0.0,3.5,0.04,0,0,0,0,0,0,0,0,0,0,0,0,0,0,0
LNR-0628,CS-101,2,4,3,0.75,10,106.5,25.0,1,1,56.2,9.7,0.0,3.0,0.0,3.5,0.34,0,0,0,0,0,0,0,0,0,0,0,0,0,0,0
LNR-0628,CS-101,3,2,1,0.5,10,109.1,14.0,2,1,66.0,9.8,0.0,1.0,0.0,3.5,0.21,0,0,0,0,0,0,0,0,0,1,1,1,0,0,3
LNR-0628,CS-101,4,3,2,0.6667,10,169.4,22.0,1,1,55.0,-11.0,0.0,1.0,0.0,4.0,0.44,0,0,0,0,0,0,0,0,0,1,1,1,1,1,5
LNR-0628,CS-101,5,4,3,0.75,10,103.7,17.0,1,1,64.1,9.1,0.0,1.0,0.0,3.0,0.35,0,0,0,0,0,0,0,0,0,0,0,0,0,0,0
LNR-0629,AI-301,1,3,2,0.6667,3,131.4,17.0,1,1,69.9,-0.3,0.0,1.0,0.0,4.0,0.42,0,0,0,0,0,0,0,1,1,1,1,1,0,0,5
LNR-0629,AI-301,2,3,2,0.6667,9,150.5,18.0,2,1,73.5,4.2,0.0,1.0,0.0,3.5,0.14,0,0,0,0,0,0,0,0,0,1,1,1,0,0,3
LNR-0629,AI-301,3,2,1,0.5,6,167.2,25.0,2,1,76.1,2.6,1.0,2.0,0.0,3.5,0.28,0,0,0,0,0,0,0,0,0,0,0,0,0,0,0
LNR-0629,AI-301,4,4,3,0.75,6,182.7,29.0,1,1,69.9,-0.3,1.0,1.0,0.0,4.0,0.44,0,0,0,0,0,0,0,1,1,0,0,0,1,1,4
LNR-0629,AI-301,5,2,1,1.0,5,119.3,18.0,2,1,59.2,-27.1,1.0,0.0,0.0,3.0,0.22,0,1,0,0,0,0,0,0,0,0,0,0,0,0,1
LNR-0630,AI-301,1,3,3,1.0,6,254.6,20.0,1,1,76.9,3.5,1.0,1.0,0.0,4.0,0.44,0,0,0,0,0,0,0,0,0,0,0,0,1,1,2
LNR-0630,AI-301,2,3,2,0.6667,9,160.5,27.0,1,1,69.9,-0.3,1.0,1.0,0.0,4.0,0.5,0,0,0,0,0,0,0,1,1,0,0,0,0,0,2
LNR-0630,AI-301,3,3,1,0.3333,0,9.1,3.0,0,0,52.0,-25.6,0.0,0.0,0.0,4.0,0.44,1,0,0,0,0,0,0,0,0,0,0,0,1,1,2
LNR-0630,AI-301,4,3,1,0.3333,0,40.2,4.0,0,1,37.7,-14.3,0.0,0.0,0.0,4.0,0.44,1,0,0,0,0,0,0,0,0,0,0,0,1,1,2
LNR-0630,AI-301,5,3,0,0.0,3,42.2,3.0,0,0,31.2,-6.5,0.0,0.0,0.0,1.0,-0.3,1,0,0,0,0,0,0,0,0,0,0,0,0,0,0
LNR-0631,DATA-201,1,3,3,1.0,13,205.3,36.0,2,3,93.2,6.9,0.0,1.0,0.0,4.5,0.8,0,0,0,0,0,0,0,0,0,0,0,0,0,0,0
LNR-0631,DATA-201,2,3,3,1.0,6,246.4,35.0,1,1,98.7,5.5,1.0,0.0,0.0,4.0,0.72,0,0,0,0,0,0,0,0,0,0,0,0,0,0,0
LNR-0631,DATA-201,3,3,3,1.0,13,227.9,37.0,1,1,88.1,-10.6,0.0,2.0,1.0,5.0,0.51,0,1,0,0,0,0,0,0,0,0,0,0,0,0,1
LNR-0631,DATA-201,4,2,2,1.0,13,247.6,27.0,2,1,69.9,-0.3,0.0,2.0,0.0,4.0,0.88,0,0,0,0,0,0,0,1,1,0,0,0,0,0,2
LNR-0631,DATA-201,5,4,4,1.0,12,201.7,42.0,2,2,78.6,0.0,0.0,3.0,0.0,5.0,0.78,0,0,0,0,0,0,0,0,0,0,0,0,0,0,0
LNR-0632,WEB-102,1,3,3,1.0,15,187.7,38.0,2,1,76.8,7.1,0.0,1.0,0.0,4.5,0.65,0,1,0,0,0,0,0,0,0,0,0,0,0,0,1
LNR-0632,WEB-102,2,3,3,1.0,10,213.7,30.0,2,1,85.1,8.3,0.0,0.0,0.0,4.0,0.44,0,0,0,0,0,0,0,0,0,0,0,0,1,1,2
LNR-0632,WEB-102,3,4,4,1.0,9,190.3,20.0,2,2,73.6,-11.5,0.0,1.0,0.0,4.0,0.88,0,0,0,0,0,0,0,0,0,1,1,1,0,0,3
LNR-0632,WEB-102,4,3,3,1.0,10,193.9,28.0,2,1,71.0,-2.6,2.0,1.0,0.0,5.0,0.57,0,0,0,0,0,0,0,0,0,0,0,0,0,0,0
LNR-0632,WEB-102,5,3,3,1.0,10,168.3,26.0,2,1,75.1,4.1,1.0,4.0,0.0,4.0,0.48,0,0,0,1,1,0,0,0,0,0,0,0,0,0,2
LNR-0633,CS-101,1,3,3,1.0,10,192.2,36.0,1,1,72.8,7.4,1.0,1.0,0.0,4.0,0.5,0,0,0,0,0,0,0,0,0,0,0,0,0,0,0
LNR-0633,CS-101,2,3,3,1.0,6,191.8,25.0,1,1,62.6,-10.2,1.0,1.0,0.0,4.0,0.5,0,1,0,0,0,0,0,0,0,0,0,0,0,0,1
LNR-0633,CS-101,3,3,0,0.0,2,42.5,2.0,0,1,69.9,-0.3,0.0,0.0,0.0,2.0,-0.7,1,0,0,0,0,0,0,1,1,0,0,0,0,0,2
LNR-0633,CS-101,4,2,0,1.0,1,15.4,1.0,0,0,45.2,6.4,0.0,0.0,0.0,1.0,-0.36,1,1,0,0,0,0,0,0,0,0,0,0,0,0,1
LNR-0633,CS-101,5,3,1,0.3333,2,18.5,4.0,0,1,12.2,-33.0,0.0,0.0,0.0,1.0,-0.32,1,0,0,0,0,0,0,0,0,0,0,0,0,0,0
LNR-0634,WEB-102,1,3,1,0.3333,4,110.1,15.0,1,3,75.2,-2.7,1.0,1.0,0.0,4.0,0.44,0,0,0,0,0,0,0,0,0,0,0,0,1,1,2
LNR-0634,WEB-102,2,3,1,0.3333,2,104.8,17.0,0,1,44.2,-31.0,1.0,0.0,0.0,4.0,0.44,1,0,0,0,0,0,0,0,0,0,0,0,1,1,2
LNR-0634,WEB-102,3,4,1,0.25,7,57.2,13.0,0,0,44.6,0.4,0.0,0.0,0.0,2.0,-0.04,1,0,0,0,0,0,0,0,0,0,0,0,0,0,0
LNR-0634,WEB-102,4,3,0,0.0,0,46.7,7.0,0,0,56.9,12.3,0.0,1.0,0.0,2.0,-0.39,1,0,0,0,0,0,0,0,0,1,1,1,0,0,3
LNR-0634,WEB-102,5,3,0,0.0,1,50.8,4.0,0,0,56.5,-0.4,0.0,1.0,0.0,2.0,-0.2,1,0,0,0,0,0,0,0,0,1,1,1,0,0,3
LNR-0635,AI-301,1,4,3,0.75,8,165.8,16.0,1,1,64.3,8.4,1.0,1.0,0.0,4.0,0.5,0,0,0,0,0,0,0,0,0,0,0,0,0,0,0
LNR-0635,AI-301,2,3,3,1.0,5,168.3,26.0,1,1,45.4,-18.9,1.0,1.0,0.0,4.0,0.44,0,0,0,1,1,0,0,0,0,0,0,0,1,1,4
LNR-0635,AI-301,3,3,1,0.3333,1,35.1,1.0,0,0,30.8,-14.6,0.0,0.0,0.0,4.0,0.44,1,0,0,0,0,0,0,0,0,0,0,0,1,1,2
LNR-0635,AI-301,4,2,0,0.0,1,12.7,2.0,0,0,20.2,-10.6,0.0,0.0,0.0,4.0,0.44,1,0,0,0,0,0,0,0,0,0,0,0,1,1,2
LNR-0635,AI-301,5,3,1,0.3333,4,27.1,4.0,0,0,33.2,13.0,0.0,0.0,0.0,4.0,0.44,1,0,0,0,0,0,0,0,0,0,0,0,1,1,2
LNR-0636,DATA-201,1,4,2,0.5,2,171.2,16.0,1,3,61.5,-6.3,2.0,0.0,0.0,4.0,0.44,0,0,0,0,0,0,0,0,0,0,0,0,1,1,2
LNR-0636,DATA-201,2,3,1,0.3333,6,88.1,12.0,1,3,60.8,-0.7,0.0,0.0,0.0,1.5,-0.36,1,0,0,0,0,0,0,0,0,0,0,0,0,0,0
LNR-0636,DATA-201,3,2,1,0.5,4,40.0,5.0,0,1,57.4,-3.4,0.0,0.0,0.0,2.0,-0.41,1,0,0,0,0,0,0,0,0,0,0,0,0,0,0
LNR-0636,DATA-201,4,3,1,0.3333,1,79.2,1.0,1,1,30.2,-27.2,0.0,0.0,0.0,2.5,-0.27,1,0,0,0,0,0,0,0,0,0,0,0,0,0,0
LNR-0636,DATA-201,5,2,0,0.0,0,32.7,3.0,0,0,14.7,-15.5,1.0,1.0,0.0,1.5,-0.25,1,0,0,0,0,0,0,0,0,0,0,0,0,0,0
LNR-0637,WEB-102,1,3,3,1.0,18,225.9,35.0,1,1,51.6,-3.5,0.0,1.0,0.0,5.0,0.89,0,0,0,0,0,0,0,0,0,1,1,1,0,0,3
LNR-0637,WEB-102,2,3,3,1.0,7,258.7,36.0,2,3,69.2,17.6,2.0,0.0,0.0,5.0,0.71,0,0,0,0,0,0,0,0,0,0,0,0,0,0,0
LNR-0637,WEB-102,3,2,2,1.0,13,222.6,34.0,1,2,54.5,-14.7,2.0,1.0,1.0,4.0,0.65,0,0,0,0,0,0,0,0,0,0,0,0,0,0,0
LNR-0637,WEB-102,4,2,2,1.0,11,188.2,27.0,1,1,55.7,1.2,0.0,1.0,1.0,5.0,0.88,0,0,0,0,0,0,0,0,0,0,0,0,0,0,0
LNR-0637,WEB-102,5,3,3,1.0,9,229.3,31.0,2,1,56.1,0.4,0.0,0.0,1.0,4.0,0.44,0,0,0,0,0,0,0,0,0,0,0,0,1,1,2
LNR-0638,WEB-102,1,3,3,1.0,11,198.8,37.0,2,2,85.2,11.5,1.0,1.0,0.0,4.5,0.87,0,0,0,0,0,0,0,0,0,0,0,0,0,0,0
LNR-0638,WEB-102,2,2,2,1.0,15,154.1,33.0,1,1,87.5,2.3,1.0,0.0,1.0,4.5,0.43,0,0,0,0,0,0,0,0,0,0,0,0,0,0,0
LNR-0638,WEB-102,3,2,2,1.0,12,168.3,26.0,1,1,76.3,-11.2,1.0,1.0,0.0,4.0,0.72,0,0,0,1,1,0,0,0,0,0,0,0,0,0,2
LNR-0638,WEB-102,4,3,3,1.0,15,264.4,30.0,2,2,77.0,0.7,1.0,0.0,0.0,4.0,0.44,0,0,0,0,0,0,0,0,0,0,0,0,1,1,2
LNR-0638,WEB-102,5,4,4,1.0,14,196.0,28.0,2,3,84.3,7.3,0.0,0.0,0.0,5.0,0.88,0,0,0,0,0,0,0,0,0,0,0,0,0,0,0
LNR-0639,AI-301,1,3,3,1.0,15,147.8,28.0,2,1,43.9,-4.1,1.0,2.0,1.0,5.0,0.73,0,0,0,0,0,0,0,0,0,0,0,0,0,0,0
LNR-0639,AI-301,2,3,3,1.0,12,257.2,45.0,2,1,51.5,7.6,1.0,0.0,0.0,4.5,0.41,0,1,0,0,0,0,0,0,0,0,0,0,0,0,1
LNR-0639,AI-301,3,3,3,1.0,7,168.3,26.0,2,1,48.3,-3.2,1.0,2.0,0.0,4.0,0.44,0,0,0,1,1,0,0,0,0,0,0,0,1,1,4
LNR-0639,AI-301,4,3,3,1.0,12,216.1,29.0,2,1,49.3,1.0,1.0,0.0,0.0,4.5,0.48,0,0,0,0,0,0,0,0,0,0,0,0,0,0,0
LNR-0639,AI-301,5,3,3,1.0,12,159.8,35.0,1,2,48.6,-0.7,0.0,0.0,1.0,5.0,0.85,0,0,0,0,0,0,0,0,0,0,0,0,0,0,0
LNR-0640,WEB-102,1,3,1,0.3333,6,136.2,15.0,1,1,68.8,1.0,0.0,0.0,0.0,2.5,0.04,0,0,0,0,0,0,0,0,0,0,0,0,0,0,0
LNR-0640,WEB-102,2,3,1,0.3333,5,96.4,18.0,0,0,62.5,-6.3,0.0,0.0,0.0,2.0,-0.01,0,0,0,0,0,0,0,0,0,0,0,0,0,0,0
LNR-0640,WEB-102,3,2,0,0.0,5,85.9,8.0,1,2,69.9,-0.3,0.0,0.0,0.0,2.0,-0.42,1,0,0,0,0,0,0,1,1,0,0,0,0,0,2
LNR-0640,WEB-102,4,3,0,0.0,0,25.9,6.0,0,0,63.3,10.7,2.0,1.0,0.0,2.0,-0.15,1,0,0,0,0,0,0,0,0,0,0,0,0,0,0
LNR-0640,WEB-102,5,3,0,0.0,3,32.9,4.0,0,0,49.8,-13.5,0.0,1.0,0.0,2.0,-0.11,1,0,0,0,0,0,0,0,0,1,1,1,0,0,3
LNR-0641,DATA-201,1,3,3,1.0,12,209.2,24.0,1,1,62.2,7.8,1.0,1.0,0.0,4.0,0.5,0,0,0,0,0,0,0,0,0,0,0,0,0,0,0
LNR-0641,DATA-201,2,3,3,1.0,4,179.2,19.0,1,1,42.3,-19.9,1.0,1.0,0.0,4.0,0.5,0,0,0,0,0,0,0,0,0,0,0,0,0,0,0
LNR-0641,DATA-201,3,3,1,0.3333,0,53.8,5.0,0,0,0.0,-42.3,0.0,0.0,0.0,1.0,-0.45,1,0,0,0,0,0,0,0,0,0,0,0,0,0,0
LNR-0641,DATA-201,4,3,0,0.0,0,38.2,2.0,0,0,31.2,31.2,0.0,0.0,0.0,4.0,0.44,1,0,0,0,0,0,0,0,0,0,0,0,1,1,2
LNR-0641,DATA-201,5,3,1,0.3333,0,5.7,3.0,0,0,53.2,22.0,0.0,0.0,0.0,1.0,-0.62,1,0,0,0,0,0,0,0,0,0,0,0,0,0,0
LNR-0642,DATA-201,1,3,1,0.3333,2,199.0,21.0,1,0,59.9,-0.5,0.0,0.0,0.0,2.0,-0.16,0,0,0,0,0,0,0,0,0,0,0,0,0,0,0
LNR-0642,DATA-201,2,3,1,0.3333,8,157.1,14.0,1,1,38.7,-21.2,0.0,1.0,0.0,1.5,-0.09,1,0,0,0,0,0,0,0,0,0,0,0,0,0,0
LNR-0642,DATA-201,3,4,1,0.25,2,61.6,9.0,1,0,57.7,19.0,0.0,0.0,0.0,2.0,0.06,1,0,0,0,0,0,0,0,0,0,0,0,0,0,0
LNR-0642,DATA-201,4,4,0,0.0,6,49.8,10.0,1,2,69.9,-0.3,0.0,0.0,0.0,2.5,-0.43,1,0,0,0,0,0,0,1,1,0,0,0,0,0,2
LNR-0642,DATA-201,5,3,0,0.0,1,10.0,2.0,0,1,27.5,-17.6,0.0,1.0,0.0,2.5,-0.6,1,0,0,0,0,0,0,0,0,1,1,1,0,0,3
LNR-0643,DATA-201,1,3,3,1.0,10,218.1,36.0,2,2,69.4,-0.7,1.0,2.0,0.0,4.0,0.44,0,0,0,0,0,0,0,0,0,0,0,0,1,1,2
LNR-0643,DATA-201,2,3,3,1.0,12,200.3,40.0,2,2,61.1,-8.3,1.0,0.0,1.0,4.0,0.52,0,1,0,0,0,0,0,0,0,0,0,0,0,0,1
LNR-0643,DATA-201,3,3,3,1.0,11,164.1,35.0,1,1,66.5,5.4,0.0,1.0,0.0,4.0,0.82,0,0,0,0,0,0,0,0,0,1,1,1,0,0,3
LNR-0643,DATA-201,4,4,3,0.75,12,242.4,36.0,1,1,84.3,17.8,0.0,3.0,1.0,4.5,0.48,0,0,0,0,0,0,0,0,0,0,0,0,0,0,0
LNR-0643,DATA-201,5,4,3,0.75,12,185.1,41.0,2,1,72.5,-11.8,0.0,2.0,0.0,4.5,0.51,0,0,0,0,0,0,0,0,0,0,0,0,0,0,0
LNR-0644,CS-101,1,4,4,1.0,10,272.0,30.0,2,2,74.8,16.4,1.0,2.0,0.0,5.0,0.48,0,0,0,0,0,0,0,0,0,0,0,0,0,0,0
LNR-0644,CS-101,2,4,4,1.0,9,235.8,33.0,1,2,63.7,-11.1,0.0,1.0,0.0,4.0,0.44,0,0,0,0,0,0,0,0,0,0,0,0,1,1,2
LNR-0644,CS-101,3,2,2,1.0,14,241.8,40.0,2,2,60.7,-3.0,0.0,1.0,1.0,4.5,0.81,0,0,0,0,0,0,0,0,0,0,0,0,0,0,0
LNR-0644,CS-101,4,3,3,1.0,7,209.0,36.0,2,1,57.0,-3.7,0.0,0.0,0.0,4.0,0.76,0,0,0,0,0,0,0,0,0,0,0,0,0,0,0
LNR-0644,CS-101,5,2,2,1.0,9,213.5,34.0,2,1,74.4,17.4,0.0,1.0,0.0,4.5,0.87,0,0,0,0,0,0,0,0,0,1,1,1,0,0,3
LNR-0645,DATA-201,1,4,3,0.75,11,131.2,27.0,1,1,66.2,-3.7,0.0,1.0,1.0,3.0,0.35,0,0,0,0,0,0,0,0,0,0,0,0,0,0,0
LNR-0645,DATA-201,2,3,2,0.6667,6,180.5,21.0,0,2,69.9,-0.3,2.0,1.0,0.0,4.0,0.44,0,0,0,0,0,0,0,1,1,0,0,0,1,1,4
LNR-0645,DATA-201,3,3,2,0.6667,6,164.3,25.0,1,2,72.2,-0.2,1.0,1.0,1.0,3.5,0.43,0,0,0,0,0,0,0,0,0,0,0,0,0,0,0
LNR-0645,DATA-201,4,3,2,0.6667,9,151.6,20.0,1,1,78.7,6.5,0.0,2.0,0.0,4.0,0.04,0,0,0,0,0,0,0,0,0,0,0,0,0,0,0
LNR-0645,DATA-201,5,2,1,0.5,9,154.3,15.0,1,1,67.0,-11.7,0.0,2.0,0.0,4.0,0.44,0,0,0,0,0,0,0,0,0,0,0,0,1,1,2
LNR-0646,CS-101,1,3,2,0.6667,6,99.5,15.0,1,1,81.1,-0.4,3.0,0.0,0.0,3.0,0.38,0,0,0,0,0,0,0,0,0,0,0,0,0,0,0
LNR-0646,CS-101,2,4,3,0.75,13,169.2,26.0,1,1,79.8,-1.3,1.0,0.0,1.0,3.0,0.1,0,0,0,0,0,0,0,0,0,0,0,0,0,0,0
LNR-0646,CS-101,3,3,2,0.6667,10,93.6,14.0,1,1,77.7,-2.1,0.0,0.0,0.0,3.0,0.22,0,0,0,0,0,0,0,0,0,0,0,0,0,0,0
LNR-0646,CS-101,4,3,2,0.6667,4,164.5,28.0,2,1,90.4,12.7,0.0,1.0,0.0,3.5,0.3,0,0,0,0,0,0,0,0,0,0,0,0,0,0,0
LNR-0646,CS-101,5,3,2,0.6667,6,186.6,10.0,2,1,69.9,-0.3,0.0,0.0,0.0,4.0,0.12,0,0,0,0,0,0,0,1,1,0,0,0,0,0,2
LNR-0647,DATA-201,1,3,3,1.0,12,331.4,39.0,2,2,78.5,-0.7,0.0,0.0,2.0,4.5,0.61,0,1,0,0,0,0,0,0,0,0,0,0,0,0,1
LNR-0647,DATA-201,2,3,3,1.0,10,181.3,37.0,2,3,69.9,-0.3,1.0,0.0,1.0,4.5,0.55,0,1,0,0,0,0,0,1,1,0,0,0,0,0,3
LNR-0647,DATA-201,3,3,3,1.0,13,217.2,35.0,2,1,77.5,-10.9,1.0,1.0,0.0,5.0,0.65,0,0,0,0,0,0,0,0,0,0,0,0,0,0,0
LNR-0647,DATA-201,4,3,3,1.0,14,214.8,36.0,2,1,88.8,11.3,0.0,3.0,0.0,4.5,0.72,0,1,0,0,0,0,0,0,0,0,0,0,0,0,1
LNR-0647,DATA-201,5,3,3,1.0,13,214.0,36.0,2,1,84.9,-3.9,1.0,1.0,0.0,4.0,0.44,0,1,0,0,0,0,0,0,0,0,0,0,1,1,3
LNR-0648,CS-101,1,2,1,0.5,3,90.2,18.0,1,1,75.2,-12.2,0.0,0.0,0.0,2.0,-0.36,1,0,0,0,0,0,0,0,0,0,0,0,0,0,0
LNR-0648,CS-101,2,3,1,0.3333,2,64.1,13.0,1,3,75.3,0.1,0.0,1.0,0.0,2.5,0.03,0,0,0,0,0,0,0,0,0,0,0,0,0,0,0
LNR-0648,CS-101,3,2,1,0.5,3,90.3,5.0,1,4,68.5,-6.8,0.0,0.0,0.0,2.0,-0.38,1,0,0,0,0,0,0,0,0,0,0,0,0,0,0
LNR-0648,CS-101,4,3,1,0.3333,1,67.2,7.0,0,2,60.7,-7.8,0.0,0.0,0.0,4.0,0.44,1,0,0,0,0,0,0,0,0,0,0,0,1,1,2
LNR-0648,CS-101,5,3,0,1.0,2,37.4,6.0,0,0,67.0,6.3,0.0,0.0,0.0,4.0,0.44,1,1,0,0,0,0,0,0,0,0,0,0,1,1,3
LNR-0649,DATA-201,1,3,3,1.0,19,152.6,45.0,1,2,71.1,3.8,2.0,2.0,1.0,5.0,0.47,0,0,0,0,0,0,0,0,0,0,0,0,0,0,0
LNR-0649,DATA-201,2,3,3,1.0,10,195.9,28.0,2,2,74.8,3.7,1.0,2.0,1.0,4.0,0.51,0,0,0,0,0,0,0,0,0,0,0,0,0,0,0
LNR-0649,DATA-201,3,3,3,1.0,10,266.6,27.0,2,1,66.5,-8.3,0.0,1.0,1.0,5.0,0.48,0,0,0,0,0,0,0,0,0,0,0,0,0,0,0
LNR-0649,DATA-201,4,3,3,1.0,12,200.1,41.0,2,1,65.5,-1.0,2.0,0.0,2.0,5.0,0.55,0,0,0,0,0,0,0,0,0,0,0,0,0,0,0
LNR-0649,DATA-201,5,3,3,1.0,7,207.5,33.0,1,1,80.7,15.2,0.0,1.0,0.0,4.0,0.44,0,0,0,0,0,0,0,0,0,1,1,1,1,1,5
LNR-0650,CS-101,1,3,3,1.0,14,263.0,31.0,2,1,77.6,22.7,1.0,2.0,1.0,4.5,0.84,0,0,0,0,0,0,0,0,0,0,0,0,0,0,0
LNR-0650,CS-101,2,3,3,1.0,9,199.4,39.0,2,2,53.2,-24.4,1.0,2.0,0.0,4.0,0.85,0,0,0,0,0,0,0,0,0,0,0,0,0,0,0
LNR-0650,CS-101,3,2,2,1.0,9,195.3,28.0,2,2,52.9,-0.3,0.0,1.0,0.0,4.0,0.8,0,0,0,0,0,0,0,0,0,1,1,1,0,0,3
LNR-0650,CS-101,4,3,3,1.0,13,253.5,24.0,2,1,51.6,-1.3,1.0,1.0,0.0,4.0,0.44,0,0,0,0,0,0,0,0,0,0,0,0,1,1,2
LNR-0650,CS-101,5,4,4,1.0,12,259.4,38.0,2,1,55.2,3.6,2.0,0.0,1.0,4.5,0.43,0,0,0,0,0,0,0,0,0,0,0,0,0,0,0
LNR-0651,CS-101,1,3,2,0.6667,4,152.2,24.0,2,1,69.9,-0.3,0.0,1.0,0.0,4.0,0.04,0,0,0,0,0,0,0,1,1,0,0,0,0,0,2
LNR-0651,CS-101,2,4,3,0.75,11,131.7,27.0,1,1,83.4,4.5,0.0,1.0,0.0,3.5,0.39,0,0,0,0,0,0,0,0,0,0,0,0,0,0,0
LNR-0651,CS-101,3,2,2,1.0,6,186.1,25.0,0,2,77.8,-5.6,0.0,0.0,0.0,4.0,0.44,0,0,0,0,0,0,0,0,0,0,0,0,1,1,2
LNR-0651,CS-101,4,3,2,0.6667,3,125.8,26.0,1,2,63.1,-14.7,0.0,0.0,1.0,3.0,0.23,0,0,0,0,0,0,0,0,0,0,0,0,0,0,0
LNR-0651,CS-101,5,3,2,0.6667,6,148.0,27.0,1,1,75.0,11.9,0.0,1.0,0.0,3.5,0.3,0,0,0,0,0,0,0,0,0,1,1,1,0,0,3
LNR-0652,CS-101,1,3,3,1.0,7,237.0,33.0,1,2,85.0,9.8,1.0,3.0,2.0,4.5,0.76,0,0,0,0,0,0,0,0,0,0,0,0,0,0,0
LNR-0652,CS-101,2,2,2,1.0,7,185.7,31.0,2,3,87.2,2.2,1.0,0.0,1.0,4.0,0.44,0,0,0,0,0,0,0,0,0,0,0,0,1,1,2
LNR-0652,CS-101,3,4,4,1.0,4,168.3,26.0,2,3,76.0,-11.2,0.0,0.0,1.0,4.5,0.49,0,0,0,1,1,0,0,0,0,0,0,0,0,0,2
LNR-0652,CS-101,4,3,3,1.0,10,177.2,34.0,1,1,75.9,-0.1,0.0,3.0,0.0,4.5,0.41,0,0,0,0,0,0,0,0,0,0,0,0,0,0,0
LNR-0652,CS-101,5,3,3,1.0,13,194.8,38.0,2,2,88.7,12.8,0.0,3.0,0.0,4.5,0.61,0,0,0,0,0,0,0,0,0,0,0,0,0,0,0
LNR-0653,CS-101,1,4,3,0.75,7,165.3,27.0,0,1,79.6,-0.5,0.0,1.0,0.0,3.5,0.41,0,0,0,0,0,0,0,0,0,1,1,1,0,0,3
LNR-0653,CS-101,2,3,3,1.0,8,186.9,21.0,1,1,80.7,1.1,0.0,1.0,0.0,3.5,0.14,0,0,0,0,0,0,0,0,0,0,0,0,0,0,0
LNR-0653,CS-101,3,2,2,1.0,7,188.2,22.0,1,1,68.3,-12.4,0.0,0.0,0.0,3.5,0.03,0,0,0,0,0,0,0,0,0,0,0,0,0,0,0
LNR-0653,CS-101,4,4,3,0.75,3,71.0,19.0,0,1,69.9,-0.3,1.0,0.0,0.0,3.5,0.06,0,0,0,0,0,0,0,1,1,0,0,0,0,0,2
LNR-0653,CS-101,5,4,3,0.75,3,168.3,26.0,1,1,86.4,11.4,0.0,0.0,0.0,4.0,0.47,0,0,0,1,1,0,0,0,0,0,0,0,0,0,2
LNR-0654,AI-301,1,4,4,1.0,14,172.6,32.0,1,1,70.3,-5.0,2.0,1.0,2.0,4.5,0.88,0,0,0,0,0,0,0,0,0,0,0,0,0,0,0
LNR-0654,AI-301,2,2,2,1.0,9,265.7,33.0,2,1,70.7,0.4,1.0,3.0,0.0,4.5,0.68,0,0,0,0,0,0,0,0,0,0,0,0,0,0,0
LNR-0654,AI-301,3,2,2,1.0,11,168.3,26.0,2,2,86.6,15.9,1.0,1.0,0.0,4.5,0.47,0,0,0,1,1,0,0,0,0,0,0,0,0,0,2
LNR-0654,AI-301,4,3,3,1.0,14,168.3,26.0,2,1,69.9,-0.3,0.0,1.0,0.0,4.0,0.44,0,0,0,1,1,0,0,1,1,1,1,1,1,1,9
LNR-0654,AI-301,5,3,3,1.0,14,217.0,33.0,2,1,69.9,-0.3,2.0,0.0,1.0,5.0,0.42,0,0,0,0,0,0,0,1,1,0,0,0,0,0,2
LNR-0655,CS-101,1,3,1,0.3333,5,108.1,16.0,1,0,44.1,-18.3,1.0,0.0,0.0,2.0,-0.11,1,0,0,0,0,0,0,0,0,0,0,0,0,0,0
LNR-0655,CS-101,2,2,1,0.5,0,102.6,12.0,1,3,57.1,13.0,0.0,1.0,0.0,4.0,0.44,0,0,0,0,0,0,0,0,0,0,0,0,1,1,2
LNR-0655,CS-101,3,4,1,0.25,3,168.3,26.0,0,1,33.3,-23.8,0.0,0.0,0.0,4.0,0.44,1,0,0,1,1,0,0,0,0,0,0,0,1,1,4
LNR-0655,CS-101,4,3,1,0.3333,1,49.4,5.0,0,0,65.8,32.5,2.0,0.0,1.0,4.0,0.44,1,0,0,0,0,0,0,0,0,0,0,0,1,1,2
LNR-0655,CS-101,5,4,0,0.0,2,10.1,2.0,0,0,34.1,-31.7,1.0,0.0,0.0,2.5,-0.57,1,0,0,0,0,0,0,0,0,0,0,0,0,0,0
LNR-0656,CS-101,1,2,2,1.0,8,159.4,28.0,2,1,72.3,14.5,2.0,2.0,0.0,4.0,0.44,0,0,0,0,0,0,0,0,0,0,0,0,0,0,0
LNR-0656,CS-101,2,3,3,1.0,9,191.7,44.0,2,2,56.4,-15.9,2.0,0.0,0.0,4.0,0.44,0,0,0,0,0,0,0,0,0,0,0,0,1,1,2
LNR-0656,CS-101,3,3,3,1.0,9,172.0,34.0,2,1,57.6,1.2,0.0,1.0,0.0,4.5,0.79,0,0,0,0,0,0,0,0,0,1,1,1,0,0,3
LNR-0656,CS-101,4,3,3,1.0,10,161.8,41.0,2,2,61.3,3.7,1.0,1.0,0.0,5.0,0.67,0,0,0,0,0,0,0,0,0,0,0,0,0,0,0
LNR-0656,CS-101,5,3,3,1.0,12,277.2,39.0,2,1,59.5,-1.8,2.0,0.0,0.0,4.0,0.44,0,0,0,0,0,0,0,0,0,0,0,0,1,1,2
LNR-0657,CS-101,1,3,2,1.0,11,141.1,30.0,2,1,70.6,-3.6,0.0,1.0,0.0,3.5,0.41,0,1,0,0,0,0,0,0,0,1,1,1,0,0,4
LNR-0657,CS-101,2,3,3,1.0,9,215.5,21.0,1,1,87.9,17.3,0.0,1.0,0.0,4.0,0.44,0,0,0,0,0,0,0,0,0,0,0,0,1,1,2
LNR-0657,CS-101,3,2,1,0.5,3,165.4,20.0,1,1,74.0,-13.9,0.0,0.0,0.0,4.0,0.44,0,0,0,0,0,0,0,0,0,0,0,0,1,1,2
LNR-0657,CS-101,4,2,1,0.5,10,140.9,23.0,1,1,69.9,-0.3,0.0,0.0,0.0,3.5,0.27,0,0,0,0,0,0,0,1,1,0,0,0,0,0,2
LNR-0657,CS-101,5,3,2,0.6667,8,112.7,20.0,1,2,65.8,8.6,2.0,1.0,0.0,4.0,0.02,0,0,0,0,0,0,0,0,0,0,0,0,0,0,0
LNR-0658,AI-301,1,4,4,1.0,16,216.5,36.0,2,2,75.6,0.9,1.0,2.0,0.0,5.0,0.51,0,0,0,0,0,0,0,0,0,0,0,0,0,0,0
LNR-0658,AI-301,2,3,3,1.0,11,196.7,28.0,2,2,73.8,-1.8,2.0,3.0,1.0,4.0,0.44,0,0,0,0,0,0,0,0,0,0,0,0,1,1,2
LNR-0658,AI-301,3,4,4,1.0,7,256.5,39.0,2,2,85.3,11.5,1.0,2.0,1.0,4.0,0.44,0,0,0,0,0,0,0,0,0,0,0,0,1,1,2
LNR-0658,AI-301,4,3,3,1.0,9,260.9,34.0,2,2,71.3,-14.0,0.0,1.0,0.0,4.0,0.44,0,0,0,0,0,0,0,0,0,0,0,0,1,1,2
LNR-0658,AI-301,5,2,2,1.0,12,239.1,35.0,2,1,78.2,6.9,0.0,0.0,0.0,4.5,0.9,0,0,0,0,0,0,0,0,0,0,0,0,0,0,0
LNR-0659,WEB-102,1,2,2,1.0,7,227.1,27.0,2,2,61.7,-5.0,3.0,1.0,1.0,4.0,0.44,0,0,0,0,0,0,0,0,0,0,0,0,1,1,2
LNR-0659,WEB-102,2,4,4,1.0,14,242.3,33.0,2,1,78.9,17.2,0.0,1.0,0.0,4.5,0.89,0,0,0,0,0,0,0,0,0,1,1,1,0,0,3
LNR-0659,WEB-102,3,3,3,1.0,10,234.7,37.0,2,1,75.4,-3.5,0.0,0.0,0.0,4.0,0.44,0,0,0,0,0,0,0,0,0,0,0,0,1,1,2
LNR-0659,WEB-102,4,4,4,1.0,8,189.7,31.0,2,1,75.3,-0.1,2.0,0.0,0.0,5.0,0.48,0,0,0,0,0,0,0,0,0,0,0,0,0,0,0
LNR-0659,WEB-102,5,3,3,1.0,15,205.4,29.0,2,1,71.1,-4.2,0.0,1.0,0.0,5.0,0.84,0,0,0,0,0,0,0,0,0,0,0,0,0,0,0
LNR-0660,CS-101,1,3,2,0.6667,5,207.5,25.0,1,1,82.4,-4.8,0.0,0.0,1.0,3.0,0.3,0,0,0,0,0,0,0,0,0,0,0,0,0,0,0
LNR-0660,CS-101,2,3,2,0.6667,7,132.6,12.0,1,1,92.4,10.0,2.0,1.0,0.0,3.0,0.46,0,0,0,0,0,0,0,0,0,0,0,0,0,0,0
LNR-0660,CS-101,3,3,2,0.6667,4,211.3,21.0,1,2,85.8,-6.6,0.0,1.0,3.0,3.5,0.35,0,0,0,0,0,0,0,0,0,0,0,0,0,0,0
LNR-0660,CS-101,4,3,2,0.6667,13,150.1,22.0,2,1,84.4,-1.4,0.0,1.0,0.0,4.0,0.12,0,0,0,0,0,0,0,0,0,0,0,0,0,0,0
LNR-0660,CS-101,5,3,2,0.6667,7,116.5,19.0,1,1,87.8,3.4,1.0,1.0,0.0,4.0,0.44,0,0,0,0,0,0,0,0,0,0,0,0,1,1,2
LNR-0661,CS-101,1,3,2,0.6667,5,93.3,16.0,1,1,69.0,-13.3,0.0,1.0,0.0,1.5,-0.43,0,0,0,0,0,0,0,0,0,1,1,1,0,0,3
LNR-0661,CS-101,2,3,1,0.3333,3,131.9,9.0,1,0,67.7,-1.3,0.0,1.0,0.0,1.5,-0.23,0,0,0,0,0,0,0,0,0,0,0,0,0,0,0
LNR-0661,CS-101,3,3,1,0.3333,3,69.4,7.0,1,1,73.9,6.2,2.0,0.0,0.0,2.5,-0.4,1,0,0,0,0,0,0,0,0,0,0,0,0,0,0
LNR-0661,CS-101,4,4,1,1.0,1,38.3,10.0,0,0,74.2,0.3,0.0,0.0,0.0,1.5,-0.07,1,1,0,0,0,0,0,0,0,0,0,0,0,0,1
LNR-0661,CS-101,5,3,0,0.0,1,79.1,3.0,0,0,39.8,-34.4,0.0,0.0,0.0,4.0,0.44,1,0,0,0,0,0,0,0,0,0,0,0,1,1,2
LNR-0662,DATA-201,1,2,1,0.5,3,138.4,20.0,0,1,55.7,-17.0,0.0,1.0,0.0,2.0,0.05,1,0,0,0,0,0,0,0,0,1,1,1,0,0,3
LNR-0662,DATA-201,2,4,2,0.5,5,139.1,12.0,0,0,69.9,-0.3,0.0,0.0,0.0,3.0,-0.08,0,0,0,0,0,0,0,1,1,0,0,0,0,0,2
LNR-0662,DATA-201,3,4,1,0.25,6,50.9,12.0,0,0,69.9,-0.3,1.0,0.0,0.0,2.0,-0.07,1,0,0,0,0,0,0,1,1,0,0,0,0,0,2
LNR-0662,DATA-201,4,4,0,0.0,4,65.7,6.0,0,1,46.7,-17.4,0.0,0.0,0.0,1.5,-0.48,1,0,0,0,0,0,0,0,0,0,0,0,0,0,0
LNR-0662,DATA-201,5,3,0,0.0,0,50.7,6.0,0,0,56.6,9.9,0.0,0.0,0.0,4.0,0.44,1,0,0,0,0,0,0,0,0,0,0,0,1,1,2
LNR-0663,WEB-102,1,4,4,1.0,8,229.4,37.0,2,1,78.3,2.2,1.0,1.0,0.0,4.0,0.44,0,0,0,0,0,0,0,0,0,0,0,0,1,1,2
LNR-0663,WEB-102,2,4,4,1.0,19,195.5,33.0,2,2,74.6,-3.7,1.0,1.0,0.0,4.0,0.8,0,0,0,0,0,0,0,0,0,0,0,0,0,0,0
LNR-0663,WEB-102,3,4,4,1.0,8,225.2,40.0,2,2,83.3,8.7,0.0,0.0,0.0,4.5,0.45,0,0,0,0,0,0,0,0,0,0,0,0,0,0,0
LNR-0663,WEB-102,4,4,4,1.0,10,191.2,33.0,2,1,66.7,-16.6,0.0,1.0,0.0,4.0,0.9,0,0,0,0,0,0,0,0,0,1,1,1,0,0,3
LNR-0663,WEB-102,5,2,2,1.0,13,168.3,26.0,2,1,76.1,9.4,0.0,3.0,1.0,5.0,0.44,0,0,0,1,1,0,0,0,0,0,0,0,0,0,2
LNR-0664,AI-301,1,3,2,0.6667,5,179.5,16.0,1,1,78.6,-1.3,1.0,0.0,2.0,3.0,0.12,0,0,0,0,0,0,0,0,0,0,0,0,0,0,0
LNR-0664,AI-301,2,3,2,0.6667,6,120.4,16.0,1,1,73.9,-4.7,1.0,1.0,0.0,3.5,0.37,0,0,0,0,0,0,0,0,0,0,0,0,0,0,0
LNR-0664,AI-301,3,3,2,0.6667,9,112.7,18.0,0,1,78.0,4.1,2.0,1.0,0.0,3.5,0.03,1,0,0,0,0,0,0,0,0,0,0,0,0,0,0
LNR-0664,AI-301,4,2,2,1.0,2,95.1,24.0,1,1,79.8,1.8,0.0,2.0,1.0,4.0,0.45,0,0,0,0,0,0,0,0,0,0,0,0,0,0,0
LNR-0664,AI-301,5,3,2,0.6667,11,106.4,21.0,1,2,77.7,-2.1,0.0,0.0,0.0,4.0,0.44,0,0,0,0,0,0,0,0,0,0,0,0,1,1,2
LNR-0665,WEB-102,1,3,2,0.6667,8,168.1,22.0,1,1,71.2,-1.9,0.0,0.0,0.0,3.0,0.48,0,0,0,0,0,0,0,0,0,0,0,0,0,0,0
LNR-0665,WEB-102,2,4,3,0.75,9,185.6,16.0,1,1,75.4,4.2,0.0,1.0,0.0,3.0,0.13,0,0,0,0,0,0,0,0,0,0,0,0,0,0,0
LNR-0665,WEB-102,3,4,3,0.75,5,177.3,25.0,2,1,70.5,-4.9,0.0,0.0,0.0,3.0,0.39,0,0,0,0,0,0,0,0,0,0,0,0,0,0,0
LNR-0665,WEB-102,4,3,2,0.6667,7,143.2,16.0,1,1,75.4,4.9,1.0,0.0,0.0,4.0,0.44,0,0,0,0,0,0,0,0,0,0,0,0,1,1,2
LNR-0665,WEB-102,5,2,1,0.5,1,133.4,19.0,1,1,76.8,1.4,2.0,1.0,0.0,4.0,0.44,0,0,0,0,0,0,0,0,0,0,0,0,1,1,2
LNR-0666,WEB-102,1,3,2,0.6667,9,122.2,21.0,2,1,69.9,-0.3,1.0,0.0,0.0,3.0,0.41,0,0,0,0,0,0,0,1,1,0,0,0,0,0,2
LNR-0666,WEB-102,2,2,1,0.5,6,154.2,21.0,1,2,72.3,-1.5,0.0,0.0,1.0,3.0,0.09,0,0,0,0,0,0,0,0,0,0,0,0,0,0,0
LNR-0666,WEB-102,3,2,2,1.0,11,130.7,23.0,0,1,59.6,-12.7,2.0,1.0,0.0,3.5,0.47,0,0,0,0,0,0,0,0,0,0,0,0,0,0,0
LNR-0666,WEB-102,4,4,3,0.75,11,161.6,22.0,2,1,58.9,-0.7,0.0,0.0,0.0,3.5,0.14,0,0,0,0,0,0,0,0,0,0,0,0,0,0,0
LNR-0666,WEB-102,5,4,3,0.75,6,103.6,17.0,2,1,69.9,-0.3,2.0,0.0,0.0,3.5,0.18,0,0,0,0,0,0,0,1,1,0,0,0,0,0,2
LNR-0667,CS-101,1,3,2,0.6667,9,178.5,27.0,2,1,54.8,-16.9,0.0,0.0,0.0,4.0,0.29,0,0,0,0,0,0,0,0,0,0,0,0,0,0,0
LNR-0667,CS-101,2,4,3,0.75,6,157.9,18.0,0,1,63.5,8.7,1.0,1.0,0.0,3.5,0.39,0,0,0,0,0,0,0,0,0,0,0,0,0,0,0
LNR-0667,CS-101,3,3,2,0.6667,8,154.6,26.0,0,1,67.2,3.7,0.0,0.0,0.0,4.0,0.05,0,0,0,0,0,0,0,0,0,0,0,0,0,0,0
LNR-0667,CS-101,4,3,2,0.6667,6,164.6,22.0,0,1,63.3,-3.9,2.0,0.0,0.0,3.0,0.2,0,0,0,0,0,0,0,0,0,0,0,0,0,0,0
LNR-0667,CS-101,5,4,3,0.75,6,190.0,26.0,1,1,68.1,4.8,1.0,1.0,0.0,3.0,0.34,0,0,0,0,0,0,0,0,0,0,0,0,0,0,0
LNR-0668,DATA-201,1,4,4,1.0,10,279.2,39.0,1,1,69.9,-0.3,2.0,1.0,0.0,5.0,0.56,0,0,0,0,0,0,0,1,1,0,0,0,0,0,2
LNR-0668,DATA-201,2,3,3,1.0,10,168.3,26.0,2,1,63.6,-6.4,0.0,2.0,0.0,4.0,0.44,0,0,0,1,1,0,0,0,0,0,0,0,1,1,4
LNR-0668,DATA-201,3,3,3,1.0,11,220.2,42.0,2,1,55.4,-8.2,0.0,1.0,0.0,5.0,0.51,0,0,0,0,0,0,0,0,0,1,1,1,0,0,3
LNR-0668,DATA-201,4,3,3,1.0,13,244.4,31.0,2,1,66.7,11.3,0.0,1.0,0.0,4.5,0.74,0,0,0,0,0,0,0,0,0,0,0,0,0,0,0
LNR-0668,DATA-201,5,2,2,1.0,11,279.9,34.0,2,2,73.0,6.3,1.0,0.0,3.0,4.5,0.43,0,0,0,0,0,0,0,0,0,0,0,0,0,0,0
LNR-0669,AI-301,1,3,3,1.0,12,185.6,33.0,1,1,50.3,-2.9,0.0,3.0,0.0,4.0,0.43,0,0,0,0,0,0,0,0,0,0,0,0,0,0,0
LNR-0669,AI-301,2,2,2,1.0,15,183.0,32.0,2,1,47.9,-2.4,0.0,0.0,0.0,5.0,0.71,0,0,0,0,0,0,0,0,0,0,0,0,0,0,0
LNR-0669,AI-301,3,3,3,1.0,11,200.9,35.0,1,2,53.9,6.0,1.0,0.0,0.0,4.0,0.44,0,0,0,0,0,0,0,0,0,0,0,0,1,1,2
LNR-0669,AI-301,4,3,3,1.0,6,196.8,18.0,2,1,54.7,0.8,1.0,2.0,1.0,4.0,0.44,0,0,0,0,0,0,0,0,0,0,0,0,1,1,2
LNR-0669,AI-301,5,3,3,1.0,11,235.9,26.0,1,2,45.6,-9.1,2.0,2.0,0.0,5.0,0.77,0,0,0,0,0,0,0,0,0,0,0,0,0,0,0
LNR-0670,WEB-102,1,4,4,1.0,6,152.6,34.0,1,1,87.9,11.1,1.0,1.0,0.0,4.0,0.44,0,0,0,0,0,0,0,0,0,0,0,0,1,1,2
LNR-0670,WEB-102,2,3,3,1.0,5,196.3,33.0,2,1,70.2,-17.7,0.0,0.0,1.0,5.0,0.56,0,0,0,0,0,0,0,0,0,0,0,0,0,0,0
LNR-0670,WEB-102,3,3,3,1.0,17,210.8,28.0,1,1,70.2,0.0,3.0,0.0,0.0,5.0,0.55,0,0,0,0,0,0,0,0,0,0,0,0,0,0,0
LNR-0670,WEB-102,4,3,3,1.0,13,107.4,24.0,2,2,65.3,-4.9,1.0,2.0,0.0,4.0,0.57,0,0,0,0,0,0,0,0,0,0,0,0,0,0,0
LNR-0670,WEB-102,5,3,3,1.0,10,253.5,34.0,2,3,82.2,16.9,0.0,1.0,0.0,5.0,0.69,0,0,0,0,0,0,0,0,0,0,0,0,0,0,0
LNR-0671,WEB-102,1,2,2,1.0,12,244.3,35.0,2,1,96.3,5.2,1.0,2.0,0.0,4.0,0.44,0,0,0,0,0,0,0,0,0,0,0,0,1,1,2
LNR-0671,WEB-102,2,3,3,1.0,8,163.3,40.0,2,1,69.9,-0.3,0.0,2.0,0.0,4.0,0.44,0,1,0,0,0,0,0,1,1,0,0,0,1,1,5
LNR-0671,WEB-102,3,2,2,1.0,13,168.3,26.0,2,3,88.5,-2.8,1.0,1.0,2.0,4.5,0.66,0,1,0,1,1,0,0,0,0,0,0,0,0,0,3
LNR-0671,WEB-102,4,2,2,1.0,10,146.4,23.0,2,1,98.9,10.4,1.0,1.0,0.0,5.0,0.69,0,0,0,0,0,0,0,0,0,0,0,0,0,0,0
LNR-0671,WEB-102,5,4,3,0.75,6,182.6,25.0,2,1,94.3,-4.6,1.0,2.0,0.0,5.0,0.73,0,0,0,0,0,0,0,0,0,0,0,0,0,0,0
LNR-0672,WEB-102,1,4,4,1.0,15,155.5,31.0,2,2,69.9,-0.3,0.0,0.0,1.0,4.0,0.65,0,0,0,0,0,0,0,1,1,0,0,0,0,0,2
LNR-0672,WEB-102,2,3,3,1.0,10,182.9,35.0,1,2,59.6,-16.3,0.0,1.0,0.0,4.5,0.45,0,0,0,0,0,0,0,0,0,0,0,0,0,0,0
LNR-0672,WEB-102,3,4,4,1.0,8,207.8,34.0,2,1,80.3,20.7,0.0,1.0,1.0,5.0,0.44,0,0,0,0,0,0,0,0,0,0,0,0,0,0,0
LNR-0672,WEB-102,4,3,3,1.0,16,168.3,26.0,1,2,67.6,-12.7,2.0,2.0,0.0,5.0,0.49,0,0,0,1,1,0,0,0,0,0,0,0,0,0,2
LNR-0672,WEB-102,5,3,3,1.0,14,248.5,42.0,2,2,74.3,6.7,1.0,0.0,1.0,5.0,0.41,0,1,0,0,0,0,0,0,0,0,0,0,0,0,1
LNR-0673,DATA-201,1,2,2,1.0,16,241.4,30.0,2,1,71.9,8.1,0.0,1.0,0.0,4.5,0.76,0,0,0,0,0,0,0,0,0,1,1,1,0,0,3
LNR-0673,DATA-201,2,3,3,1.0,11,228.6,34.0,2,2,73.2,1.3,0.0,1.0,0.0,5.0,0.43,0,0,0,0,0,0,0,0,0,1,1,1,0,0,3
LNR-0673,DATA-201,3,3,3,1.0,10,261.8,35.0,1,3,69.6,-3.6,1.0,2.0,0.0,5.0,0.78,0,0,0,0,0,0,0,0,0,0,0,0,0,0,0
LNR-0673,DATA-201,4,3,3,1.0,10,265.5,28.0,2,1,71.1,1.5,1.0,1.0,0.0,4.0,0.44,0,0,0,0,0,0,0,0,0,0,0,0,1,1,2
LNR-0673,DATA-201,5,3,3,1.0,8,189.6,32.0,2,2,64.4,-6.7,0.0,1.0,0.0,4.0,0.44,0,0,0,0,0,0,0,0,0,1,1,1,1,1,5
LNR-0674,DATA-201,1,2,2,1.0,5,97.0,17.0,1,1,70.9,0.5,0.0,1.0,0.0,4.0,0.45,0,0,0,0,0,0,0,0,0,0,0,0,0,0,0
LNR-0674,DATA-201,2,3,2,0.6667,8,168.3,26.0,1,2,70.3,-0.6,0.0,1.0,1.0,3.5,0.16,0,0,0,1,1,0,0,0,0,0,0,0,0,0,2
LNR-0674,DATA-201,3,3,2,0.6667,8,48.5,21.0,1,1,85.1,14.8,0.0,0.0,0.0,3.0,0.12,0,0,0,0,0,0,0,0,0,0,0,0,0,0,0
LNR-0674,DATA-201,4,3,2,0.6667,10,75.0,25.0,1,2,72.8,-12.3,0.0,1.0,0.0,3.5,0.29,0,0,0,0,0,0,0,0,0,1,1,1,0,0,3
LNR-0674,DATA-201,5,2,1,0.5,9,122.1,25.0,2,1,78.2,5.4,0.0,1.0,0.0,4.0,0.22,0,0,0,0,0,0,0,0,0,1,1,1,0,0,3
LNR-0675,CS-101,1,2,2,1.0,13,168.6,27.0,2,2,55.7,-5.6,2.0,3.0,0.0,5.0,0.46,0,0,0,0,0,0,0,0,0,0,0,0,0,0,0
LNR-0675,CS-101,2,4,4,1.0,6,205.9,36.0,1,1,68.5,12.8,0.0,1.0,0.0,5.0,0.62,0,0,0,0,0,0,0,0,0,0,0,0,0,0,0
LNR-0675,CS-101,3,3,3,1.0,10,181.0,36.0,2,1,60.7,-7.8,1.0,1.0,0.0,4.0,0.44,0,0,0,0,0,0,0,0,0,0,0,0,1,1,2
LNR-0675,CS-101,4,2,2,1.0,11,182.0,34.0,1,1,50.5,-10.2,0.0,2.0,0.0,4.0,0.44,0,0,0,0,0,0,0,0,0,0,0,0,1,1,2
LNR-0675,CS-101,5,2,2,1.0,10,187.0,33.0,2,1,52.3,1.8,2.0,3.0,0.0,5.0,0.58,0,0,0,0,0,0,0,0,0,0,0,0,0,0,0
LNR-0676,CS-101,1,2,1,0.5,8,88.8,18.0,0,3,89.7,16.2,0.0,1.0,0.0,1.5,-0.5,1,0,0,0,0,0,0,0,0,0,0,0,0,0,0
LNR-0676,CS-101,2,2,1,0.5,5,101.2,12.0,1,0,56.1,-33.6,1.0,0.0,0.0,2.0,-0.39,0,0,0,0,0,0,0,0,0,0,0,0,0,0,0
LNR-0676,CS-101,3,3,1,0.3333,4,86.1,11.0,1,0,55.7,-0.4,0.0,0.0,0.0,2.5,-0.31,0,0,0,0,0,0,0,0,0,0,0,0,0,0,0
LNR-0676,CS-101,4,3,1,0.3333,4,107.0,9.0,0,1,61.8,6.1,0.0,1.0,0.0,2.5,-0.05,1,0,0,0,0,0,0,0,0,0,0,0,0,0,0
LNR-0676,CS-101,5,4,0,0.0,2,23.7,9.0,0,0,69.9,-0.3,1.0,0.0,0.0,4.0,0.44,1,0,0,0,0,0,0,1,1,0,0,0,1,1,4
LNR-0677,DATA-201,1,2,2,1.0,10,240.7,34.0,2,1,69.9,-0.3,0.0,1.0,0.0,5.0,0.52,0,1,0,0,0,0,0,1,1,0,0,0,0,0,3
LNR-0677,DATA-201,2,2,2,1.0,10,199.1,30.0,2,3,86.9,8.6,1.0,2.0,1.0,5.0,0.47,0,0,0,0,0,0,0,0,0,0,0,0,0,0,0
LNR-0677,DATA-201,3,4,4,1.0,9,256.4,35.0,2,2,76.9,-10.0,2.0,1.0,0.0,5.0,0.4,0,0,0,0,0,0,0,0,0,0,0,0,0,0,0
LNR-0677,DATA-201,4,3,3,1.0,10,184.8,35.0,1,2,69.9,-0.3,2.0,0.0,1.0,4.5,0.71,0,0,0,0,0,0,0,1,1,0,0,0,0,0,2
LNR-0677,DATA-201,5,3,3,1.0,10,206.4,44.0,2,2,83.1,2.0,0.0,0.0,0.0,4.0,0.66,0,0,0,0,0,0,0,0,0,0,0,0,0,0,0
LNR-0678,DATA-201,1,3,3,1.0,10,181.1,40.0,2,1,74.6,3.2,1.0,0.0,1.0,4.5,0.73,0,0,0,0,0,0,0,0,0,0,0,0,0,0,0
LNR-0678,DATA-201,2,2,2,1.0,13,224.4,34.0,2,1,68.6,-6.0,0.0,0.0,0.0,4.0,0.44,0,0,0,0,0,0,0,0,0,0,0,0,1,1,2
LNR-0678,DATA-201,3,2,2,1.0,11,190.2,37.0,2,2,69.9,-0.3,1.0,2.0,0.0,4.5,0.69,0,0,0,0,0,0,0,1,1,0,0,0,0,0,2
LNR-0678,DATA-201,4,2,2,1.0,10,202.3,28.0,2,1,69.9,-4.4,0.0,2.0,2.0,5.0,0.72,0,0,0,0,0,0,0,0,0,0,0,0,0,0,0
LNR-0678,DATA-201,5,4,4,1.0,9,213.4,38.0,2,3,69.9,-0.3,4.0,0.0,1.0,4.0,0.44,0,0,0,0,0,0,0,1,1,0,0,0,1,1,4
LNR-0679,AI-301,1,3,2,0.6667,5,196.0,24.0,2,1,75.1,-0.1,0.0,1.0,0.0,3.5,0.26,0,0,0,0,0,0,0,0,0,0,0,0,0,0,0
LNR-0679,AI-301,2,2,1,0.5,7,99.6,20.0,1,1,87.1,12.0,0.0,1.0,0.0,3.5,0.24,0,0,0,0,0,0,0,0,0,1,1,1,0,0,3
LNR-0679,AI-301,3,4,3,0.75,4,160.7,15.0,1,1,54.4,-32.7,0.0,1.0,0.0,4.0,0.28,0,0,0,0,0,0,0,0,0,0,0,0,0,0,0
LNR-0679,AI-301,4,4,3,0.75,6,157.6,17.0,2,1,69.9,-0.3,0.0,1.0,0.0,3.5,0.05,0,0,0,0,0,0,0,1,1,0,0,0,0,0,2
LNR-0679,AI-301,5,3,2,0.6667,10,148.6,20.0,1,1,69.9,-0.3,0.0,0.0,1.0,3.0,0.07,0,0,0,0,0,0,0,1,1,0,0,0,0,0,2
LNR-0680,CS-101,1,2,2,1.0,10,180.3,26.0,2,1,54.2,-6.7,0.0,1.0,0.0,4.0,0.44,0,0,0,0,0,0,0,0,0,1,1,1,1,1,5
LNR-0680,CS-101,2,3,3,1.0,10,185.7,52.0,1,1,50.1,-4.1,0.0,1.0,0.0,4.5,0.76,0,0,0,0,0,0,0,0,0,1,1,1,0,0,3
LNR-0680,CS-101,3,3,3,1.0,13,191.9,28.0,1,1,67.0,16.9,0.0,1.0,0.0,5.0,0.88,0,0,0,0,0,0,0,0,0,0,0,0,0,0,0
LNR-0680,CS-101,4,4,3,1.0,8,277.0,31.0,2,1,59.9,-7.1,1.0,1.0,1.0,4.5,0.57,0,1,0,0,0,0,0,0,0,0,0,0,0,0,1
LNR-0680,CS-101,5,4,4,1.0,19,204.9,30.0,2,1,61.0,1.1,0.0,1.0,1.0,5.0,0.61,0,0,0,0,0,0,0,0,0,0,0,0,0,0,0
LNR-0681,AI-301,1,2,2,1.0,10,223.0,23.0,1,3,71.3,6.3,0.0,3.0,0.0,4.0,0.7,0,0,0,0,0,0,0,0,0,0,0,0,0,0,0
LNR-0681,AI-301,2,4,4,1.0,12,168.3,26.0,2,1,57.3,-14.0,0.0,1.0,1.0,5.0,0.79,0,0,0,1,1,0,0,0,0,0,0,0,0,0,2
LNR-0681,AI-301,3,4,4,1.0,13,182.1,32.0,2,1,57.7,0.4,1.0,2.0,1.0,4.5,0.43,0,0,0,0,0,0,0,0,0,0,0,0,0,0,0
LNR-0681,AI-301,4,4,4,1.0,15,241.1,22.0,1,1,69.2,11.5,0.0,0.0,0.0,5.0,0.62,0,0,0,0,0,0,0,0,0,0,0,0,0,0,0
LNR-0681,AI-301,5,3,3,1.0,17,151.8,44.0,2,1,62.9,-6.3,0.0,0.0,1.0,5.0,0.5,0,0,0,0,0,0,0,0,0,0,0,0,0,0,0
LNR-0682,CS-101,1,2,2,1.0,10,198.2,41.0,2,1,73.3,5.4,0.0,0.0,0.0,5.0,0.77,0,0,0,0,0,0,0,0,0,0,0,0,0,0,0
LNR-0682,CS-101,2,2,2,1.0,14,252.3,26.0,2,2,79.8,6.5,1.0,1.0,0.0,4.0,0.44,0,0,0,0,0,0,0,0,0,0,0,0,1,1,2
LNR-0682,CS-101,3,3,3,1.0,7,168.3,26.0,2,1,70.8,-9.0,0.0,0.0,0.0,4.5,0.63,0,0,0,1,1,0,0,0,0,0,0,0,0,0,2
LNR-0682,CS-101,4,3,3,1.0,9,181.4,18.0,2,2,70.8,0.0,0.0,1.0,0.0,4.0,0.44,0,0,0,0,0,0,0,0,0,1,1,1,1,1,5
LNR-0682,CS-101,5,3,3,1.0,10,168.3,26.0,2,2,74.5,3.7,1.0,0.0,1.0,4.5,0.8,0,0,0,1,1,0,0,0,0,0,0,0,0,0,2
LNR-0683,CS-101,1,3,3,1.0,14,198.1,39.0,1,3,63.6,0.5,1.0,0.0,1.0,5.0,0.8,0,0,0,0,0,0,0,0,0,0,0,0,0,0,0
LNR-0683,CS-101,2,2,2,1.0,12,163.7,33.0,2,1,69.9,-0.3,1.0,3.0,1.0,4.0,0.44,0,0,0,0,0,0,0,1,1,0,0,0,1,1,4
LNR-0683,CS-101,3,3,3,1.0,17,205.8,27.0,2,2,62.1,-6.1,1.0,0.0,1.0,4.5,0.85,0,1,0,0,0,0,0,0,0,0,0,0,0,0,1
LNR-0683,CS-101,4,2,2,1.0,10,235.5,34.0,2,2,64.6,2.5,0.0,2.0,3.0,5.0,0.49,0,0,0,0,0,0,0,0,0,0,0,0,0,0,0
LNR-0683,CS-101,5,3,3,1.0,7,208.6,38.0,1,1,54.7,-9.9,0.0,2.0,1.0,4.0,0.44,0,0,0,0,0,0,0,0,0,0,0,0,1,1,2
LNR-0684,CS-101,1,3,3,1.0,15,204.7,41.0,1,2,49.7,-2.1,0.0,1.0,0.0,4.0,0.67,0,0,0,0,0,0,0,0,0,1,1,1,0,0,3
LNR-0684,CS-101,2,2,2,1.0,13,122.8,40.0,2,3,53.5,3.8,3.0,0.0,1.0,4.5,0.81,0,0,0,0,0,0,0,0,0,0,0,0,0,0,0
LNR-0684,CS-101,3,2,2,1.0,15,193.8,46.0,2,1,63.3,9.8,1.0,1.0,0.0,4.0,0.44,0,0,0,0,0,0,0,0,0,0,0,0,1,1,2
LNR-0684,CS-101,4,3,3,1.0,11,255.3,29.0,2,2,58.2,-5.1,1.0,1.0,0.0,5.0,0.66,0,0,0,0,0,0,0,0,0,0,0,0,0,0,0
LNR-0684,CS-101,5,4,4,1.0,13,145.5,33.0,2,1,52.9,-5.3,2.0,0.0,3.0,4.5,0.86,0,0,0,0,0,0,0,0,0,0,0,0,0,0,0
LNR-0685,CS-101,1,2,2,1.0,2,106.2,22.0,2,1,90.0,5.6,0.0,0.0,0.0,4.0,0.44,0,0,0,0,0,0,0,0,0,0,0,0,1,1,2
LNR-0685,CS-101,2,3,2,0.6667,5,168.3,26.0,1,1,74.0,-16.0,2.0,2.0,0.0,4.0,0.44,0,0,0,1,1,0,0,0,0,0,0,0,1,1,4
LNR-0685,CS-101,3,4,3,0.75,3,147.8,20.0,0,1,84.2,10.2,0.0,1.0,1.0,3.5,0.35,0,0,0,0,0,0,0,0,0,0,0,0,0,0,0
LNR-0685,CS-101,4,3,3,1.0,6,184.6,25.0,2,1,99.0,14.8,0.0,2.0,0.0,4.0,0.44,0,0,0,0,0,0,0,0,0,0,0,0,1,1,2
LNR-0685,CS-101,5,4,3,0.75,6,96.1,28.0,1,1,90.2,-8.8,1.0,1.0,2.0,3.5,0.1,0,0,0,0,0,0,0,0,0,0,0,0,0,0,0
LNR-0686,WEB-102,1,3,2,0.6667,8,110.7,29.0,1,1,69.9,-0.3,0.0,0.0,0.0,3.5,0.09,0,0,0,0,0,0,0,1,1,0,0,0,0,0,2
LNR-0686,WEB-102,2,3,3,1.0,6,119.8,20.0,1,1,69.9,-0.3,0.0,0.0,0.0,3.0,0.12,0,0,0,0,0,0,0,1,1,0,0,0,0,0,2
LNR-0686,WEB-102,3,4,3,0.75,8,174.0,26.0,1,1,92.5,-0.3,0.0,0.0,0.0,4.0,0.44,0,0,0,0,0,0,0,0,0,0,0,0,1,1,2
LNR-0686,WEB-102,4,3,2,0.6667,7,144.1,31.0,1,2,89.1,-3.4,0.0,2.0,0.0,3.0,0.03,0,0,0,0,0,0,0,0,0,0,0,0,0,0,0
LNR-0686,WEB-102,5,4,3,0.75,8,135.9,19.0,1,1,90.1,1.0,0.0,1.0,0.0,4.0,0.02,0,0,0,0,0,0,0,0,0,0,0,0,0,0,0
LNR-0687,AI-301,1,4,4,1.0,12,217.8,25.0,2,1,64.3,-6.6,3.0,1.0,1.0,4.0,0.54,0,0,0,0,0,0,0,0,0,0,0,0,0,0,0
LNR-0687,AI-301,2,2,2,1.0,10,286.4,42.0,2,2,70.4,6.1,1.0,3.0,0.0,5.0,0.42,0,0,0,0,0,0,0,0,0,0,0,0,0,0,0
LNR-0687,AI-301,3,3,3,1.0,9,199.1,22.0,2,1,72.3,1.9,0.0,1.0,0.0,4.0,0.87,0,0,0,0,0,0,0,0,0,1,1,1,0,0,3
LNR-0687,AI-301,4,3,3,1.0,9,219.5,28.0,1,2,69.9,-0.3,0.0,0.0,1.0,4.0,0.47,0,0,0,0,0,0,0,1,1,0,0,0,0,0,2
LNR-0687,AI-301,5,4,4,1.0,10,205.2,30.0,2,2,65.5,-3.1,0.0,0.0,0.0,5.0,0.49,0,0,0,0,0,0,0,0,0,0,0,0,0,0,0
LNR-0688,CS-101,1,3,3,1.0,7,304.1,26.0,2,1,64.7,-0.5,1.0,0.0,1.0,5.0,0.54,0,0,0,0,0,0,0,0,0,0,0,0,0,0,0
LNR-0688,CS-101,2,3,3,1.0,11,156.9,29.0,2,2,78.3,13.6,0.0,1.0,0.0,4.5,0.67,0,0,0,0,0,0,0,0,0,1,1,1,0,0,3
LNR-0688,CS-101,3,3,3,1.0,16,209.7,30.0,2,2,62.2,-16.1,0.0,0.0,1.0,4.0,0.44,0,0,0,0,0,0,0,0,0,0,0,0,1,1,2
LNR-0688,CS-101,4,3,3,1.0,9,228.1,32.0,1,1,66.7,4.5,1.0,2.0,1.0,5.0,0.49,0,0,0,0,0,0,0,0,0,0,0,0,0,0,0
LNR-0688,CS-101,5,3,3,1.0,9,168.3,26.0,2,1,67.0,0.3,0.0,1.0,0.0,5.0,0.86,0,0,0,1,1,0,0,0,0,0,0,0,0,0,2
LNR-0689,WEB-102,1,3,2,0.6667,3,105.8,23.0,1,1,82.3,-2.9,0.0,0.0,1.0,3.5,0.23,0,0,0,0,0,0,0,0,0,0,0,0,0,0,0
LNR-0689,WEB-102,2,4,3,1.0,5,136.3,22.0,1,1,80.6,-1.7,1.0,0.0,0.0,4.0,0.28,0,1,0,0,0,0,0,0,0,0,0,0,0,0,1
LNR-0689,WEB-102,3,2,2,1.0,8,145.4,17.0,1,1,79.1,-1.5,1.0,0.0,0.0,3.5,0.12,0,0,0,0,0,0,0,0,0,0,0,0,0,0,0
LNR-0689,WEB-102,4,3,2,0.6667,6,139.8,25.0,1,2,82.3,3.2,0.0,1.0,0.0,3.0,0.21,0,0,0,0,0,0,0,0,0,1,1,1,0,0,3
LNR-0689,WEB-102,5,2,2,1.0,8,168.3,26.0,1,1,73.3,-9.0,0.0,0.0,0.0,4.0,0.44,0,0,0,1,1,0,0,0,0,0,0,0,1,1,4
LNR-0690,CS-101,1,3,3,1.0,4,170.9,27.0,1,1,69.9,-0.3,1.0,1.0,0.0,4.0,0.5,0,0,0,0,0,0,0,1,1,0,0,0,0,0,2
LNR-0690,CS-101,2,2,2,1.0,6,162.4,26.0,1,1,58.3,-12.0,1.0,1.0,0.0,4.0,0.5,0,0,0,0,0,0,0,0,0,0,0,0,0,0,0
LNR-0690,CS-101,3,3,1,1.0,0,19.5,4.0,0,0,48.9,-9.4,0.0,0.0,0.0,4.0,0.44,1,1,0,0,0,0,0,0,0,0,0,0,1,1,3
LNR-0690,CS-101,4,4,0,0.0,2,168.3,26.0,0,0,56.4,7.5,0.0,0.0,0.0,2.0,-0.5,1,0,0,1,1,0,0,0,0,0,0,0,0,0,2
LNR-0690,CS-101,5,3,1,0.3333,0,12.7,2.0,0,0,32.3,-24.1,0.0,0.0,0.0,1.0,-0.56,1,0,0,0,0,0,0,0,0,0,0,0,0,0,0
LNR-0691,AI-301,1,3,3,1.0,10,190.1,30.0,2,1,94.4,9.0,0.0,0.0,0.0,5.0,0.49,0,0,0,0,0,0,0,0,0,0,0,0,0,0,0
LNR-0691,AI-301,2,3,3,1.0,11,235.4,29.0,2,1,96.6,2.2,0.0,0.0,0.0,4.0,0.75,0,0,0,0,0,0,0,0,0,0,0,0,0,0,0
LNR-0691,AI-301,3,3,3,1.0,17,122.3,44.0,2,1,88.2,-8.4,0.0,1.0,1.0,5.0,0.62,0,0,0,0,0,0,0,0,0,0,0,0,0,0,0
LNR-0691,AI-301,4,3,3,1.0,8,214.1,37.0,2,1,91.7,3.5,1.0,1.0,0.0,4.5,0.42,0,0,0,0,0,0,0,0,0,0,0,0,0,0,0
LNR-0691,AI-301,5,3,3,1.0,7,185.2,35.0,2,2,89.5,-2.2,2.0,3.0,0.0,4.5,0.47,0,0,0,0,0,0,0,0,0,0,0,0,0,0,0
LNR-0692,WEB-102,1,2,1,0.5,1,169.5,12.0,1,3,64.6,4.5,0.0,0.0,0.0,2.0,0.07,0,0,0,0,0,0,0,0,0,0,0,0,0,0,0
LNR-0692,WEB-102,2,4,2,0.5,1,161.0,16.0,1,0,46.1,-18.5,0.0,0.0,0.0,4.0,0.44,0,0,0,0,0,0,0,0,0,0,0,0,1,1,2
LNR-0692,WEB-102,3,3,1,0.3333,5,66.2,9.0,0,3,37.3,-8.8,0.0,2.0,1.0,2.5,-0.25,1,0,0,0,0,0,0,0,0,0,0,0,0,0,0
LNR-0692,WEB-102,4,3,1,0.3333,4,50.1,7.0,0,2,51.0,13.7,0.0,0.0,0.0,2.5,0.02,1,0,0,0,0,0,0,0,0,0,0,0,0,0,0
LNR-0692,WEB-102,5,3,0,1.0,2,51.0,5.0,0,1,29.7,-21.3,0.0,1.0,0.0,2.0,-0.57,1,1,0,0,0,0,0,0,0,1,1,1,0,0,4
LNR-0693,DATA-201,1,3,2,0.6667,11,131.3,19.0,1,1,69.9,-0.3,0.0,0.0,0.0,3.0,0.38,0,0,0,0,0,0,0,1,1,0,0,0,0,0,2
LNR-0693,DATA-201,2,4,3,1.0,3,181.2,24.0,2,1,99.6,-0.4,0.0,2.0,0.0,4.0,0.44,0,1,0,0,0,0,0,0,0,0,0,0,1,1,3
LNR-0693,DATA-201,3,2,1,0.5,10,179.6,22.0,1,2,99.2,-0.4,1.0,0.0,0.0,3.5,0.05,0,0,0,0,0,0,0,0,0,0,0,0,0,0,0
LNR-0693,DATA-201,4,3,2,0.6667,9,79.4,20.0,1,1,100.0,0.8,0.0,1.0,0.0,4.0,0.04,0,0,0,0,0,0,0,0,0,0,0,0,0,0,0
LNR-0693,DATA-201,5,4,3,0.75,6,148.5,19.0,1,1,93.9,-6.1,0.0,0.0,0.0,4.0,0.44,0,0,0,0,0,0,0,0,0,0,0,0,1,1,2
LNR-0694,CS-101,1,3,3,1.0,14,349.4,39.0,1,3,61.8,-0.3,0.0,1.0,0.0,4.0,0.44,0,0,0,0,0,0,0,0,0,1,1,1,1,1,5
LNR-0694,CS-101,2,4,4,1.0,7,189.9,28.0,2,1,68.2,6.4,1.0,0.0,0.0,4.5,0.63,0,0,0,0,0,0,0,0,0,0,0,0,0,0,0
LNR-0694,CS-101,3,4,4,1.0,16,217.4,33.0,2,1,66.1,-2.1,0.0,1.0,0.0,4.0,0.44,0,0,0,0,0,0,0,0,0,1,1,1,1,1,5
LNR-0694,CS-101,4,2,2,1.0,8,239.7,35.0,2,1,58.8,-7.3,0.0,1.0,1.0,5.0,0.89,0,0,0,0,0,0,0,0,0,0,0,0,0,0,0
LNR-0694,CS-101,5,4,4,1.0,12,216.4,27.0,2,1,60.9,2.1,0.0,1.0,0.0,5.0,0.59,0,0,0,0,0,0,0,0,0,0,0,0,0,0,0
LNR-0695,CS-101,1,2,2,1.0,6,213.5,32.0,2,1,47.7,-4.4,2.0,0.0,0.0,5.0,0.49,0,0,0,0,0,0,0,0,0,0,0,0,0,0,0
LNR-0695,CS-101,2,3,3,1.0,13,202.1,28.0,2,1,57.6,9.9,3.0,2.0,0.0,5.0,0.58,0,0,0,0,0,0,0,0,0,0,0,0,0,0,0
LNR-0695,CS-101,3,3,3,1.0,11,147.0,31.0,1,1,55.1,-2.5,0.0,1.0,0.0,4.0,0.44,0,0,0,0,0,0,0,0,0,1,1,1,1,1,5
LNR-0695,CS-101,4,4,4,1.0,7,163.0,36.0,2,1,61.7,6.6,0.0,1.0,1.0,4.5,0.61,0,0,0,0,0,0,0,0,0,0,0,0,0,0,0
LNR-0695,CS-101,5,4,4,1.0,8,175.7,31.0,2,1,54.5,-7.2,0.0,0.0,2.0,4.5,0.58,0,0,0,0,0,0,0,0,0,0,0,0,0,0,0
LNR-0696,AI-301,1,3,2,0.6667,10,218.3,19.0,1,2,71.3,-1.4,1.0,1.0,0.0,3.5,0.26,0,0,0,0,0,0,0,0,0,0,0,0,0,0,0
LNR-0696,AI-301,2,2,2,1.0,6,127.2,19.0,1,1,69.0,-2.3,0.0,1.0,0.0,4.0,0.22,0,0,0,0,0,0,0,0,0,1,1,1,0,0,3
LNR-0696,AI-301,3,3,2,0.6667,3,168.8,18.0,1,1,66.3,-2.7,0.0,1.0,0.0,4.0,0.44,0,0,0,0,0,0,0,0,0,0,0,0,1,1,2
LNR-0696,AI-301,4,3,2,0.6667,7,166.1,16.0,0,1,69.9,-0.3,1.0,0.0,0.0,3.5,0.3,0,0,0,0,0,0,0,1,1,0,0,0,0,0,2
LNR-0696,AI-301,5,2,1,0.5,15,116.5,18.0,1,1,69.9,-0.3,0.0,0.0,1.0,3.5,0.1,0,0,0,0,0,0,0,1,1,0,0,0,0,0,2
LNR-0697,CS-101,1,3,3,1.0,9,202.5,36.0,2,2,86.7,-11.3,0.0,0.0,0.0,5.0,0.87,0,0,0,0,0,0,0,0,0,0,0,0,0,0,0
LNR-0697,CS-101,2,3,3,1.0,12,205.5,42.0,2,1,100.0,13.3,0.0,3.0,0.0,4.0,0.44,0,0,0,0,0,0,0,0,0,0,0,0,1,1,2
LNR-0697,CS-101,3,3,3,1.0,12,200.6,26.0,1,1,100.0,0.0,2.0,2.0,0.0,4.5,0.45,0,0,0,0,0,0,0,0,0,0,0,0,0,0,0
LNR-0697,CS-101,4,3,3,1.0,11,211.5,26.0,1,1,69.9,-0.3,2.0,2.0,0.0,5.0,0.4,0,0,0,0,0,0,0,1,1,0,0,0,0,0,2
LNR-0697,CS-101,5,3,3,1.0,13,205.6,39.0,2,1,100.0,3.5,1.0,4.0,0.0,4.0,0.44,0,0,0,0,0,0,0,0,0,0,0,0,1,1,2
LNR-0698,CS-101,1,3,3,1.0,13,181.9,35.0,1,1,84.2,6.3,0.0,3.0,0.0,5.0,0.56,0,0,0,0,0,0,0,0,0,0,0,0,0,0,0
LNR-0698,CS-101,2,3,3,1.0,2,153.5,30.0,1,1,72.2,-12.0,3.0,0.0,0.0,4.0,0.44,0,0,0,0,0,0,0,0,0,0,0,0,1,1,2
LNR-0698,CS-101,3,3,3,1.0,8,312.4,38.0,2,1,80.0,7.8,1.0,0.0,0.0,4.0,0.44,0,0,0,0,0,0,0,0,0,0,0,0,1,1,2
LNR-0698,CS-101,4,3,3,1.0,12,249.7,33.0,1,1,79.3,-0.7,1.0,2.0,0.0,5.0,0.77,0,0,0,0,0,0,0,0,0,0,0,0,0,0,0
LNR-0698,CS-101,5,4,3,0.75,12,301.2,32.0,2,2,83.7,4.4,0.0,0.0,0.0,4.0,0.44,0,0,0,0,0,0,0,0,0,0,0,0,1,1,2
LNR-0699,AI-301,1,4,4,1.0,7,243.7,38.0,2,1,80.2,11.7,0.0,3.0,0.0,4.0,0.55,0,0,0,0,0,0,0,0,0,0,0,0,0,0,0
LNR-0699,AI-301,2,3,3,1.0,7,186.7,22.0,1,1,60.2,-20.0,4.0,0.0,0.0,4.5,0.43,0,0,0,0,0,0,0,0,0,0,0,0,0,0,0
LNR-0699,AI-301,3,2,2,1.0,16,239.4,28.0,2,1,76.3,16.1,2.0,0.0,0.0,4.5,0.41,0,0,0,0,0,0,0,0,0,0,0,0,0,0,0
LNR-0699,AI-301,4,3,3,1.0,16,211.7,30.0,2,1,76.2,-0.1,0.0,1.0,0.0,5.0,0.81,0,0,0,0,0,0,0,0,0,1,1,1,0,0,3
LNR-0699,AI-301,5,3,3,1.0,14,167.1,36.0,2,3,79.6,3.4,1.0,1.0,0.0,4.0,0.44,0,0,0,0,0,0,0,0,0,0,0,0,1,1,2
LNR-0700,DATA-201,1,3,2,0.6667,5,188.7,27.0,1,1,69.9,-0.3,0.0,1.0,0.0,4.0,0.44,0,0,0,0,0,0,0,1,1,1,1,1,1,1,7
LNR-0700,DATA-201,2,3,2,0.6667,7,80.8,26.0,2,2,46.7,2.6,0.0,1.0,0.0,3.5,0.22,0,0,0,0,0,0,0,0,0,0,0,0,0,0,0
LNR-0700,DATA-201,3,2,1,0.5,6,111.9,19.0,2,1,27.1,-19.6,2.0,1.0,0.0,4.0,0.44,1,0,0,0,0,0,0,0,0,0,0,0,1,1,2
LNR-0700,DATA-201,4,4,3,0.75,9,168.3,26.0,0,1,51.4,24.3,2.0,1.0,1.0,4.0,0.26,0,0,0,1,1,0,0,0,0,0,0,0,0,0,2
LNR-0700,DATA-201,5,3,2,0.6667,7,146.3,26.0,0,1,38.9,-12.5,1.0,0.0,0.0,4.0,0.39,1,0,0,0,0,0,0,0,0,0,0,0,0,0,0
LNR-0701,AI-301,1,3,1,0.3333,2,100.2,20.0,1,1,67.5,-10.1,0.0,1.0,0.0,2.0,-0.02,1,0,0,0,0,0,0,0,0,0,0,0,0,0,0
LNR-0701,AI-301,2,4,2,0.5,5,74.0,8.0,1,0,59.3,-8.2,0.0,0.0,0.0,4.0,0.44,0,0,0,0,0,0,0,0,0,0,0,0,1,1,2
LNR-0701,AI-301,3,3,1,0.3333,2,168.3,26.0,0,0,58.0,-1.3,0.0,2.0,0.0,1.5,-0.32,1,0,0,1,1,0,0,0,0,0,0,0,0,0,2
LNR-0701,AI-301,4,3,1,0.3333,3,69.7,3.0,0,0,69.9,-0.3,1.0,0.0,0.0,4.0,0.44,1,0,0,0,0,0,0,1,1,0,0,0,1,1,4
LNR-0701,AI-301,5,4,0,0.0,4,37.2,6.0,0,0,48.1,-5.4,0.0,0.0,0.0,3.0,-0.55,1,0,0,0,0,0,0,0,0,0,0,0,0,0,0
LNR-0702,DATA-201,1,3,3,1.0,11,206.2,38.0,2,2,72.5,4.6,1.0,2.0,0.0,4.5,0.6,0,0,0,0,0,0,0,0,0,0,0,0,0,0,0
LNR-0702,DATA-201,2,4,4,1.0,14,199.3,32.0,1,2,80.1,7.6,1.0,2.0,0.0,4.0,0.44,0,0,0,0,0,0,0,0,0,0,0,0,1,1,2
LNR-0702,DATA-201,3,3,3,1.0,7,222.6,34.0,1,2,69.9,-0.3,0.0,2.0,0.0,4.0,0.44,0,0,0,0,0,0,0,1,1,0,0,0,1,1,4
LNR-0702,DATA-201,4,3,3,1.0,11,218.9,46.0,2,3,68.4,-0.1,0.0,1.0,0.0,4.0,0.44,0,0,0,0,0,0,0,0,0,1,1,1,1,1,5
LNR-0702,DATA-201,5,3,3,1.0,13,197.7,31.0,2,1,63.5,-4.9,2.0,3.0,0.0,4.5,0.56,0,0,0,0,0,0,0,0,0,0,0,0,0,0,0
LNR-0703,DATA-201,1,3,3,1.0,13,191.2,24.0,2,3,71.9,1.9,1.0,0.0,0.0,4.5,0.51,0,0,0,0,0,0,0,0,0,0,0,0,0,0,0
LNR-0703,DATA-201,2,2,2,1.0,15,192.2,35.0,2,2,66.3,-5.6,0.0,1.0,0.0,5.0,0.67,0,0,0,0,0,0,0,0,0,1,1,1,0,0,3
LNR-0703,DATA-201,3,3,3,1.0,13,231.0,31.0,2,1,63.3,-3.0,0.0,1.0,0.0,4.0,0.62,0,0,0,0,0,0,0,0,0,0,0,0,0,0,0
LNR-0703,DATA-201,4,3,3,1.0,11,175.4,41.0,2,1,85.9,22.6,1.0,1.0,0.0,4.0,0.67,0,0,0,0,0,0,0,0,0,0,0,0,0,0,0
LNR-0703,DATA-201,5,4,4,1.0,9,257.7,33.0,2,1,76.3,-9.6,1.0,2.0,0.0,4.0,0.74,0,0,0,0,0,0,0,0,0,0,0,0,0,0,0
LNR-0704,CS-101,1,2,1,0.5,4,154.9,17.0,1,2,80.0,-7.1,0.0,0.0,0.0,3.0,-0.39,0,0,0,0,0,0,0,0,0,0,0,0,0,0,0
LNR-0704,CS-101,2,3,1,0.3333,1,74.8,14.0,1,3,68.8,-11.2,0.0,0.0,0.0,2.0,-0.26,1,0,0,0,0,0,0,0,0,0,0,0,0,0,0
LNR-0704,CS-101,3,3,1,0.3333,7,31.8,4.0,0,3,69.9,1.1,1.0,0.0,0.0,4.0,0.44,1,0,0,0,0,0,0,0,0,0,0,0,1,1,2
LNR-0704,CS-101,4,3,1,0.3333,2,88.1,8.0,1,0,68.9,-1.0,0.0,0.0,0.0,1.5,-0.16,1,0,0,0,0,0,0,0,0,0,0,0,0,0,0
LNR-0704,CS-101,5,3,0,0.0,1,25.7,3.0,0,1,88.8,19.9,0.0,1.0,0.0,1.5,-0.58,1,0,0,0,0,0,0,0,0,1,1,1,0,0,3
LNR-0705,CS-101,1,3,3,1.0,8,178.5,31.0,2,1,69.9,-0.3,2.0,2.0,0.0,5.0,0.49,0,0,0,0,0,0,0,1,1,0,0,0,0,0,2
LNR-0705,CS-101,2,3,3,1.0,13,249.7,29.0,1,1,100.0,2.0,1.0,0.0,1.0,4.5,0.82,0,0,0,0,0,0,0,0,0,0,0,0,0,0,0
LNR-0705,CS-101,3,2,2,1.0,10,228.4,30.0,2,1,91.4,-8.6,1.0,1.0,0.0,4.0,0.9,0,0,0,0,0,0,0,0,0,0,0,0,0,0,0
LNR-0705,CS-101,4,3,3,1.0,9,218.2,37.0,2,2,91.4,0.0,0.0,1.0,0.0,4.5,0.58,0,0,0,0,0,0,0,0,0,0,0,0,0,0,0
LNR-0705,CS-101,5,4,4,1.0,17,210.3,33.0,2,1,100.0,8.6,0.0,0.0,0.0,5.0,0.86,0,1,0,0,0,0,0,0,0,0,0,0,0,0,1
LNR-0706,AI-301,1,2,2,1.0,9,249.1,37.0,2,2,71.3,2.5,2.0,1.0,0.0,5.0,0.43,0,0,0,0,0,0,0,0,0,0,0,0,0,0,0
LNR-0706,AI-301,2,3,3,1.0,8,180.6,33.0,2,2,58.8,-12.5,1.0,2.0,1.0,4.0,0.62,0,1,0,0,0,0,0,0,0,0,0,0,0,0,1
LNR-0706,AI-301,3,4,4,1.0,10,219.6,27.0,1,2,72.7,13.9,1.0,1.0,0.0,5.0,0.78,0,0,0,0,0,0,0,0,0,0,0,0,0,0,0
LNR-0706,AI-301,4,3,3,1.0,8,168.3,26.0,2,2,75.4,2.7,0.0,2.0,0.0,5.0,0.67,0,0,0,1,1,0,0,0,0,0,0,0,0,0,2
LNR-0706,AI-301,5,3,3,1.0,12,168.3,26.0,2,2,75.3,-0.1,1.0,1.0,0.0,4.5,0.46,0,0,0,1,1,0,0,0,0,0,0,0,0,0,2
LNR-0707,WEB-102,1,3,2,0.6667,9,186.9,20.0,1,2,56.9,5.9,3.0,0.0,0.0,4.0,0.5,0,0,0,0,0,0,0,0,0,0,0,0,0,0,0
LNR-0707,WEB-102,2,3,2,0.6667,8,109.4,17.0,1,1,45.8,-11.1,0.0,1.0,0.0,4.0,0.17,0,0,0,0,0,0,0,0,0,1,1,1,0,0,3
LNR-0707,WEB-102,3,3,2,0.6667,8,115.7,21.0,1,1,47.2,1.4,0.0,2.0,0.0,4.0,0.44,0,0,0,0,0,0,0,0,0,0,0,0,1,1,2
LNR-0707,WEB-102,4,3,2,0.6667,4,132.4,24.0,1,1,41.4,-5.8,0.0,1.0,0.0,4.0,0.43,0,0,0,0,0,0,0,0,0,0,0,0,0,0,0
LNR-0707,WEB-102,5,4,3,0.75,9,134.8,23.0,2,1,48.3,6.9,0.0,1.0,0.0,3.0,0.12,0,0,0,0,0,0,0,0,0,0,0,0,0,0,0
LNR-0708,WEB-102,1,4,4,1.0,10,147.9,28.0,2,2,51.6,0.3,1.0,0.0,0.0,4.5,0.52,0,0,0,0,0,0,0,0,0,0,0,0,0,0,0
LNR-0708,WEB-102,2,4,3,0.75,12,220.7,34.0,2,2,62.3,10.7,1.0,3.0,0.0,4.0,0.44,0,0,0,0,0,0,0,0,0,0,0,0,1,1,2
LNR-0708,WEB-102,3,4,4,1.0,12,196.6,31.0,2,2,69.2,6.9,0.0,1.0,0.0,5.0,0.83,0,1,0,0,0,0,0,0,0,0,0,0,0,0,1
LNR-0708,WEB-102,4,3,3,1.0,10,192.8,39.0,2,1,64.5,-4.7,1.0,1.0,0.0,4.0,0.65,0,0,0,0,0,0,0,0,0,0,0,0,0,0,0
LNR-0708,WEB-102,5,3,3,1.0,13,202.8,29.0,2,1,69.9,-0.3,1.0,2.0,1.0,5.0,0.62,0,0,0,0,0,0,0,1,1,0,0,0,0,0,2
LNR-0709,AI-301,1,3,2,0.6667,7,106.7,19.0,1,2,65.0,-5.1,0.0,1.0,0.0,3.5,0.12,0,0,0,0,0,0,0,0,0,0,0,0,0,0,0
LNR-0709,AI-301,2,3,2,0.6667,6,133.4,19.0,1,1,59.9,-5.1,2.0,0.0,1.0,3.0,0.12,0,0,0,0,0,0,0,0,0,0,0,0,0,0,0
LNR-0709,AI-301,3,2,1,0.5,4,204.2,24.0,1,1,85.9,26.0,2.0,0.0,0.0,3.5,0.29,0,0,0,0,0,0,0,0,0,0,0,0,0,0,0
LNR-0709,AI-301,4,4,3,0.75,4,115.9,22.0,1,1,78.7,-7.2,0.0,0.0,1.0,3.0,0.42,0,0,0,0,0,0,0,0,0,0,0,0,0,0,0
LNR-0709,AI-301,5,3,3,1.0,12,125.3,14.0,1,1,82.7,4.0,0.0,1.0,0.0,3.5,0.05,0,0,0,0,0,0,0,0,0,1,1,1,0,0,3
LNR-0710,AI-301,1,3,3,1.0,7,217.8,20.0,1,1,78.5,-0.0,1.0,1.0,0.0,4.0,0.5,0,0,0,0,0,0,0,0,0,0,0,0,0,0,0
LNR-0710,AI-301,2,3,3,1.0,13,192.5,30.0,1,1,91.2,12.7,1.0,1.0,0.0,4.0,0.44,0,0,0,0,0,0,0,0,0,0,0,0,1,1,2
LNR-0710,AI-301,3,3,1,0.3333,2,8.3,2.0,0,1,60.3,-30.9,0.0,0.0,0.0,4.0,0.44,1,0,0,0,0,0,0,0,0,0,0,0,1,1,2
LNR-0710,AI-301,4,4,1,0.25,0,23.0,2.0,0,0,51.9,-8.4,0.0,1.0,0.0,1.0,-0.21,1,0,0,0,0,0,0,0,0,1,1,1,0,0,3
LNR-0710,AI-301,5,4,1,0.25,2,48.8,4.0,0,0,48.7,-3.2,0.0,0.0,0.0,1.0,-0.33,1,0,0,0,0,0,0,0,0,0,0,0,0,0,0
LNR-0711,DATA-201,1,2,2,1.0,6,161.1,27.0,1,1,62.7,1.0,1.0,1.0,0.0,4.0,0.44,0,0,0,0,0,0,0,0,0,0,0,0,1,1,2
LNR-0711,DATA-201,2,3,2,0.6667,8,176.1,22.0,1,1,57.7,-5.0,1.0,1.0,0.0,4.0,0.5,0,0,0,0,0,0,0,0,0,0,0,0,0,0,0
LNR-0711,DATA-201,3,3,1,0.3333,2,33.0,2.0,0,0,67.3,9.6,0.0,0.0,0.0,4.0,0.44,1,0,0,0,0,0,0,0,0,0,0,0,1,1,2
LNR-0711,DATA-201,4,2,0,0.0,0,39.7,3.0,0,1,48.1,-19.2,0.0,0.0,0.0,1.0,-0.63,1,0,0,0,0,0,0,0,0,0,0,0,0,0,0
LNR-0711,DATA-201,5,3,1,0.3333,1,45.3,2.0,0,0,58.3,10.2,0.0,0.0,0.0,2.0,-0.64,1,0,0,0,0,0,0,0,0,0,0,0,0,0,0
LNR-0712,AI-301,1,3,3,1.0,7,255.4,30.0,2,2,79.7,7.6,1.0,0.0,0.0,4.5,0.71,0,0,0,0,0,0,0,0,0,0,0,0,0,0,0
LNR-0712,AI-301,2,3,3,1.0,10,227.0,32.0,2,2,75.3,-4.4,0.0,0.0,0.0,5.0,0.44,0,0,0,0,0,0,0,0,0,0,0,0,0,0,0
LNR-0712,AI-301,3,2,2,1.0,12,197.9,32.0,2,1,62.4,-12.9,1.0,1.0,0.0,5.0,0.68,0,0,0,0,0,0,0,0,0,0,0,0,0,0,0
LNR-0712,AI-301,4,3,3,1.0,12,176.8,36.0,2,2,74.8,12.4,1.0,0.0,0.0,4.5,0.9,0,0,0,0,0,0,0,0,0,0,0,0,0,0,0
LNR-0712,AI-301,5,2,2,1.0,5,200.6,38.0,1,1,69.3,-5.5,1.0,1.0,1.0,4.0,0.44,0,0,0,0,0,0,0,0,0,0,0,0,1,1,2
LNR-0713,CS-101,1,3,3,1.0,12,213.6,34.0,2,2,93.2,14.1,1.0,2.0,0.0,5.0,0.89,0,0,0,0,0,0,0,0,0,0,0,0,0,0,0
LNR-0713,CS-101,2,3,3,1.0,11,253.6,36.0,2,2,90.9,-2.3,0.0,1.0,0.0,4.5,0.86,0,0,0,0,0,0,0,0,0,0,0,0,0,0,0
LNR-0713,CS-101,3,2,2,1.0,12,191.2,29.0,2,1,84.5,-6.4,1.0,0.0,0.0,4.0,0.44,0,0,0,0,0,0,0,0,0,0,0,0,1,1,2
LNR-0713,CS-101,4,2,2,1.0,12,202.3,33.0,2,1,73.6,-10.9,0.0,1.0,1.0,4.5,0.84,0,0,0,0,0,0,0,0,0,0,0,0,0,0,0
LNR-0713,CS-101,5,3,3,1.0,13,190.7,29.0,2,1,79.3,5.7,0.0,2.0,0.0,4.0,0.44,0,0,0,0,0,0,0,0,0,0,0,0,1,1,2
LNR-0714,CS-101,1,3,2,0.6667,4,143.5,18.0,1,1,80.9,-13.8,0.0,2.0,0.0,3.5,0.17,0,0,0,0,0,0,0,0,0,0,0,0,0,0,0
LNR-0714,CS-101,2,3,2,0.6667,9,177.8,21.0,1,1,92.5,11.6,0.0,2.0,0.0,4.0,0.44,0,0,0,0,0,0,0,0,0,0,0,0,1,1,2
LNR-0714,CS-101,3,2,1,1.0,7,67.1,16.0,1,1,94.1,1.6,0.0,1.0,0.0,3.5,0.46,0,1,0,0,0,0,0,0,0,0,0,0,0,0,1
LNR-0714,CS-101,4,3,2,0.6667,8,162.5,27.0,1,1,97.7,3.6,0.0,1.0,0.0,3.5,0.17,0,0,0,0,0,0,0,0,0,1,1,1,0,0,3
LNR-0714,CS-101,5,3,3,1.0,8,142.8,17.0,1,1,99.8,2.1,0.0,0.0,1.0,4.0,0.44,0,0,0,0,0,0,0,0,0,0,0,0,1,1,2
LNR-0715,CS-101,1,2,1,0.5,7,116.7,19.0,1,2,50.8,-0.1,0.0,0.0,0.0,3.0,0.46,0,0,0,0,0,0,0,0,0,0,0,0,0,0,0
LNR-0715,CS-101,2,3,2,0.6667,10,165.5,17.0,1,2,58.9,8.1,0.0,2.0,0.0,3.5,0.44,0,0,0,0,0,0,0,0,0,0,0,0,0,0,0
LNR-0715,CS-101,3,3,2,0.6667,5,152.8,24.0,1,1,48.2,-10.7,0.0,0.0,0.0,3.5,0.01,0,0,0,0,0,0,0,0,0,0,0,0,0,0,0
LNR-0715,CS-101,4,3,2,0.6667,9,101.1,19.0,1,1,40.0,-8.2,1.0,0.0,0.0,4.0,0.44,0,0,0,0,0,0,0,0,0,0,0,0,1,1,2
LNR-0715,CS-101,5,4,3,0.75,7,169.7,20.0,2,1,50.8,10.8,0.0,0.0,0.0,3.0,0.05,0,0,0,0,0,0,0,0,0,0,0,0,0,0,0
LNR-0716,CS-101,1,2,2,1.0,11,247.5,45.0,2,2,96.6,6.9,0.0,2.0,0.0,4.0,0.44,0,0,0,0,0,0,0,0,0,0,0,0,1,1,2
LNR-0716,CS-101,2,2,2,1.0,6,252.4,33.0,2,1,94.8,-1.8,2.0,3.0,1.0,4.5,0.88,0,0,0,0,0,0,0,0,0,0,0,0,0,0,0
LNR-0716,CS-101,3,3,3,1.0,11,182.5,46.0,2,2,98.3,3.5,1.0,0.0,0.0,5.0,0.47,0,0,0,0,0,0,0,0,0,0,0,0,0,0,0
LNR-0716,CS-101,4,2,2,1.0,10,220.0,29.0,2,1,85.5,-12.8,0.0,2.0,0.0,5.0,0.51,0,0,0,0,0,0,0,0,0,0,0,0,0,0,0
LNR-0716,CS-101,5,4,3,1.0,11,159.5,36.0,2,1,90.4,4.9,0.0,1.0,0.0,5.0,0.86,0,1,0,0,0,0,0,0,0,0,0,0,0,0,1
LNR-0717,DATA-201,1,3,3,1.0,14,229.6,31.0,2,1,69.1,2.6,0.0,0.0,1.0,4.0,0.84,0,0,0,0,0,0,0,0,0,0,0,0,0,0,0
LNR-0717,DATA-201,2,3,3,1.0,8,151.1,35.0,2,1,65.7,-3.4,0.0,1.0,0.0,4.5,0.85,0,1,0,0,0,0,0,0,0,0,0,0,0,0,1
LNR-0717,DATA-201,3,3,3,1.0,12,208.4,37.0,2,1,66.9,1.2,1.0,1.0,0.0,5.0,0.62,0,0,0,0,0,0,0,0,0,0,0,0,0,0,0
LNR-0717,DATA-201,4,4,4,1.0,12,156.6,35.0,2,1,69.9,-0.3,0.0,0.0,0.0,4.5,0.47,0,0,0,0,0,0,0,1,1,0,0,0,0,0,2
LNR-0717,DATA-201,5,3,3,1.0,9,221.1,27.0,2,2,78.7,11.5,2.0,1.0,0.0,4.0,0.86,0,0,0,0,0,0,0,0,0,0,0,0,0,0,0
LNR-0718,AI-301,1,3,3,1.0,13,192.8,33.0,1,2,69.9,5.4,2.0,3.0,0.0,4.0,0.67,0,0,0,0,0,0,0,0,0,0,0,0,0,0,0
LNR-0718,AI-301,2,3,3,1.0,9,251.7,31.0,2,2,65.3,-4.6,1.0,1.0,1.0,4.5,0.87,0,0,0,0,0,0,0,0,0,0,0,0,0,0,0
LNR-0718,AI-301,3,3,3,1.0,9,224.4,37.0,2,1,76.1,10.8,2.0,0.0,0.0,4.0,0.44,0,0,0,0,0,0,0,0,0,0,0,0,1,1,2
LNR-0718,AI-301,4,3,3,1.0,7,177.6,30.0,1,1,78.2,2.1,0.0,0.0,1.0,4.0,0.49,0,0,0,0,0,0,0,0,0,0,0,0,0,0,0
LNR-0718,AI-301,5,4,4,1.0,12,248.0,34.0,2,1,61.7,-16.5,0.0,1.0,0.0,4.5,0.79,0,0,0,0,0,0,0,0,0,1,1,1,0,0,3
LNR-0719,WEB-102,1,2,2,1.0,11,121.8,18.0,1,1,42.6,-10.8,0.0,0.0,0.0,3.0,0.45,0,1,0,0,0,0,0,0,0,0,0,0,0,0,1
LNR-0719,WEB-102,2,3,2,0.6667,8,176.9,32.0,2,1,47.1,4.5,0.0,1.0,0.0,4.0,0.44,0,0,0,0,0,0,0,0,0,1,1,1,1,1,5
LNR-0719,WEB-102,3,3,2,0.6667,7,149.5,20.0,1,1,69.9,-0.3,1.0,3.0,0.0,3.0,0.41,0,0,0,0,0,0,0,1,1,0,0,0,0,0,2
LNR-0719,WEB-102,4,2,1,0.5,5,161.1,26.0,1,2,55.5,10.8,1.0,1.0,0.0,4.0,0.13,0,0,0,0,0,0,0,0,0,0,0,0,0,0,0
LNR-0719,WEB-102,5,2,1,1.0,8,115.7,24.0,0,1,38.2,-17.3,0.0,0.0,0.0,4.0,0.33,1,1,0,0,0,0,0,0,0,0,0,0,0,0,1
LNR-0720,DATA-201,1,3,3,1.0,8,182.3,33.0,1,1,75.3,13.5,0.0,1.0,1.0,4.5,0.62,0,0,0,0,0,0,0,0,0,0,0,0,0,0,0
LNR-0720,DATA-201,2,2,2,1.0,13,176.1,36.0,2,1,62.5,-12.8,3.0,1.0,0.0,4.0,0.82,0,0,0,0,0,0,0,0,0,0,0,0,0,0,0
LNR-0720,DATA-201,3,4,3,0.75,9,239.5,36.0,1,3,66.7,4.2,3.0,1.0,0.0,5.0,0.68,0,0,0,0,0,0,0,0,0,0,0,0,0,0,0
LNR-0720,DATA-201,4,3,3,1.0,10,249.0,36.0,1,1,58.2,-8.5,2.0,1.0,0.0,4.0,0.44,0,0,0,0,0,0,0,0,0,0,0,0,1,1,2
LNR-0720,DATA-201,5,3,3,1.0,12,207.1,40.0,1,2,52.6,-5.6,1.0,0.0,0.0,5.0,0.71,0,0,0,0,0,0,0,0,0,0,0,0,0,0,0
LNR-0721,WEB-102,1,2,2,1.0,12,213.0,26.0,2,2,69.5,4.2,0.0,0.0,0.0,4.0,0.44,0,0,0,0,0,0,0,0,0,0,0,0,1,1,2
LNR-0721,WEB-102,2,4,4,1.0,7,242.5,33.0,2,2,72.2,2.7,0.0,1.0,0.0,4.0,0.76,0,0,0,0,0,0,0,0,0,1,1,1,0,0,3
LNR-0721,WEB-102,3,3,3,1.0,8,240.4,30.0,2,2,73.6,1.4,1.0,1.0,0.0,4.0,0.44,0,0,0,0,0,0,0,0,0,0,0,0,1,1,2
LNR-0721,WEB-102,4,3,3,1.0,11,201.1,42.0,2,3,55.7,-17.9,1.0,1.0,0.0,4.0,0.42,0,0,0,0,0,0,0,0,0,0,0,0,0,0,0
LNR-0721,WEB-102,5,3,3,1.0,14,217.1,23.0,2,2,74.1,18.4,0.0,1.0,2.0,4.5,0.9,0,0,0,0,0,0,0,0,0,0,0,0,0,0,0
LNR-0722,CS-101,1,3,3,1.0,13,168.3,26.0,2,1,84.7,0.6,0.0,1.0,0.0,5.0,0.81,0,0,0,1,1,0,0,0,0,0,0,0,0,0,2
LNR-0722,CS-101,2,3,3,1.0,12,225.0,40.0,2,1,77.9,-6.8,1.0,1.0,0.0,4.5,0.72,0,0,0,0,0,0,0,0,0,0,0,0,0,0,0
LNR-0722,CS-101,3,2,2,1.0,10,177.0,44.0,2,1,99.0,21.1,0.0,2.0,1.0,4.5,0.67,0,0,0,0,0,0,0,0,0,0,0,0,0,0,0
LNR-0722,CS-101,4,4,4,1.0,10,242.5,27.0,1,1,78.3,-20.7,0.0,2.0,0.0,4.0,0.53,0,0,0,0,0,0,0,0,0,0,0,0,0,0,0
LNR-0722,CS-101,5,3,3,1.0,10,168.3,26.0,2,1,84.7,6.4,1.0,1.0,1.0,4.5,0.88,0,0,0,1,1,0,0,0,0,0,0,0,0,0,2
LNR-0723,WEB-102,1,2,2,1.0,15,191.9,36.0,1,1,59.2,-13.2,0.0,2.0,1.0,4.5,0.44,0,0,0,0,0,0,0,0,0,0,0,0,0,0,0
LNR-0723,WEB-102,2,3,3,1.0,13,168.3,26.0,2,2,69.9,-0.3,0.0,1.0,0.0,5.0,0.51,0,0,0,1,1,0,0,1,1,1,1,1,0,0,7
LNR-0723,WEB-102,3,4,4,1.0,9,209.4,31.0,2,1,73.2,-1.6,2.0,0.0,1.0,4.0,0.44,0,0,0,0,0,0,0,0,0,0,0,0,1,1,2
LNR-0723,WEB-102,4,3,3,1.0,6,168.3,26.0,2,2,69.9,-0.3,1.0,0.0,1.0,4.5,0.75,0,0,0,1,1,0,0,1,1,0,0,0,0,0,4
LNR-0723,WEB-102,5,3,3,1.0,8,199.0,42.0,2,1,62.4,-14.3,1.0,1.0,0.0,5.0,0.57,0,0,0,0,0,0,0,0,0,0,0,0,0,0,0
LNR-0724,DATA-201,1,3,3,1.0,12,138.3,43.0,2,1,85.8,3.1,3.0,1.0,0.0,4.0,0.51,0,0,0,0,0,0,0,0,0,0,0,0,0,0,0
LNR-0724,DATA-201,2,3,3,1.0,14,156.4,38.0,2,2,80.9,-4.9,0.0,2.0,1.0,5.0,0.67,0,0,0,0,0,0,0,0,0,0,0,0,0,0,0
LNR-0724,DATA-201,3,3,3,1.0,10,284.8,31.0,2,2,79.4,-1.5,0.0,0.0,0.0,4.0,0.44,0,0,0,0,0,0,0,0,0,0,0,0,1,1,2
LNR-0724,DATA-201,4,4,4,1.0,10,187.3,35.0,2,1,80.1,0.7,1.0,0.0,1.0,4.0,0.44,0,0,0,0,0,0,0,0,0,0,0,0,1,1,2
LNR-0724,DATA-201,5,3,3,1.0,7,118.0,38.0,2,1,89.9,9.8,1.0,1.0,1.0,4.5,0.73,0,0,0,0,0,0,0,0,0,0,0,0,0,0,0
LNR-0725,CS-101,1,2,2,1.0,12,182.2,34.0,2,1,52.4,-3.3,0.0,4.0,0.0,4.0,0.81,0,0,0,0,0,0,0,0,0,0,0,0,0,0,0
LNR-0725,CS-101,2,2,2,1.0,12,159.3,29.0,2,1,55.3,2.9,3.0,2.0,0.0,5.0,0.68,0,0,0,0,0,0,0,0,0,0,0,0,0,0,0
LNR-0725,CS-101,3,3,3,1.0,9,284.3,33.0,2,3,56.0,0.7,1.0,1.0,0.0,4.0,0.44,0,0,0,0,0,0,0,0,0,0,0,0,1,1,2
LNR-0725,CS-101,4,2,2,1.0,9,226.1,33.0,2,1,51.3,-4.7,0.0,2.0,0.0,4.0,0.4,0,0,0,0,0,0,0,0,0,0,0,0,0,0,0
LNR-0725,CS-101,5,3,3,1.0,13,162.5,36.0,2,2,61.7,10.4,0.0,2.0,0.0,4.0,0.44,0,0,0,0,0,0,0,0,0,0,0,0,1,1,2
LNR-0726,DATA-201,1,2,1,0.5,10,99.4,17.0,1,1,69.9,-0.3,0.0,0.0,0.0,2.0,0.05,0,0,0,0,0,0,0,1,1,0,0,0,0,0,2
LNR-0726,DATA-201,2,4,1,0.25,3,111.9,14.0,1,0,75.8,-5.3,0.0,0.0,0.0,4.0,0.44,1,0,0,0,0,0,0,0,0,0,0,0,1,1,2
LNR-0726,DATA-201,3,4,1,0.25,5,83.0,8.0,1,0,52.2,-23.6,0.0,0.0,0.0,1.5,-0.53,1,0,0,0,0,0,0,0,0,0,0,0,0,0,0
LNR-0726,DATA-201,4,3,0,0.0,5,27.3,7.0,0,1,62.6,10.4,0.0,1.0,0.0,4.0,0.44,1,0,0,0,0,0,0,0,0,1,1,1,1,1,5
LNR-0726,DATA-201,5,3,0,0.0,0,10.0,3.0,0,0,64.7,2.1,0.0,0.0,0.0,2.5,-0.03,1,0,0,0,0,0,0,0,0,0,0,0,0,0,0
LNR-0727,AI-301,1,4,3,0.75,9,148.7,33.0,2,3,77.1,5.1,0.0,2.0,0.0,4.5,0.55,0,0,0,0,0,0,0,0,0,0,0,0,0,0,0
LNR-0727,AI-301,2,3,3,1.0,12,226.3,26.0,2,1,68.3,-8.8,2.0,0.0,2.0,4.0,0.88,0,0,0,0,0,0,0,0,0,0,0,0,0,0,0
LNR-0727,AI-301,3,2,2,1.0,17,181.8,34.0,2,1,77.5,9.2,1.0,0.0,0.0,4.5,0.79,0,0,0,0,0,0,0,0,0,0,0,0,0,0,0
LNR-0727,AI-301,4,3,3,1.0,11,218.1,32.0,2,1,73.1,-4.4,0.0,0.0,0.0,4.5,0.42,0,0,0,0,0,0,0,0,0,0,0,0,0,0,0
LNR-0727,AI-301,5,4,4,1.0,10,197.3,37.0,2,2,73.1,0.0,2.0,1.0,0.0,4.5,0.9,0,0,0,0,0,0,0,0,0,0,0,0,0,0,0
LNR-0728,WEB-102,1,4,4,1.0,13,229.6,37.0,2,1,77.4,5.8,1.0,0.0,1.0,4.0,0.59,0,0,0,0,0,0,0,0,0,0,0,0,0,0,0
LNR-0728,WEB-102,2,3,3,1.0,8,175.3,38.0,2,2,66.5,-10.9,0.0,1.0,1.0,4.0,0.44,0,0,0,0,0,0,0,0,0,0,0,0,1,1,2
LNR-0728,WEB-102,3,3,3,1.0,10,168.3,26.0,2,1,75.6,9.1,0.0,1.0,0.0,4.5,0.53,0,0,0,1,1,0,0,0,0,0,0,0,0,0,2
LNR-0728,WEB-102,4,3,3,1.0,10,177.9,40.0,2,1,77.1,1.5,2.0,0.0,0.0,4.0,0.9,0,0,0,0,0,0,0,0,0,0,0,0,0,0,0
LNR-0728,WEB-102,5,4,4,1.0,15,198.2,28.0,2,2,74.2,-2.9,0.0,1.0,0.0,5.0,0.56,0,0,0,0,0,0,0,0,0,1,1,1,0,0,3
LNR-0729,DATA-201,1,2,2,1.0,11,226.1,33.0,1,1,78.6,12.0,1.0,0.0,1.0,5.0,0.57,0,0,0,0,0,0,0,0,0,0,0,0,0,0,0
LNR-0729,DATA-201,2,3,3,1.0,6,202.6,28.0,1,1,63.4,-15.2,0.0,0.0,2.0,5.0,0.47,0,0,0,0,0,0,0,0,0,0,0,0,0,0,0
LNR-0729,DATA-201,3,4,3,0.75,7,203.6,45.0,2,3,69.9,-0.3,0.0,0.0,0.0,4.0,0.41,0,0,0,0,0,0,0,1,1,0,0,0,0,0,2
LNR-0729,DATA-201,4,3,3,1.0,10,176.6,36.0,1,2,50.3,-15.7,0.0,1.0,1.0,4.0,0.69,0,0,0,0,0,0,0,0,0,0,0,0,0,0,0
LNR-0729,DATA-201,5,4,4,1.0,15,228.2,29.0,2,3,72.9,22.6,0.0,2.0,0.0,5.0,0.88,0,0,0,0,0,0,0,0,0,0,0,0,0,0,0
LNR-0730,CS-101,1,4,4,1.0,14,229.2,24.0,2,3,75.6,5.0,1.0,1.0,0.0,5.0,0.44,0,0,0,0,0,0,0,0,0,0,0,0,0,0,0
LNR-0730,CS-101,2,3,3,1.0,9,188.6,34.0,2,1,69.9,-0.3,0.0,2.0,0.0,4.5,0.78,0,0,0,0,0,0,0,1,1,0,0,0,0,0,2
LNR-0730,CS-101,3,3,3,1.0,12,201.1,34.0,2,1,63.7,-4.9,1.0,2.0,0.0,4.0,0.44,0,0,0,0,0,0,0,0,0,0,0,0,1,1,2
LNR-0730,CS-101,4,3,3,1.0,15,223.0,27.0,2,1,71.4,7.7,1.0,1.0,0.0,4.5,0.48,0,0,0,0,0,0,0,0,0,0,0,0,0,0,0
LNR-0730,CS-101,5,3,3,1.0,7,168.3,26.0,2,1,76.0,4.6,0.0,2.0,1.0,4.0,0.44,0,0,0,1,1,0,0,0,0,0,0,0,1,1,4
LNR-0731,DATA-201,1,3,3,1.0,10,164.7,37.0,2,2,79.3,9.8,1.0,3.0,1.0,5.0,0.43,0,1,0,0,0,0,0,0,0,0,0,0,0,0,1
LNR-0731,DATA-201,2,2,2,1.0,13,168.3,26.0,2,1,68.6,-10.7,2.0,2.0,1.0,5.0,0.66,0,0,0,1,1,0,0,0,0,0,0,0,0,0,2
LNR-0731,DATA-201,3,2,2,1.0,8,214.1,31.0,1,2,74.1,5.5,0.0,0.0,1.0,5.0,0.69,0,0,0,0,0,0,0,0,0,0,0,0,0,0,0
LNR-0731,DATA-201,4,2,2,1.0,11,168.3,26.0,1,2,72.8,-1.3,2.0,1.0,1.0,4.5,0.82,0,0,0,1,1,0,0,0,0,0,0,0,0,0,2
LNR-0731,DATA-201,5,4,4,1.0,9,168.3,26.0,2,2,72.6,-0.2,1.0,0.0,0.0,4.0,0.83,0,0,0,1,1,0,0,0,0,0,0,0,0,0,2
LNR-0732,AI-301,1,3,3,1.0,7,148.5,21.0,1,1,80.3,2.0,1.0,1.0,0.0,4.0,0.5,0,0,0,0,0,0,0,0,0,0,0,0,0,0,0
LNR-0732,AI-301,2,3,2,0.6667,8,88.6,27.0,1,1,77.2,-3.1,1.0,1.0,0.0,4.0,0.5,0,0,0,0,0,0,0,0,0,0,0,0,0,0,0
LNR-0732,AI-301,3,3,0,0.0,2,47.8,2.0,0,1,55.9,-21.3,0.0,0.0,0.0,1.0,-0.21,1,0,0,0,0,0,0,0,0,0,0,0,0,0,0
LNR-0732,AI-301,4,2,1,0.5,1,17.4,5.0,0,0,50.9,-5.0,0.0,0.0,0.0,1.0,-0.73,1,0,0,0,0,0,0,0,0,0,0,0,0,0,0
LNR-0732,AI-301,5,2,0,0.0,1,22.2,3.0,0,0,53.9,3.0,0.0,0.0,0.0,1.0,-0.47,1,0,0,0,0,0,0,0,0,0,0,0,0,0,0
LNR-0733,CS-101,1,4,2,0.5,6,158.0,16.0,1,1,73.5,-12.4,0.0,0.0,0.0,4.0,0.44,0,0,0,0,0,0,0,0,0,0,0,0,1,1,2
LNR-0733,CS-101,2,4,2,0.5,3,100.2,9.0,0,1,80.7,7.2,1.0,0.0,0.0,2.0,-0.53,0,0,0,0,0,0,0,0,0,0,0,0,0,0,0
LNR-0733,CS-101,3,3,1,0.3333,3,92.6,7.0,0,1,77.0,-3.7,0.0,0.0,0.0,2.5,-0.47,1,0,0,0,0,0,0,0,0,0,0,0,0,0,0
LNR-0733,CS-101,4,3,0,0.0,1,10.0,7.0,0,1,69.9,-0.3,0.0,0.0,1.0,4.0,0.44,1,0,0,0,0,0,0,1,1,0,0,0,1,1,4
LNR-0733,CS-101,5,3,0,0.0,1,11.0,4.0,0,0,65.2,-12.3,0.0,1.0,0.0,2.0,0.02,1,0,0,0,0,0,0,0,0,1,1,1,0,0,3
LNR-0734,CS-101,1,4,3,0.75,7,271.0,33.0,2,2,51.5,1.9,1.0,1.0,1.0,4.5,0.66,0,0,0,0,0,0,0,0,0,0,0,0,0,0,0
LNR-0734,CS-101,2,4,4,1.0,12,227.7,38.0,1,2,48.1,-3.4,1.0,1.0,0.0,4.0,0.44,0,0,0,0,0,0,0,0,0,0,0,0,1,1,2
LNR-0734,CS-101,3,2,2,1.0,6,241.2,32.0,2,1,24.8,-23.3,0.0,1.0,0.0,4.0,0.62,0,0,0,0,0,0,0,0,0,0,0,0,0,0,0
LNR-0734,CS-101,4,3,3,1.0,10,140.3,36.0,2,3,55.3,30.5,0.0,0.0,1.0,4.5,0.72,0,0,0,0,0,0,0,0,0,0,0,0,0,0,0
LNR-0734,CS-101,5,2,2,1.0,11,146.8,33.0,1,1,48.2,-7.1,0.0,3.0,0.0,4.0,0.47,0,0,0,0,0,0,0,0,0,0,0,0,0,0,0
LNR-0735,DATA-201,1,4,4,1.0,14,269.4,26.0,2,1,87.5,0.8,1.0,1.0,0.0,5.0,0.89,0,0,0,0,0,0,0,0,0,0,0,0,0,0,0
LNR-0735,DATA-201,2,3,3,1.0,14,273.9,26.0,1,1,90.4,2.9,1.0,0.0,0.0,5.0,0.48,0,0,0,0,0,0,0,0,0,0,0,0,0,0,0
LNR-0735,DATA-201,3,3,3,1.0,12,227.6,33.0,2,1,84.0,-6.4,2.0,0.0,0.0,4.5,0.88,0,0,0,0,0,0,0,0,0,0,0,0,0,0,0
LNR-0735,DATA-201,4,3,3,1.0,13,251.7,34.0,2,2,90.6,6.6,2.0,1.0,1.0,4.0,0.44,0,0,0,0,0,0,0,0,0,0,0,0,1,1,2
LNR-0735,DATA-201,5,3,3,1.0,12,253.8,29.0,2,2,95.1,4.5,2.0,2.0,1.0,4.0,0.77,0,0,0,0,0,0,0,0,0,0,0,0,0,0,0
LNR-0736,DATA-201,1,3,3,1.0,10,169.7,28.0,1,2,51.0,-9.1,1.0,0.0,0.0,3.5,0.06,0,0,0,0,0,0,0,0,0,0,0,0,0,0,0
LNR-0736,DATA-201,2,4,3,0.75,9,118.2,18.0,2,1,61.1,10.1,0.0,0.0,0.0,4.0,0.44,0,0,0,0,0,0,0,0,0,0,0,0,1,1,2
LNR-0736,DATA-201,3,2,1,0.5,14,133.9,25.0,1,1,64.1,3.0,1.0,0.0,0.0,3.5,0.14,0,0,0,0,0,0,0,0,0,0,0,0,0,0,0
LNR-0736,DATA-201,4,4,3,0.75,5,135.3,27.0,2,1,69.9,-0.3,1.0,0.0,0.0,3.5,0.01,0,0,0,0,0,0,0,1,1,0,0,0,0,0,2
LNR-0736,DATA-201,5,3,2,0.6667,6,92.6,22.0,1,2,63.5,-9.1,0.0,1.0,0.0,3.5,0.45,0,0,0,0,0,0,0,0,0,0,0,0,0,0,0
LNR-0737,WEB-102,1,4,3,0.75,6,123.0,24.0,1,1,66.3,-11.2,2.0,1.0,1.0,4.0,0.12,0,0,0,0,0,0,0,0,0,0,0,0,0,0,0
LNR-0737,WEB-102,2,3,2,0.6667,5,141.4,17.0,1,1,85.3,19.0,0.0,1.0,0.0,3.0,0.22,0,0,0,0,0,0,0,0,0,0,0,0,0,0,0
LNR-0737,WEB-102,3,3,2,0.6667,6,124.7,15.0,1,1,71.0,-14.3,0.0,2.0,1.0,4.0,0.44,0,0,0,0,0,0,0,0,0,0,0,0,1,1,2
LNR-0737,WEB-102,4,3,3,1.0,6,167.3,26.0,2,1,77.2,6.2,0.0,2.0,0.0,3.5,0.19,0,0,0,0,0,0,0,0,0,0,0,0,0,0,0
LNR-0737,WEB-102,5,3,3,1.0,8,207.5,18.0,1,1,72.9,-4.3,0.0,0.0,0.0,3.0,0.37,0,0,0,0,0,0,0,0,0,0,0,0,0,0,0
LNR-0738,CS-101,1,3,2,0.6667,7,167.1,22.0,2,2,93.4,-0.2,0.0,2.0,0.0,4.0,0.23,0,0,0,0,0,0,0,0,0,0,0,0,0,0,0
LNR-0738,CS-101,2,2,2,1.0,13,166.2,23.0,2,1,98.6,5.2,0.0,0.0,0.0,4.0,0.28,0,0,0,0,0,0,0,0,0,0,0,0,0,0,0
LNR-0738,CS-101,3,3,2,0.6667,10,77.5,21.0,2,1,99.6,1.0,0.0,0.0,0.0,4.0,0.17,0,0,0,0,0,0,0,0,0,0,0,0,0,0,0
LNR-0738,CS-101,4,3,2,0.6667,7,170.1,15.0,1,2,100.0,0.4,0.0,0.0,0.0,3.0,0.28,0,0,0,0,0,0,0,0,0,0,0,0,0,0,0
LNR-0738,CS-101,5,3,2,0.6667,12,109.9,23.0,0,1,81.7,-18.3,0.0,1.0,1.0,3.0,0.16,0,0,0,0,0,0,0,0,0,0,0,0,0,0,0
LNR-0739,CS-101,1,3,2,0.6667,5,96.8,21.0,1,1,65.4,-7.4,0.0,0.0,1.0,3.5,0.49,0,0,0,0,0,0,0,0,0,0,0,0,0,0,0
LNR-0739,CS-101,2,3,2,0.6667,4,194.8,20.0,1,2,86.0,20.6,2.0,1.0,0.0,4.0,0.44,0,0,0,0,0,0,0,0,0,0,0,0,1,1,2
LNR-0739,CS-101,3,4,3,0.75,10,117.7,24.0,1,1,66.5,-19.5,1.0,1.0,2.0,3.0,0.21,0,0,0,0,0,0,0,0,0,0,0,0,0,0,0
LNR-0739,CS-101,4,3,2,0.6667,4,150.5,24.0,1,1,69.2,2.7,0.0,1.0,0.0,4.0,0.05,0,0,0,0,0,0,0,0,0,1,1,1,0,0,3
LNR-0739,CS-101,5,3,2,0.6667,3,150.9,24.0,2,2,74.0,4.8,0.0,1.0,0.0,4.0,0.39,0,0,0,0,0,0,0,0,0,1,1,1,0,0,3
LNR-0740,AI-301,1,3,1,0.3333,6,143.9,17.0,1,1,63.3,-14.2,0.0,1.0,0.0,2.0,-0.56,0,0,0,0,0,0,0,0,0,1,1,1,0,0,3
LNR-0740,AI-301,2,4,1,0.25,5,87.5,9.0,1,1,57.1,-6.2,0.0,0.0,0.0,4.0,0.44,1,0,0,0,0,0,0,0,0,0,0,0,1,1,2
LNR-0740,AI-301,3,4,1,0.25,6,91.5,15.0,1,1,73.9,16.8,0.0,0.0,0.0,3.0,0.0,0,0,0,0,0,0,0,0,0,0,0,0,0,0,0
LNR-0740,AI-301,4,3,1,0.3333,2,10.0,6.0,1,0,55.6,-18.3,0.0,0.0,1.0,4.0,0.44,1,0,0,0,0,0,0,0,0,0,0,0,1,1,2
LNR-0740,AI-301,5,3,0,0.0,0,90.0,2.0,0,0,45.7,-9.9,0.0,1.0,0.0,2.5,-0.43,1,0,0,0,0,0,0,0,0,1,1,1,0,0,3
LNR-0741,CS-101,1,4,4,1.0,8,290.1,35.0,2,2,57.7,1.5,0.0,0.0,1.0,4.0,0.44,0,0,0,0,0,0,0,0,0,0,0,0,1,1,2
LNR-0741,CS-101,2,3,3,1.0,9,250.7,24.0,2,1,57.8,0.1,1.0,1.0,0.0,5.0,0.57,0,0,0,0,0,0,0,0,0,0,0,0,0,0,0
LNR-0741,CS-101,3,3,3,1.0,20,252.7,27.0,2,1,49.7,-8.1,0.0,1.0,0.0,4.5,0.45,0,0,0,0,0,0,0,0,0,0,0,0,0,0,0
LNR-0741,CS-101,4,4,4,1.0,12,200.8,33.0,2,2,56.4,6.7,2.0,1.0,1.0,4.5,0.62,0,0,0,0,0,0,0,0,0,0,0,0,0,0,0
LNR-0741,CS-101,5,3,3,1.0,10,208.1,31.0,2,1,58.7,2.3,0.0,1.0,0.0,4.0,0.88,0,0,0,0,0,0,0,0,0,1,1,1,0,0,3
LNR-0742,CS-101,1,3,1,0.3333,8,113.3,14.0,1,0,75.7,3.3,0.0,0.0,0.0,2.0,-0.21,0,0,0,0,0,0,0,0,0,0,0,0,0,0,0
LNR-0742,CS-101,2,3,1,0.3333,0,147.9,6.0,1,1,70.8,-4.9,1.0,0.0,0.0,4.0,0.44,0,0,0,0,0,0,0,0,0,0,0,0,1,1,2
LNR-0742,CS-101,3,3,1,0.3333,2,94.7,5.0,1,0,48.1,-22.7,1.0,0.0,0.0,2.0,-0.01,1,0,0,0,0,0,0,0,0,0,0,0,0,0,0
LNR-0742,CS-101,4,2,0,1.0,1,87.8,8.0,0,1,43.5,-4.6,0.0,0.0,0.0,4.0,0.44,1,1,0,0,0,0,0,0,0,0,0,0,1,1,3
LNR-0742,CS-101,5,2,0,1.0,0,49.1,5.0,0,0,42.8,-0.7,0.0,1.0,0.0,1.5,-0.13,1,1,0,0,0,0,0,0,0,0,0,0,0,0,1
LNR-0743,CS-101,1,3,3,1.0,9,177.2,28.0,2,1,73.1,3.7,0.0,1.0,0.0,4.0,0.86,0,0,0,0,0,0,0,0,0,1,1,1,0,0,3
LNR-0743,CS-101,2,3,3,1.0,11,176.5,38.0,1,2,73.4,0.3,1.0,2.0,1.0,4.0,0.51,0,0,0,0,0,0,0,0,0,0,0,0,0,0,0
LNR-0743,CS-101,3,3,3,1.0,6,191.9,31.0,2,1,81.5,8.1,0.0,1.0,0.0,5.0,0.81,0,0,0,0,0,0,0,0,0,1,1,1,0,0,3
LNR-0743,CS-101,4,4,4,1.0,11,232.7,35.0,1,2,68.7,-12.8,0.0,3.0,0.0,4.0,0.44,0,0,0,0,0,0,0,0,0,0,0,0,1,1,2
LNR-0743,CS-101,5,2,2,1.0,8,162.6,35.0,2,2,65.1,-3.6,2.0,2.0,0.0,4.5,0.61,0,0,0,0,0,0,0,0,0,0,0,0,0,0,0
LNR-0744,AI-301,1,4,1,0.25,3,125.6,15.0,1,2,85.5,6.8,1.0,0.0,0.0,2.0,-0.47,0,0,0,0,0,0,0,0,0,0,0,0,0,0,0
LNR-0744,AI-301,2,3,1,0.3333,3,98.3,10.0,1,1,85.2,-0.3,0.0,1.0,0.0,3.0,-0.31,0,0,0,0,0,0,0,0,0,0,0,0,0,0,0
LNR-0744,AI-301,3,3,1,0.3333,4,68.1,7.0,1,2,48.2,-37.0,0.0,0.0,0.0,4.0,0.44,0,0,0,0,0,0,0,0,0,0,0,0,1,1,2
LNR-0744,AI-301,4,3,0,0.0,2,84.7,7.0,0,0,32.2,-16.0,1.0,0.0,2.0,1.5,-0.0,1,0,0,0,0,0,0,0,0,0,0,0,0,0,0
LNR-0744,AI-301,5,3,0,0.0,2,46.8,5.0,0,1,36.4,4.2,0.0,1.0,0.0,1.5,-0.57,1,0,0,0,0,0,0,0,0,0,0,0,0,0,0
LNR-0745,WEB-102,1,2,2,1.0,10,124.6,18.0,2,1,59.0,-10.5,0.0,0.0,1.0,3.5,0.1,0,0,0,0,0,0,0,0,0,0,0,0,0,0,0
LNR-0745,WEB-102,2,3,2,0.6667,3,119.0,22.0,1,1,61.7,2.7,0.0,1.0,1.0,3.0,0.3,1,0,0,0,0,0,0,0,0,0,0,0,0,0,0
LNR-0745,WEB-102,3,3,2,0.6667,3,130.7,23.0,2,1,59.5,-2.2,2.0,1.0,0.0,3.5,0.11,0,0,0,0,0,0,0,0,0,0,0,0,0,0,0
LNR-0745,WEB-102,4,3,2,0.6667,2,103.0,20.0,2,1,87.6,28.1,0.0,1.0,0.0,4.0,0.25,0,0,0,0,0,0,0,0,0,0,0,0,0,0,0
LNR-0745,WEB-102,5,3,2,0.6667,11,151.9,21.0,1,2,76.8,-10.8,0.0,2.0,0.0,3.0,0.08,0,0,0,0,0,0,0,0,0,0,0,0,0,0,0
LNR-0746,CS-101,1,3,2,0.6667,5,158.4,21.0,0,1,67.1,-12.0,0.0,0.0,0.0,4.0,0.44,0,0,0,0,0,0,0,0,0,0,0,0,1,1,2
LNR-0746,CS-101,2,3,2,0.6667,8,84.2,19.0,1,1,75.0,7.9,0.0,0.0,0.0,4.0,0.44,0,0,0,0,0,0,0,0,0,0,0,0,1,1,2
LNR-0746,CS-101,3,3,2,0.6667,10,180.5,26.0,2,1,75.6,0.6,1.0,2.0,0.0,4.0,0.22,0,0,0,0,0,0,0,0,0,0,0,0,0,0,0
LNR-0746,CS-101,4,3,2,0.6667,3,158.7,22.0,1,1,69.9,-0.3,0.0,1.0,0.0,3.5,0.33,0,0,0,0,0,0,0,1,1,0,0,0,0,0,2
LNR-0746,CS-101,5,3,3,1.0,6,158.5,20.0,2,2,86.0,9.1,1.0,1.0,0.0,3.5,0.0,0,0,0,0,0,0,0,0,0,0,0,0,0,0,0
LNR-0747,AI-301,1,3,1,0.3333,8,152.3,7.0,1,1,52.1,-10.1,0.0,0.0,0.0,1.5,-0.53,0,0,0,0,0,0,0,0,0,0,0,0,0,0,0
LNR-0747,AI-301,2,3,1,0.3333,4,106.1,15.0,0,1,69.2,17.1,0.0,0.0,0.0,2.0,-0.42,1,0,0,0,0,0,0,0,0,0,0,0,0,0,0
LNR-0747,AI-301,3,4,1,0.25,2,43.3,10.0,1,0,43.4,-25.8,0.0,0.0,0.0,2.0,-0.17,1,0,0,0,0,0,0,0,0,0,0,0,0,0,0
LNR-0747,AI-301,4,3,0,0.0,2,57.9,6.0,1,0,43.6,0.2,1.0,1.0,0.0,1.5,-0.31,1,0,0,0,0,0,0,0,0,0,0,0,0,0,0
LNR-0747,AI-301,5,3,0,0.0,1,10.0,4.0,0,0,34.2,-9.4,0.0,0.0,0.0,2.0,-0.04,1,0,0,0,0,0,0,0,0,0,0,0,0,0,0
LNR-0748,AI-301,1,3,3,1.0,8,236.0,36.0,2,1,67.7,-1.2,0.0,1.0,0.0,4.0,0.42,0,0,0,0,0,0,0,0,0,1,1,1,0,0,3
LNR-0748,AI-301,2,3,3,1.0,13,157.4,34.0,2,2,59.5,-8.2,1.0,1.0,0.0,5.0,0.6,0,0,0,0,0,0,0,0,0,0,0,0,0,0,0
LNR-0748,AI-301,3,3,3,1.0,13,258.0,25.0,2,3,69.9,-0.3,1.0,2.0,1.0,5.0,0.43,0,0,0,0,0,0,0,1,1,0,0,0,0,0,2
LNR-0748,AI-301,4,4,3,0.75,14,230.1,30.0,2,1,69.9,-0.3,3.0,1.0,0.0,5.0,0.61,0,0,0,0,0,0,0,1,1,0,0,0,0,0,2
LNR-0748,AI-301,5,2,2,1.0,9,244.1,28.0,2,1,54.1,-19.4,0.0,1.0,1.0,5.0,0.55,0,0,0,0,0,0,0,0,0,0,0,0,0,0,0
LNR-0749,CS-101,1,3,2,0.6667,8,35.7,14.0,1,1,80.8,-3.8,0.0,1.0,0.0,2.5,-0.58,1,0,0,0,0,0,0,0,0,0,0,0,0,0,0
LNR-0749,CS-101,2,3,1,1.0,3,69.1,15.0,0,1,65.6,-15.2,0.0,0.0,1.0,4.0,0.44,1,1,0,0,0,0,0,0,0,0,0,0,1,1,3
LNR-0749,CS-101,3,3,1,0.3333,8,111.2,10.0,0,3,76.7,11.1,0.0,0.0,0.0,1.5,0.02,1,0,0,0,0,0,0,0,0,0,0,0,0,0,0
LNR-0749,CS-101,4,3,1,0.3333,0,55.5,8.0,0,0,66.2,-10.5,1.0,0.0,0.0,1.5,-0.26,1,0,0,0,0,0,0,0,0,0,0,0,0,0,0
LNR-0749,CS-101,5,2,0,0.0,1,28.4,5.0,0,0,60.1,-6.1,0.0,1.0,0.0,2.0,-0.09,1,0,0,0,0,0,0,0,0,0,0,0,0,0,0
LNR-0750,CS-101,1,4,4,1.0,11,195.4,34.0,2,1,90.4,7.9,0.0,0.0,2.0,5.0,0.71,0,0,0,0,0,0,0,0,0,0,0,0,0,0,0
LNR-0750,CS-101,2,3,3,1.0,12,182.2,31.0,2,1,86.0,-4.4,0.0,2.0,0.0,4.0,0.53,0,0,0,0,0,0,0,0,0,0,0,0,0,0,0
LNR-0750,CS-101,3,2,2,1.0,6,205.1,37.0,2,1,77.2,-8.8,0.0,3.0,0.0,4.5,0.71,0,0,0,0,0,0,0,0,0,0,0,0,0,0,0
LNR-0750,CS-101,4,3,3,1.0,9,226.0,33.0,2,1,77.0,-0.2,0.0,1.0,1.0,4.0,0.44,0,0,0,0,0,0,0,0,0,0,0,0,1,1,2
LNR-0750,CS-101,5,3,3,1.0,10,190.6,36.0,2,2,69.9,-0.3,0.0,2.0,0.0,5.0,0.46,0,0,0,0,0,0,0,1,1,0,0,0,0,0,2
LNR-0751,AI-301,1,3,3,1.0,11,208.3,34.0,2,1,74.8,2.8,1.0,1.0,1.0,5.0,0.67,0,0,0,0,0,0,0,0,0,0,0,0,0,0,0
LNR-0751,AI-301,2,3,3,1.0,13,149.1,39.0,2,1,68.6,-6.2,0.0,0.0,0.0,5.0,0.6,0,0,0,0,0,0,0,0,0,0,0,0,0,0,0
LNR-0751,AI-301,3,3,3,1.0,11,251.7,29.0,1,3,69.9,-0.3,0.0,1.0,1.0,5.0,0.46,0,0,0,0,0,0,0,1,1,0,0,0,0,0,2
LNR-0751,AI-301,4,3,3,1.0,11,195.4,43.0,2,2,77.8,12.6,1.0,0.0,0.0,4.0,0.44,0,0,0,0,0,0,0,0,0,0,0,0,1,1,2
LNR-0751,AI-301,5,4,4,1.0,6,164.3,42.0,2,1,64.9,-12.9,1.0,0.0,0.0,4.5,0.52,0,1,0,0,0,0,0,0,0,0,0,0,0,0,1
LNR-0752,DATA-201,1,3,2,0.6667,11,133.2,30.0,1,1,50.5,-15.1,0.0,1.0,0.0,3.5,0.32,0,0,0,0,0,0,0,0,0,0,0,0,0,0,0
LNR-0752,DATA-201,2,3,2,0.6667,12,168.3,26.0,1,1,71.1,20.6,1.0,1.0,0.0,4.0,0.44,0,0,0,1,1,0,0,0,0,0,0,0,1,1,4
LNR-0752,DATA-201,3,2,1,0.5,4,129.5,24.0,1,1,62.5,-8.6,0.0,2.0,0.0,3.0,0.47,0,0,0,0,0,0,0,0,0,0,0,0,0,0,0
LNR-0752,DATA-201,4,3,2,0.6667,4,151.6,23.0,2,1,59.2,-3.3,0.0,1.0,0.0,3.0,0.41,0,0,0,0,0,0,0,0,0,0,0,0,0,0,0
LNR-0752,DATA-201,5,3,2,0.6667,6,147.9,17.0,1,2,64.3,5.1,0.0,1.0,0.0,3.0,0.37,0,0,0,0,0,0,0,0,0,0,0,0,0,0,0
LNR-0753,DATA-201,1,3,3,1.0,14,226.0,34.0,2,1,85.5,5.2,0.0,0.0,1.0,5.0,0.56,0,0,0,0,0,0,0,0,0,0,0,0,0,0,0
LNR-0753,DATA-201,2,3,3,1.0,8,168.3,26.0,2,1,83.7,-1.8,2.0,0.0,0.0,4.0,0.44,0,1,0,1,1,0,0,0,0,0,0,0,1,1,5
LNR-0753,DATA-201,3,3,3,1.0,7,168.3,26.0,2,1,89.8,6.1,0.0,1.0,0.0,4.5,0.56,0,0,0,1,1,0,0,0,0,1,1,1,0,0,5
LNR-0753,DATA-201,4,3,3,1.0,14,186.6,25.0,2,1,89.4,-0.4,0.0,1.0,0.0,4.5,0.63,0,1,0,0,0,0,0,0,0,0,0,0,0,0,1
LNR-0753,DATA-201,5,3,3,1.0,15,242.8,39.0,2,2,79.1,-10.3,1.0,2.0,0.0,4.0,0.44,0,0,0,0,0,0,0,0,0,0,0,0,1,1,2
LNR-0754,DATA-201,1,4,4,1.0,13,284.2,30.0,2,1,73.5,-2.1,0.0,0.0,0.0,5.0,0.62,0,0,0,0,0,0,0,0,0,0,0,0,0,0,0
LNR-0754,DATA-201,2,4,3,0.75,12,219.1,27.0,2,1,81.3,7.8,0.0,1.0,1.0,4.5,0.8,0,0,0,0,0,0,0,0,0,0,0,0,0,0,0
LNR-0754,DATA-201,3,2,2,1.0,13,142.6,26.0,2,2,84.1,2.8,0.0,1.0,0.0,4.0,0.78,0,0,0,0,0,0,0,0,0,1,1,1,0,0,3
LNR-0754,DATA-201,4,3,3,1.0,16,221.0,27.0,2,2,86.8,2.7,0.0,1.0,0.0,5.0,0.61,0,0,0,0,0,0,0,0,0,1,1,1,0,0,3
LNR-0754,DATA-201,5,3,3,1.0,12,228.9,20.0,1,1,89.2,2.4,0.0,1.0,0.0,4.5,0.64,0,0,0,0,0,0,0,0,0,0,0,0,0,0,0
LNR-0755,CS-101,1,3,3,1.0,9,207.5,40.0,2,2,59.7,-10.9,0.0,1.0,0.0,4.0,0.49,0,0,0,0,0,0,0,0,0,1,1,1,0,0,3
LNR-0755,CS-101,2,2,2,1.0,9,214.1,27.0,2,1,66.1,6.4,0.0,1.0,0.0,5.0,0.62,0,0,0,0,0,0,0,0,0,1,1,1,0,0,3
LNR-0755,CS-101,3,3,3,1.0,9,158.3,28.0,1,1,73.2,7.1,1.0,0.0,0.0,4.5,0.83,0,0,0,0,0,0,0,0,0,0,0,0,0,0,0
LNR-0755,CS-101,4,2,2,1.0,9,291.3,36.0,2,1,71.9,-1.3,0.0,0.0,0.0,4.0,0.44,0,0,0,0,0,0,0,0,0,0,0,0,1,1,2
LNR-0755,CS-101,5,2,2,1.0,12,263.2,20.0,2,1,71.0,-0.9,0.0,1.0,0.0,4.0,0.44,0,0,0,0,0,0,0,0,0,0,0,0,1,1,2
LNR-0756,AI-301,1,3,3,1.0,12,268.3,30.0,2,1,85.1,5.9,1.0,1.0,1.0,5.0,0.85,0,0,0,0,0,0,0,0,0,0,0,0,0,0,0
LNR-0756,AI-301,2,2,2,1.0,10,212.8,27.0,2,1,84.2,-0.9,2.0,2.0,0.0,4.0,0.44,0,0,0,0,0,0,0,0,0,0,0,0,1,1,2
LNR-0756,AI-301,3,2,2,1.0,12,214.8,36.0,1,1,72.6,-11.6,0.0,1.0,0.0,4.0,0.44,0,0,0,0,0,0,0,0,0,1,1,1,1,1,5
LNR-0756,AI-301,4,2,2,1.0,9,168.3,26.0,2,2,71.6,-1.0,0.0,1.0,0.0,4.5,0.9,0,0,0,1,1,0,0,0,0,0,0,0,0,0,2
LNR-0756,AI-301,5,4,4,1.0,13,257.8,26.0,2,3,70.8,-0.8,1.0,0.0,0.0,4.5,0.51,0,0,0,0,0,0,0,0,0,0,0,0,0,0,0
LNR-0757,CS-101,1,3,3,1.0,11,262.8,32.0,2,1,77.1,5.0,1.0,3.0,1.0,4.5,0.82,0,0,0,0,0,0,0,0,0,0,0,0,0,0,0
LNR-0757,CS-101,2,3,3,1.0,7,254.0,31.0,2,3,69.4,-7.7,0.0,1.0,0.0,4.5,0.67,0,0,0,0,0,0,0,0,0,1,1,1,0,0,3
LNR-0757,CS-101,3,2,2,1.0,12,155.5,28.0,2,1,72.3,2.9,0.0,1.0,0.0,5.0,0.56,0,0,0,0,0,0,0,0,0,1,1,1,0,0,3
LNR-0757,CS-101,4,3,3,1.0,7,183.4,20.0,2,1,83.6,11.3,0.0,1.0,0.0,4.0,0.56,0,0,0,0,0,0,0,0,0,0,0,0,0,0,0
LNR-0757,CS-101,5,3,3,1.0,13,183.6,36.0,2,1,78.3,-5.3,1.0,2.0,0.0,4.5,0.47,0,0,0,0,0,0,0,0,0,0,0,0,0,0,0
LNR-0758,WEB-102,1,3,3,1.0,8,127.2,34.0,2,1,98.7,2.2,1.0,3.0,0.0,5.0,0.73,0,0,0,0,0,0,0,0,0,0,0,0,0,0,0
LNR-0758,WEB-102,2,3,3,1.0,10,238.5,40.0,2,1,97.2,-1.5,0.0,3.0,1.0,4.0,0.44,0,0,0,0,0,0,0,0,0,0,0,0,1,1,2
LNR-0758,WEB-102,3,3,3,1.0,18,244.2,31.0,2,1,100.0,2.8,1.0,1.0,0.0,4.5,0.52,0,0,0,0,0,0,0,0,0,0,0,0,0,0,0
LNR-0758,WEB-102,4,3,3,1.0,11,269.6,32.0,2,1,96.2,-3.8,0.0,0.0,1.0,4.0,0.44,0,0,0,0,0,0,0,0,0,0,0,0,1,1,2
LNR-0758,WEB-102,5,3,3,1.0,6,257.4,30.0,2,1,100.0,3.8,2.0,1.0,0.0,5.0,0.61,0,0,0,0,0,0,0,0,0,0,0,0,0,0,0
LNR-0759,AI-301,1,3,2,0.6667,5,168.3,26.0,1,1,71.5,-3.2,0.0,0.0,0.0,1.5,-0.22,0,0,0,1,1,0,0,0,0,0,0,0,0,0,2
LNR-0759,AI-301,2,4,1,0.25,2,56.2,6.0,0,0,59.2,-12.3,0.0,1.0,0.0,2.0,-0.02,1,0,0,0,0,0,0,0,0,0,0,0,0,0,0
LNR-0759,AI-301,3,3,1,0.3333,3,71.3,13.0,1,0,68.8,9.6,1.0,0.0,0.0,2.0,-0.42,1,0,0,0,0,0,0,0,0,0,0,0,0,0,0
LNR-0759,AI-301,4,3,0,0.0,6,22.6,13.0,0,2,63.3,-5.5,1.0,0.0,1.0,2.0,-0.01,1,0,0,0,0,0,0,0,0,0,0,0,0,0,0
LNR-0759,AI-301,5,3,0,0.0,3,31.9,4.0,0,0,55.6,-7.7,1.0,0.0,0.0,1.5,-0.29,1,0,0,0,0,0,0,0,0,0,0,0,0,0,0
LNR-0760,CS-101,1,3,3,1.0,6,126.3,15.0,1,1,85.4,10.3,0.0,1.0,0.0,4.0,0.32,0,0,0,0,0,0,0,0,0,0,0,0,0,0,0
LNR-0760,CS-101,2,3,2,0.6667,6,203.5,24.0,2,1,78.5,-6.9,0.0,0.0,0.0,4.0,0.43,0,0,0,0,0,0,0,0,0,0,0,0,0,0,0
LNR-0760,CS-101,3,3,2,0.6667,9,154.8,22.0,1,1,69.9,-0.3,2.0,1.0,1.0,4.0,0.13,0,0,0,0,0,0,0,1,1,0,0,0,0,0,2
LNR-0760,CS-101,4,3,2,0.6667,7,105.8,20.0,2,1,64.4,-14.5,0.0,1.0,0.0,3.5,0.11,0,0,0,0,0,0,0,0,0,0,0,0,0,0,0
LNR-0760,CS-101,5,3,2,0.6667,5,141.6,21.0,1,1,65.8,1.4,0.0,2.0,0.0,4.0,0.44,0,0,0,0,0,0,0,0,0,0,0,0,1,1,2
LNR-0761,CS-101,1,3,2,0.6667,8,124.1,30.0,2,1,78.2,-9.0,0.0,0.0,1.0,4.0,0.15,0,0,0,0,0,0,0,0,0,0,0,0,0,0,0
LNR-0761,CS-101,2,2,2,1.0,3,149.1,27.0,1,2,98.3,20.1,0.0,1.0,0.0,3.5,0.09,0,0,0,0,0,0,0,0,0,1,1,1,0,0,3
LNR-0761,CS-101,3,3,2,0.6667,7,139.7,21.0,1,1,90.8,-7.5,0.0,2.0,0.0,4.0,0.3,0,0,0,0,0,0,0,0,0,0,0,0,0,0,0
LNR-0761,CS-101,4,3,2,0.6667,5,148.4,17.0,1,2,100.0,9.2,0.0,0.0,0.0,4.0,0.44,0,0,0,0,0,0,0,0,0,0,0,0,1,1,2
LNR-0761,CS-101,5,2,1,0.5,6,166.6,21.0,0,1,78.8,-21.2,0.0,1.0,0.0,3.5,0.02,1,0,0,0,0,0,0,0,0,1,1,1,0,0,3
LNR-0762,AI-301,1,3,3,1.0,8,194.6,16.0,1,1,73.1,2.3,1.0,1.0,0.0,4.0,0.5,0,0,0,0,0,0,0,0,0,0,0,0,0,0,0
LNR-0762,AI-301,2,3,2,0.6667,5,145.0,22.0,1,1,59.3,-13.8,1.0,1.0,0.0,4.0,0.5,0,0,0,0,0,0,0,0,0,0,0,0,0,0,0
LNR-0762,AI-301,3,3,1,0.3333,0,47.2,4.0,0,0,50.3,-9.0,0.0,0.0,0.0,4.0,0.44,1,0,0,0,0,0,0,0,0,0,0,0,1,1,2
LNR-0762,AI-301,4,3,0,0.0,1,5.0,3.0,0,0,51.4,1.1,0.0,0.0,0.0,1.0,-0.58,1,0,0,0,0,0,0,0,0,0,0,0,0,0,0
LNR-0762,AI-301,5,3,1,0.3333,1,21.1,3.0,0,0,70.1,18.7,0.0,0.0,0.0,1.0,-0.21,1,0,0,0,0,0,0,0,0,0,0,0,0,0,0
LNR-0763,AI-301,1,3,2,0.6667,9,186.3,32.0,1,1,57.4,7.0,1.0,1.0,0.0,4.0,0.5,0,0,0,0,0,0,0,0,0,0,0,0,0,0,0
LNR-0763,AI-301,2,3,3,1.0,8,166.6,30.0,1,1,49.2,-8.2,1.0,1.0,0.0,4.0,0.5,0,0,0,0,0,0,0,0,0,0,0,0,0,0,0
LNR-0763,AI-301,3,3,0,0.0,2,42.4,6.0,0,0,69.9,-0.3,0.0,0.0,0.0,4.0,0.44,1,0,0,0,0,0,0,1,1,0,0,0,1,1,4
LNR-0763,AI-301,4,2,0,0.0,4,10.4,2.0,0,0,30.5,-10.4,0.0,0.0,0.0,1.0,-0.7,1,0,0,0,0,0,0,0,0,0,0,0,0,0,0
LNR-0763,AI-301,5,3,0,0.0,2,20.7,3.0,0,0,14.6,-15.9,0.0,0.0,0.0,1.0,-0.46,1,0,0,0,0,0,0,0,0,0,0,0,0,0,0
LNR-0764,DATA-201,1,4,3,0.75,7,143.1,21.0,1,1,63.1,-4.7,1.0,0.0,0.0,4.0,0.44,0,0,0,0,0,0,0,0,0,0,0,0,1,1,2
LNR-0764,DATA-201,2,3,2,1.0,10,141.5,21.0,0,2,81.3,18.2,1.0,0.0,0.0,3.5,0.18,0,1,0,0,0,0,0,0,0,0,0,0,0,0,1
LNR-0764,DATA-201,3,3,2,0.6667,4,88.9,25.0,1,2,57.7,-23.6,0.0,0.0,0.0,3.0,0.05,0,0,0,0,0,0,0,0,0,0,0,0,0,0,0
LNR-0764,DATA-201,4,3,3,1.0,10,179.9,26.0,1,1,67.5,9.8,1.0,1.0,1.0,4.0,0.34,0,0,0,0,0,0,0,0,0,0,0,0,0,0,0
LNR-0764,DATA-201,5,3,2,0.6667,9,139.6,27.0,1,1,71.7,4.2,0.0,1.0,0.0,4.0,0.44,0,0,0,0,0,0,0,0,0,0,0,0,1,1,2
LNR-0765,WEB-102,1,3,3,1.0,13,197.8,38.0,2,1,58.0,-2.1,3.0,1.0,0.0,5.0,0.59,0,0,0,0,0,0,0,0,0,0,0,0,0,0,0
LNR-0765,WEB-102,2,2,2,1.0,9,199.0,24.0,2,2,64.2,6.2,1.0,2.0,0.0,4.5,0.79,0,0,0,0,0,0,0,0,0,0,0,0,0,0,0
LNR-0765,WEB-102,3,4,4,1.0,10,251.0,28.0,2,2,60.0,-4.2,1.0,1.0,0.0,5.0,0.43,0,0,0,0,0,0,0,0,0,0,0,0,0,0,0
LNR-0765,WEB-102,4,3,3,1.0,14,229.0,36.0,2,3,56.4,-3.6,0.0,1.0,0.0,5.0,0.51,0,0,0,0,0,0,0,0,0,1,1,1,0,0,3
LNR-0765,WEB-102,5,3,3,1.0,13,168.3,26.0,2,1,59.7,3.3,0.0,1.0,0.0,4.0,0.44,0,0,0,1,1,0,0,0,0,0,0,0,1,1,4
LNR-0766,WEB-102,1,3,2,0.6667,9,86.4,20.0,1,2,96.2,8.5,0.0,0.0,0.0,4.0,0.44,0,0,0,0,0,0,0,0,0,0,0,0,1,1,2
LNR-0766,WEB-102,2,3,1,0.3333,4,88.1,15.0,1,0,73.3,-22.9,1.0,0.0,0.0,4.0,0.44,1,0,0,0,0,0,0,0,0,0,0,0,1,1,2
LNR-0766,WEB-102,3,2,1,0.5,1,97.6,6.0,1,1,84.6,11.3,1.0,0.0,0.0,1.5,-0.47,0,0,0,0,0,0,0,0,0,0,0,0,0,0,0
LNR-0766,WEB-102,4,3,1,0.3333,2,76.5,7.0,0,1,57.8,-26.8,0.0,1.0,0.0,2.0,-0.57,1,0,0,0,0,0,0,0,0,1,1,1,0,0,3
LNR-0766,WEB-102,5,4,0,0.0,1,168.3,26.0,0,0,73.8,16.0,0.0,0.0,0.0,2.5,-0.18,1,0,0,1,1,0,0,0,0,0,0,0,0,0,2
LNR-0767,DATA-201,1,3,2,0.6667,9,198.6,19.0,1,1,47.1,-13.8,0.0,1.0,0.0,4.0,0.44,0,0,0,0,0,0,0,0,0,0,0,0,1,1,2
LNR-0767,DATA-201,2,4,3,0.75,12,140.1,23.0,1,1,69.9,-0.3,1.0,1.0,0.0,4.0,0.26,0,0,0,0,0,0,0,1,1,0,0,0,0,0,2
LNR-0767,DATA-201,3,2,2,1.0,6,177.9,22.0,1,1,55.4,-4.8,0.0,0.0,0.0,3.5,0.22,0,0,0,0,0,0,0,0,0,0,0,0,0,0,0
LNR-0767,DATA-201,4,3,2,0.6667,8,134.0,28.0,2,1,54.4,-1.0,1.0,1.0,0.0,4.0,0.15,0,0,0,0,0,0,0,0,0,0,0,0,0,0,0
LNR-0767,DATA-201,5,3,2,0.6667,7,151.9,25.0,2,1,56.9,2.5,1.0,0.0,0.0,3.0,0.29,0,0,0,0,0,0,0,0,0,0,0,0,0,0,0
LNR-0768,CS-101,1,3,3,1.0,7,121.4,18.0,1,1,44.6,-11.2,2.0,1.0,0.0,3.5,0.0,0,0,0,0,0,0,0,0,0,0,0,0,0,0,0
LNR-0768,CS-101,2,3,2,1.0,4,172.7,27.0,1,2,56.9,12.3,0.0,3.0,1.0,3.5,0.07,0,1,0,0,0,0,0,0,0,0,0,0,0,0,1
LNR-0768,CS-101,3,3,2,0.6667,9,157.1,15.0,1,1,58.4,1.5,0.0,0.0,0.0,4.0,0.43,0,0,0,0,0,0,0,0,0,0,0,0,0,0,0
LNR-0768,CS-101,4,4,3,0.75,7,184.8,16.0,1,1,39.2,-19.2,1.0,0.0,0.0,3.5,0.05,0,0,0,0,0,0,0,0,0,0,0,0,0,0,0
LNR-0768,CS-101,5,2,1,0.5,8,163.5,29.0,1,1,58.6,19.4,0.0,1.0,0.0,3.0,0.38,0,0,0,0,0,0,0,0,0,0,0,0,0,0,0
LNR-0769,CS-101,1,2,1,0.5,3,166.2,14.0,1,1,91.1,13.0,0.0,1.0,0.0,2.0,-0.19,0,0,0,0,0,0,0,0,0,1,1,1,0,0,3
LNR-0769,CS-101,2,2,1,0.5,6,176.8,15.0,0,0,69.9,-0.3,0.0,0.0,0.0,2.0,-0.53,0,0,0,0,0,0,0,1,1,0,0,0,0,0,2
LNR-0769,CS-101,3,3,0,0.0,3,57.1,6.0,0,2,69.1,2.9,1.0,0.0,0.0,3.0,-0.09,1,0,0,0,0,0,0,0,0,0,0,0,0,0,0
LNR-0769,CS-101,4,2,1,0.5,4,56.7,4.0,1,0,61.0,-8.1,0.0,1.0,0.0,2.0,-0.1,0,0,0,0,0,0,0,0,0,1,1,1,0,0,3
LNR-0769,CS-101,5,2,0,0.0,1,11.1,4.0,0,0,59.7,-1.3,0.0,0.0,0.0,1.5,-0.39,1,0,0,0,0,0,0,0,0,0,0,0,0,0,0
LNR-0770,AI-301,1,3,3,1.0,6,180.5,25.0,2,3,74.8,-0.2,0.0,0.0,1.0,5.0,0.69,0,0,0,0,0,0,0,0,0,0,0,0,0,0,0
LNR-0770,AI-301,2,2,2,1.0,9,186.5,28.0,2,1,80.3,5.5,2.0,1.0,0.0,4.0,0.44,0,1,0,0,0,0,0,0,0,0,0,0,1,1,3
LNR-0770,AI-301,3,4,3,0.75,7,232.6,30.0,2,1,83.4,3.1,1.0,1.0,0.0,4.5,0.6,0,0,0,0,0,0,0,0,0,0,0,0,0,0,0
LNR-0770,AI-301,4,3,3,1.0,11,142.0,36.0,1,1,69.9,-0.3,1.0,1.0,0.0,4.5,0.84,0,0,0,0,0,0,0,1,1,0,0,0,0,0,2
LNR-0770,AI-301,5,4,4,1.0,9,147.3,33.0,2,2,80.2,4.7,2.0,0.0,0.0,4.0,0.77,0,0,0,0,0,0,0,0,0,0,0,0,0,0,0
LNR-0771,CS-101,1,3,2,0.6667,7,135.9,16.0,1,1,35.9,-18.3,0.0,0.0,1.0,2.5,-0.21,0,0,0,0,0,0,0,0,0,0,0,0,0,0,0
LNR-0771,CS-101,2,4,1,0.25,5,107.8,16.0,1,3,45.9,10.0,0.0,1.0,0.0,1.5,-0.45,1,0,0,0,0,0,0,0,0,1,1,1,0,0,3
LNR-0771,CS-101,3,3,0,0.0,4,42.5,11.0,0,2,29.3,-16.6,1.0,0.0,0.0,2.5,-0.2,1,0,0,0,0,0,0,0,0,0,0,0,0,0,0
LNR-0771,CS-101,4,3,1,0.3333,3,58.7,5.0,1,1,42.5,13.2,2.0,0.0,0.0,1.5,-0.45,1,0,0,0,0,0,0,0,0,0,0,0,0,0,0
LNR-0771,CS-101,5,4,0,0.0,1,64.6,4.0,0,0,27.7,-14.8,0.0,0.0,0.0,2.0,0.02,1,0,0,0,0,0,0,0,0,0,0,0,0,0,0
LNR-0772,WEB-102,1,3,3,1.0,9,232.0,30.0,2,1,85.4,2.0,2.0,0.0,0.0,4.0,0.44,0,0,0,0,0,0,0,0,0,0,0,0,1,1,2
LNR-0772,WEB-102,2,4,4,1.0,9,248.3,33.0,2,1,81.6,-3.8,3.0,0.0,1.0,4.0,0.44,0,0,0,0,0,0,0,0,0,0,0,0,1,1,2
LNR-0772,WEB-102,3,4,4,1.0,17,183.3,37.0,1,1,89.3,7.7,0.0,0.0,0.0,4.5,0.43,0,0,0,0,0,0,0,0,0,0,0,0,0,0,0
LNR-0772,WEB-102,4,3,3,1.0,8,272.5,27.0,1,1,67.1,-22.2,1.0,2.0,0.0,4.0,0.48,0,0,0,0,0,0,0,0,0,0,0,0,0,0,0
LNR-0772,WEB-102,5,2,2,1.0,10,174.0,26.0,2,2,86.4,19.3,0.0,1.0,0.0,4.0,0.44,0,0,0,0,0,0,0,0,0,0,0,0,1,1,2
LNR-0773,DATA-201,1,4,3,0.75,10,87.4,28.0,1,1,45.4,-14.3,0.0,0.0,0.0,3.5,0.09,1,0,0,0,0,0,0,0,0,0,0,0,0,0,0
LNR-0773,DATA-201,2,3,2,0.6667,6,107.1,23.0,1,1,63.0,17.6,0.0,0.0,1.0,3.5,0.29,0,0,0,0,0,0,0,0,0,0,0,0,0,0,0
LNR-0773,DATA-201,3,2,1,0.5,9,192.9,18.0,1,1,56.3,-6.7,0.0,2.0,0.0,3.0,0.34,0,0,0,0,0,0,0,0,0,0,0,0,0,0,0
LNR-0773,DATA-201,4,3,2,0.6667,6,165.1,22.0,1,1,58.3,2.0,0.0,1.0,1.0,3.0,0.0,0,0,0,0,0,0,0,0,0,0,0,0,0,0,0
LNR-0773,DATA-201,5,2,2,1.0,9,192.0,22.0,2,1,51.7,-6.6,2.0,2.0,0.0,3.5,0.46,0,0,0,0,0,0,0,0,0,0,0,0,0,0,0
LNR-0774,WEB-102,1,3,3,1.0,10,309.3,30.0,2,1,92.4,1.5,0.0,2.0,1.0,4.5,0.61,0,0,0,0,0,0,0,0,0,0,0,0,0,0,0
LNR-0774,WEB-102,2,4,3,0.75,12,255.3,35.0,2,1,89.9,-2.5,0.0,2.0,1.0,5.0,0.87,0,0,0,0,0,0,0,0,0,0,0,0,0,0,0
LNR-0774,WEB-102,3,3,3,1.0,12,217.0,43.0,2,2,69.9,-0.3,1.0,2.0,1.0,5.0,0.55,0,0,0,0,0,0,0,1,1,0,0,0,0,0,2
LNR-0774,WEB-102,4,2,2,1.0,12,192.9,32.0,2,2,100.0,10.7,0.0,1.0,0.0,5.0,0.86,0,0,0,0,0,0,0,0,0,1,1,1,0,0,3
LNR-0774,WEB-102,5,2,2,1.0,12,196.6,33.0,2,2,86.7,-13.3,0.0,2.0,0.0,4.0,0.71,0,0,0,0,0,0,0,0,0,0,0,0,0,0,0
LNR-0775,AI-301,1,3,3,1.0,7,237.0,25.0,1,2,77.0,7.0,0.0,3.0,0.0,4.5,0.48,0,0,0,0,0,0,0,0,0,0,0,0,0,0,0
LNR-0775,AI-301,2,3,3,1.0,11,253.1,36.0,2,2,71.8,-5.2,2.0,0.0,0.0,5.0,0.8,0,0,0,0,0,0,0,0,0,0,0,0,0,0,0
LNR-0775,AI-301,3,3,3,1.0,12,175.1,32.0,2,2,59.1,-12.7,1.0,0.0,0.0,5.0,0.8,0,0,0,0,0,0,0,0,0,0,0,0,0,0,0
LNR-0775,AI-301,4,4,4,1.0,10,129.3,30.0,2,1,71.4,12.3,2.0,2.0,0.0,4.5,0.87,0,0,0,0,0,0,0,0,0,0,0,0,0,0,0
LNR-0775,AI-301,5,3,3,1.0,13,239.2,28.0,2,1,67.3,-4.1,0.0,2.0,0.0,4.5,0.77,0,0,0,0,0,0,0,0,0,0,0,0,0,0,0
LNR-0776,WEB-102,1,3,2,0.6667,8,98.4,20.0,1,1,76.8,-4.6,3.0,2.0,0.0,4.0,0.44,0,0,0,0,0,0,0,0,0,0,0,0,1,1,2
LNR-0776,WEB-102,2,3,2,0.6667,7,160.7,23.0,1,1,77.0,0.2,1.0,2.0,0.0,4.0,0.44,0,0,0,0,0,0,0,0,0,0,0,0,1,1,2
LNR-0776,WEB-102,3,3,2,0.6667,9,86.7,29.0,1,2,81.9,4.9,2.0,1.0,0.0,3.0,0.35,0,0,0,0,0,0,0,0,0,0,0,0,0,0,0
LNR-0776,WEB-102,4,3,2,0.6667,3,117.6,18.0,1,1,94.8,12.9,0.0,1.0,1.0,4.0,0.4,0,0,0,0,0,0,0,0,0,0,0,0,0,0,0
LNR-0776,WEB-102,5,4,3,0.75,8,118.0,17.0,1,1,78.9,-15.9,0.0,1.0,0.0,3.0,0.47,0,0,0,0,0,0,0,0,0,1,1,1,0,0,3
LNR-0777,DATA-201,1,4,3,0.75,6,125.6,21.0,2,2,58.8,3.3,0.0,0.0,0.0,3.5,0.45,0,0,0,0,0,0,0,0,0,0,0,0,0,0,0
LNR-0777,DATA-201,2,4,3,0.75,4,148.5,22.0,0,1,70.3,11.5,0.0,2.0,1.0,3.5,0.12,0,0,0,0,0,0,0,0,0,0,0,0,0,0,0
LNR-0777,DATA-201,3,2,1,0.5,5,172.9,19.0,2,1,53.8,-16.5,1.0,1.0,0.0,3.0,0.14,0,0,0,0,0,0,0,0,0,0,0,0,0,0,0
LNR-0777,DATA-201,4,3,2,0.6667,3,217.0,15.0,1,1,48.5,-5.3,2.0,1.0,0.0,3.5,0.08,0,0,0,0,0,0,0,0,0,0,0,0,0,0,0
LNR-0777,DATA-201,5,3,2,0.6667,5,99.9,13.0,1,1,64.4,15.9,0.0,0.0,0.0,3.5,0.46,0,0,0,0,0,0,0,0,0,0,0,0,0,0,0
LNR-0778,DATA-201,1,2,1,0.5,6,115.1,16.0,1,0,69.9,-0.3,0.0,0.0,1.0,3.0,-0.52,0,0,0,0,0,0,0,1,1,0,0,0,0,0,2
LNR-0778,DATA-201,2,2,1,0.5,3,95.3,16.0,1,0,60.9,6.4,0.0,1.0,0.0,4.0,0.44,0,0,0,0,0,0,0,0,0,1,1,1,1,1,5
LNR-0778,DATA-201,3,4,2,0.5,3,93.8,10.0,0,3,78.6,17.7,0.0,0.0,0.0,4.0,0.44,1,0,0,0,0,0,0,0,0,0,0,0,1,1,2
LNR-0778,DATA-201,4,4,1,0.25,3,27.9,3.0,1,1,72.3,-6.3,0.0,0.0,0.0,4.0,0.44,1,0,0,0,0,0,0,0,0,0,0,0,1,1,2
LNR-0778,DATA-201,5,3,0,0.0,2,69.7,2.0,0,0,47.2,-25.1,1.0,1.0,0.0,2.5,-0.6,1,0,0,0,0,0,0,0,0,0,0,0,0,0,0
LNR-0779,DATA-201,1,3,3,1.0,16,168.3,26.0,1,1,61.6,1.3,1.0,4.0,0.0,4.5,0.48,0,0,0,1,1,0,0,0,0,0,0,0,0,0,2
LNR-0779,DATA-201,2,3,3,1.0,9,205.7,25.0,2,2,74.4,12.8,0.0,1.0,0.0,4.0,0.44,0,0,0,0,0,0,0,0,0,1,1,1,1,1,5
LNR-0779,DATA-201,3,4,4,1.0,9,232.5,32.0,2,1,57.2,-17.2,0.0,1.0,1.0,4.0,0.48,0,0,0,0,0,0,0,0,0,0,0,0,0,0,0
LNR-0779,DATA-201,4,3,3,1.0,10,172.7,25.0,2,2,55.7,-1.5,1.0,1.0,0.0,4.5,0.73,0,0,0,0,0,0,0,0,0,0,0,0,0,0,0
LNR-0779,DATA-201,5,4,4,1.0,14,221.0,31.0,1,1,65.1,9.4,0.0,2.0,1.0,4.0,0.44,0,0,0,0,0,0,0,0,0,0,0,0,1,1,2
LNR-0780,DATA-201,1,3,2,0.6667,11,171.5,16.0,2,2,78.7,2.5,1.0,1.0,0.0,3.0,0.18,0,0,0,0,0,0,0,0,0,0,0,0,0,0,0
LNR-0780,DATA-201,2,2,1,0.5,6,63.2,22.0,1,1,73.1,-5.6,0.0,0.0,0.0,3.0,0.46,0,0,0,0,0,0,0,0,0,0,0,0,0,0,0
LNR-0780,DATA-201,3,3,2,0.6667,6,129.2,29.0,1,1,61.0,-12.1,1.0,0.0,0.0,3.5,0.16,0,0,0,0,0,0,0,0,0,0,0,0,0,0,0
LNR-0780,DATA-201,4,3,2,0.6667,5,152.8,16.0,1,1,69.9,-0.3,0.0,1.0,0.0,4.0,0.3,0,0,0,0,0,0,0,1,1,0,0,0,0,0,2
LNR-0780,DATA-201,5,3,2,0.6667,7,138.3,17.0,1,1,79.9,-3.0,1.0,1.0,0.0,4.0,0.44,0,0,0,0,0,0,0,0,0,0,0,0,1,1,2
LNR-0781,AI-301,1,3,3,1.0,11,199.6,36.0,2,2,85.7,6.6,1.0,0.0,0.0,4.0,0.78,0,0,0,0,0,0,0,0,0,0,0,0,0,0,0
LNR-0781,AI-301,2,4,4,1.0,12,210.1,34.0,2,3,85.7,0.0,0.0,1.0,1.0,4.5,0.5,0,0,0,0,0,0,0,0,0,0,0,0,0,0,0
LNR-0781,AI-301,3,4,4,1.0,12,168.3,26.0,2,1,67.4,-18.3,0.0,2.0,0.0,4.5,0.88,0,0,0,1,1,0,0,0,0,0,0,0,0,0,2
LNR-0781,AI-301,4,3,3,1.0,7,339.1,28.0,2,2,87.7,20.3,1.0,0.0,1.0,4.0,0.57,0,0,0,0,0,0,0,0,0,0,0,0,0,0,0
LNR-0781,AI-301,5,2,2,1.0,10,243.5,41.0,2,1,77.9,-9.8,1.0,1.0,0.0,4.5,0.58,0,0,0,0,0,0,0,0,0,0,0,0,0,0,0
LNR-0782,CS-101,1,4,4,1.0,8,168.3,26.0,2,1,62.5,3.5,0.0,0.0,1.0,4.5,0.42,0,0,0,1,1,0,0,0,0,0,0,0,0,0,2
LNR-0782,CS-101,2,3,3,1.0,12,173.1,39.0,1,2,49.8,-12.7,0.0,2.0,0.0,4.5,0.71,0,0,0,0,0,0,0,0,0,0,0,0,0,0,0
LNR-0782,CS-101,3,3,3,1.0,11,244.9,28.0,2,1,60.4,10.6,0.0,0.0,0.0,4.0,0.44,0,0,0,0,0,0,0,0,0,0,0,0,1,1,2
LNR-0782,CS-101,4,4,3,0.75,8,239.1,23.0,2,1,54.2,-6.2,0.0,1.0,0.0,4.5,0.45,0,0,0,0,0,0,0,0,0,1,1,1,0,0,3
LNR-0782,CS-101,5,3,3,1.0,11,251.1,38.0,2,1,67.5,13.3,1.0,1.0,0.0,5.0,0.54,0,0,0,0,0,0,0,0,0,0,0,0,0,0,0
LNR-0783,DATA-201,1,2,2,1.0,7,47.3,20.0,2,1,81.1,3.6,2.0,0.0,0.0,4.0,0.14,0,0,0,0,0,0,0,0,0,0,0,0,0,0,0
LNR-0783,DATA-201,2,3,2,0.6667,8,176.7,20.0,0,1,84.6,3.5,0.0,0.0,0.0,3.5,0.47,0,0,0,0,0,0,0,0,0,0,0,0,0,0,0
LNR-0783,DATA-201,3,3,2,0.6667,9,167.5,19.0,0,1,78.2,-6.4,1.0,4.0,0.0,3.5,0.39,0,0,0,0,0,0,0,0,0,0,0,0,0,0,0
LNR-0783,DATA-201,4,4,3,0.75,7,113.1,22.0,1,2,82.9,4.7,1.0,2.0,0.0,3.5,0.36,0,0,0,0,0,0,0,0,0,0,0,0,0,0,0
LNR-0783,DATA-201,5,4,3,1.0,11,137.7,16.0,0,2,93.1,10.2,0.0,0.0,0.0,4.0,0.44,0,1,0,0,0,0,0,0,0,0,0,0,1,1,3
LNR-0784,WEB-102,1,3,3,1.0,10,292.6,29.0,2,1,80.3,3.6,0.0,0.0,0.0,4.5,0.78,0,0,0,0,0,0,0,0,0,0,0,0,0,0,0
LNR-0784,WEB-102,2,3,3,1.0,10,183.6,31.0,2,2,70.4,-9.9,1.0,0.0,0.0,4.0,0.65,0,0,0,0,0,0,0,0,0,0,0,0,0,0,0
LNR-0784,WEB-102,3,2,2,1.0,12,194.1,29.0,1,2,69.9,-0.3,1.0,1.0,0.0,4.0,0.44,0,0,0,0,0,0,0,1,1,0,0,0,1,1,4
LNR-0784,WEB-102,4,4,4,1.0,9,109.7,36.0,1,1,79.7,7.9,0.0,2.0,0.0,5.0,0.72,0,0,0,0,0,0,0,0,0,0,0,0,0,0,0
LNR-0784,WEB-102,5,3,3,1.0,7,275.2,30.0,1,2,80.1,0.4,0.0,1.0,1.0,4.0,0.44,0,0,0,0,0,0,0,0,0,0,0,0,1,1,2
LNR-0785,WEB-102,1,4,4,1.0,10,213.6,28.0,2,2,61.2,-6.6,2.0,0.0,0.0,4.0,0.49,0,0,0,0,0,0,0,0,0,0,0,0,0,0,0
LNR-0785,WEB-102,2,3,3,1.0,6,300.2,23.0,2,2,69.9,-0.3,0.0,1.0,1.0,4.0,0.67,0,0,0,0,0,0,0,1,1,0,0,0,0,0,2
LNR-0785,WEB-102,3,2,2,1.0,10,249.3,32.0,2,1,68.6,-3.7,2.0,1.0,0.0,4.0,0.44,0,0,0,0,0,0,0,0,0,0,0,0,1,1,2
LNR-0785,WEB-102,4,3,3,1.0,13,282.8,32.0,2,3,62.2,-6.4,1.0,2.0,0.0,4.5,0.63,0,0,0,0,0,0,0,0,0,0,0,0,0,0,0
LNR-0785,WEB-102,5,4,4,1.0,12,221.0,28.0,1,2,72.3,10.1,2.0,1.0,1.0,4.0,0.64,0,0,0,0,0,0,0,0,0,0,0,0,0,0,0
LNR-0786,DATA-201,1,3,3,1.0,16,171.6,32.0,2,1,37.9,-18.2,2.0,0.0,0.0,4.5,0.48,0,0,0,0,0,0,0,0,0,0,0,0,0,0,0
LNR-0786,DATA-201,2,3,3,1.0,10,247.6,31.0,1,1,58.4,20.5,2.0,2.0,0.0,5.0,0.58,0,0,0,0,0,0,0,0,0,0,0,0,0,0,0
LNR-0786,DATA-201,3,2,2,1.0,10,139.7,33.0,1,2,69.9,-0.3,0.0,1.0,0.0,4.0,0.44,0,0,0,0,0,0,0,1,1,0,0,0,1,1,4
LNR-0786,DATA-201,4,3,3,1.0,15,259.8,32.0,2,3,48.3,-4.7,2.0,1.0,0.0,4.0,0.44,0,0,0,0,0,0,0,0,0,0,0,0,1,1,2
LNR-0786,DATA-201,5,3,3,1.0,14,220.6,36.0,2,1,53.7,5.4,1.0,1.0,0.0,4.0,0.44,0,0,0,0,0,0,0,0,0,0,0,0,1,1,2
LNR-0787,CS-101,1,3,1,0.3333,5,137.8,11.0,1,0,69.9,-0.3,1.0,0.0,1.0,1.5,-0.23,1,0,0,0,0,0,0,1,1,0,0,0,0,0,2
LNR-0787,CS-101,2,2,1,0.5,6,168.3,26.0,1,1,66.0,0.7,0.0,1.0,0.0,1.5,-0.32,1,0,0,1,1,0,0,0,0,0,0,0,0,0,2
LNR-0787,CS-101,3,3,1,0.3333,4,42.5,6.0,1,0,34.3,-31.7,0.0,1.0,0.0,2.0,-0.34,1,0,0,0,0,0,0,0,0,1,1,1,0,0,3
LNR-0787,CS-101,4,3,1,0.3333,4,168.3,26.0,0,1,47.1,12.8,0.0,0.0,0.0,1.5,-0.16,1,0,0,1,1,0,0,0,0,0,0,0,0,0,2
LNR-0787,CS-101,5,3,0,0.0,2,31.6,6.0,0,0,32.6,-14.5,0.0,1.0,0.0,2.0,-0.54,1,0,0,0,0,0,0,0,0,0,0,0,0,0,0
LNR-0788,CS-101,1,3,2,0.6667,8,156.7,23.0,0,2,93.6,11.7,1.0,0.0,0.0,4.0,0.44,0,0,0,0,0,0,0,0,0,0,0,0,1,1,2
LNR-0788,CS-101,2,3,2,0.6667,7,132.1,23.0,1,1,82.5,-11.1,1.0,2.0,0.0,4.0,0.44,0,0,0,0,0,0,0,0,0,0,0,0,1,1,2
LNR-0788,CS-101,3,3,2,0.6667,4,129.5,23.0,1,2,86.4,3.9,1.0,0.0,0.0,4.0,0.12,0,0,0,0,0,0,0,0,0,0,0,0,0,0,0
LNR-0788,CS-101,4,3,2,0.6667,4,136.7,19.0,0,1,75.4,-11.0,0.0,0.0,0.0,3.5,0.44,1,0,0,0,0,0,0,0,0,0,0,0,0,0,0
LNR-0788,CS-101,5,3,2,0.6667,7,29.4,22.0,1,2,76.1,0.7,0.0,1.0,0.0,4.0,0.44,0,0,0,0,0,0,0,0,0,1,1,1,1,1,5
LNR-0789,AI-301,1,4,4,1.0,6,246.1,28.0,2,1,97.7,6.7,0.0,0.0,1.0,5.0,0.59,0,0,0,0,0,0,0,0,0,0,0,0,0,0,0
LNR-0789,AI-301,2,3,3,1.0,8,263.0,21.0,2,1,86.6,-11.1,2.0,1.0,0.0,4.5,0.82,0,0,0,0,0,0,0,0,0,0,0,0,0,0,0
LNR-0789,AI-301,3,4,4,1.0,9,244.0,33.0,2,2,100.0,13.4,0.0,2.0,2.0,4.0,0.44,0,0,0,0,0,0,0,0,0,0,0,0,1,1,2
LNR-0789,AI-301,4,3,3,1.0,14,91.2,45.0,2,1,88.7,-11.3,1.0,2.0,0.0,4.5,0.46,0,0,0,0,0,0,0,0,0,0,0,0,0,0,0
LNR-0789,AI-301,5,3,3,1.0,12,219.2,41.0,2,1,89.1,0.4,2.0,3.0,1.0,4.5,0.75,0,1,0,0,0,0,0,0,0,0,0,0,0,0,1
LNR-0790,DATA-201,1,2,2,1.0,4,151.3,14.0,1,2,69.9,-0.3,2.0,1.0,0.0,3.5,0.2,0,0,0,0,0,0,0,1,1,0,0,0,0,0,2
LNR-0790,DATA-201,2,3,2,0.6667,8,191.4,23.0,1,1,97.1,9.3,0.0,0.0,1.0,4.0,0.44,0,0,0,0,0,0,0,0,0,0,0,0,1,1,2
LNR-0790,DATA-201,3,2,1,0.5,8,144.4,22.0,0,1,76.7,-20.4,0.0,0.0,0.0,4.0,0.04,0,0,0,0,0,0,0,0,0,0,0,0,0,0,0
LNR-0790,DATA-201,4,4,3,0.75,9,160.9,23.0,1,1,74.8,-1.9,0.0,1.0,0.0,3.0,0.39,0,0,0,0,0,0,0,0,0,0,0,0,0,0,0
LNR-0790,DATA-201,5,4,3,1.0,8,160.1,22.0,1,1,72.8,-2.0,2.0,1.0,0.0,3.5,0.43,0,1,0,0,0,0,0,0,0,0,0,0,0,0,1
LNR-0791,DATA-201,1,2,2,1.0,8,99.2,21.0,2,1,69.9,-0.3,0.0,0.0,0.0,4.0,0.44,0,0,0,0,0,0,0,1,1,0,0,0,1,1,4
LNR-0791,DATA-201,2,3,2,0.6667,4,152.0,18.0,1,1,63.5,-4.7,0.0,0.0,1.0,4.0,0.44,0,0,0,0,0,0,0,0,0,0,0,0,1,1,2
LNR-0791,DATA-201,3,3,3,1.0,5,168.6,21.0,1,2,57.8,-5.7,1.0,2.0,1.0,3.5,0.41,0,0,0,0,0,0,0,0,0,0,0,0,0,0,0
LNR-0791,DATA-201,4,2,1,0.5,5,163.1,21.0,1,1,61.0,3.2,0.0,1.0,0.0,4.0,0.34,0,0,0,0,0,0,0,0,0,1,1,1,0,0,3
LNR-0791,DATA-201,5,3,2,0.6667,12,210.0,18.0,1,1,67.6,6.6,0.0,0.0,0.0,3.0,0.49,0,0,0,0,0,0,0,0,0,0,0,0,0,0,0
LNR-0792,WEB-102,1,3,1,1.0,11,41.4,18.0,1,1,75.2,-12.7,0.0,0.0,0.0,4.0,0.44,1,1,0,0,0,0,0,0,0,0,0,0,1,1,3
LNR-0792,WEB-102,2,3,1,0.3333,5,96.5,11.0,1,1,69.1,-6.1,0.0,0.0,0.0,1.5,0.08,0,0,0,0,0,0,0,0,0,0,0,0,0,0,0
LNR-0792,WEB-102,3,4,1,0.25,5,41.2,7.0,0,0,80.9,11.8,0.0,1.0,0.0,2.5,-0.31,1,0,0,0,0,0,0,0,0,0,0,0,0,0,0
LNR-0792,WEB-102,4,3,0,0.0,1,48.2,5.0,1,1,67.4,-13.5,0.0,1.0,0.0,4.0,0.44,1,0,0,0,0,0,0,0,0,1,1,1,1,1,5
LNR-0792,WEB-102,5,4,0,0.0,0,31.3,5.0,0,0,66.0,-1.4,0.0,1.0,1.0,2.5,-0.37,1,0,0,0,0,0,0,0,0,0,0,0,0,0,0
LNR-0793,CS-101,1,4,3,0.75,9,146.4,22.0,0,1,65.9,-13.2,0.0,0.0,1.0,4.0,0.12,0,0,0,0,0,0,0,0,0,0,0,0,0,0,0
LNR-0793,CS-101,2,2,2,1.0,7,151.7,23.0,2,1,75.4,9.5,0.0,0.0,0.0,4.0,0.44,0,0,0,0,0,0,0,0,0,0,0,0,1,1,2
LNR-0793,CS-101,3,3,2,0.6667,8,104.3,25.0,1,1,95.8,20.4,1.0,0.0,0.0,4.0,0.44,0,0,0,0,0,0,0,0,0,0,0,0,1,1,2
LNR-0793,CS-101,4,3,2,0.6667,5,216.2,21.0,2,1,82.9,-12.9,0.0,1.0,0.0,3.5,0.28,0,0,0,0,0,0,0,0,0,1,1,1,0,0,3
LNR-0793,CS-101,5,2,2,1.0,3,144.5,17.0,1,1,80.1,-2.8,1.0,0.0,0.0,3.5,0.5,0,0,0,0,0,0,0,0,0,0,0,0,0,0,0
LNR-0794,DATA-201,1,3,1,0.3333,12,79.2,14.0,1,1,58.9,-6.1,0.0,0.0,0.0,2.5,-0.19,0,0,0,0,0,0,0,0,0,0,0,0,0,0,0
LNR-0794,DATA-201,2,3,1,0.3333,2,73.2,16.0,1,2,43.3,-15.6,0.0,0.0,0.0,2.0,-0.11,1,0,0,0,0,0,0,0,0,0,0,0,0,0,0
LNR-0794,DATA-201,3,3,1,0.3333,4,43.0,12.0,0,0,48.4,5.1,0.0,0.0,0.0,2.5,-0.21,1,0,0,0,0,0,0,0,0,0,0,0,0,0,0
LNR-0794,DATA-201,4,3,1,0.3333,3,75.2,5.0,1,0,46.2,-2.2,1.0,1.0,0.0,1.5,-0.23,1,0,0,0,0,0,0,0,0,0,0,0,0,0,0
LNR-0794,DATA-201,5,2,0,0.0,0,25.8,2.0,0,0,35.3,-10.9,0.0,0.0,0.0,1.5,-0.3,1,0,0,0,0,0,0,0,0,0,0,0,0,0,0
LNR-0795,WEB-102,1,4,2,0.5,5,120.1,14.0,1,0,81.9,-1.4,0.0,0.0,0.0,4.0,0.44,0,0,0,0,0,0,0,0,0,0,0,0,1,1,2
LNR-0795,WEB-102,2,3,1,0.3333,4,127.2,9.0,0,1,73.6,-8.3,1.0,0.0,0.0,1.5,-0.2,1,0,0,0,0,0,0,0,0,0,0,0,0,0,0
LNR-0795,WEB-102,3,3,1,0.3333,4,119.8,7.0,1,0,77.9,4.3,0.0,1.0,0.0,1.5,-0.4,0,0,0,0,0,0,0,0,0,1,1,1,0,0,3
LNR-0795,WEB-102,4,2,0,0.0,3,65.0,6.0,1,0,60.3,-17.6,0.0,0.0,0.0,4.0,0.44,1,0,0,0,0,0,0,0,0,0,0,0,1,1,2
LNR-0795,WEB-102,5,3,0,0.0,1,44.2,7.0,0,0,59.9,-0.4,0.0,0.0,0.0,2.0,-0.59,1,0,0,0,0,0,0,0,0,0,0,0,0,0,0
LNR-0796,CS-101,1,4,4,1.0,18,245.3,29.0,1,1,68.2,8.0,0.0,1.0,0.0,4.5,0.76,0,0,0,0,0,0,0,0,0,0,0,0,0,0,0
LNR-0796,CS-101,2,3,3,1.0,15,249.8,26.0,1,1,68.2,0.0,1.0,2.0,0.0,4.5,0.67,0,0,0,0,0,0,0,0,0,0,0,0,0,0,0
LNR-0796,CS-101,3,2,2,1.0,10,230.8,40.0,2,1,56.0,-12.2,1.0,0.0,1.0,5.0,0.43,0,0,0,0,0,0,0,0,0,0,0,0,0,0,0
LNR-0796,CS-101,4,3,3,1.0,11,184.7,30.0,2,1,61.8,5.8,0.0,5.0,1.0,5.0,0.66,0,0,0,0,0,0,0,0,0,0,0,0,0,0,0
LNR-0796,CS-101,5,3,3,1.0,15,212.5,36.0,2,1,69.9,-0.3,0.0,1.0,0.0,5.0,0.82,0,0,0,0,0,0,0,1,1,1,1,1,0,0,5
LNR-0797,AI-301,1,3,3,1.0,8,233.5,33.0,2,1,81.1,6.9,2.0,0.0,0.0,4.0,0.44,0,1,0,0,0,0,0,0,0,0,0,0,1,1,3
LNR-0797,AI-301,2,2,2,1.0,15,272.5,33.0,2,1,76.5,-4.6,0.0,0.0,0.0,4.0,0.69,0,0,0,0,0,0,0,0,0,0,0,0,0,0,0
LNR-0797,AI-301,3,3,3,1.0,8,168.3,26.0,1,1,78.9,2.4,1.0,1.0,2.0,4.0,0.44,0,0,0,1,1,0,0,0,0,0,0,0,1,1,4
LNR-0797,AI-301,4,3,3,1.0,10,175.5,35.0,2,2,70.9,-8.0,0.0,2.0,0.0,4.5,0.78,0,0,0,0,0,0,0,0,0,0,0,0,0,0,0
LNR-0797,AI-301,5,3,3,1.0,4,228.3,39.0,2,2,76.5,5.6,3.0,3.0,1.0,4.5,0.76,0,0,0,0,0,0,0,0,0,0,0,0,0,0,0
LNR-0798,CS-101,1,3,3,1.0,7,227.5,33.0,2,2,49.1,-8.8,0.0,1.0,0.0,5.0,0.46,0,0,0,0,0,0,0,0,0,1,1,1,0,0,3
LNR-0798,CS-101,2,4,4,1.0,9,233.9,27.0,2,1,57.9,8.8,0.0,1.0,0.0,5.0,0.7,0,0,0,0,0,0,0,0,0,0,0,0,0,0,0
LNR-0798,CS-101,3,3,3,1.0,6,168.3,26.0,1,3,60.5,2.6,1.0,3.0,0.0,4.0,0.7,0,0,0,1,1,0,0,0,0,0,0,0,0,0,2
LNR-0798,CS-101,4,2,2,1.0,8,134.6,26.0,2,1,65.9,5.4,1.0,2.0,0.0,5.0,0.75,0,0,0,0,0,0,0,0,0,0,0,0,0,0,0
LNR-0798,CS-101,5,3,3,1.0,10,228.2,34.0,2,2,67.4,1.5,0.0,1.0,0.0,5.0,0.89,0,0,0,0,0,0,0,0,0,1,1,1,0,0,3
LNR-0799,AI-301,1,2,2,1.0,9,168.3,26.0,2,1,92.9,4.1,0.0,1.0,0.0,4.0,0.82,0,0,0,1,1,0,0,0,0,1,1,1,0,0,5
LNR-0799,AI-301,2,2,2,1.0,16,217.8,32.0,2,2,69.9,-0.3,1.0,2.0,2.0,5.0,0.45,0,0,0,0,0,0,0,1,1,0,0,0,0,0,2
LNR-0799,AI-301,3,3,3,1.0,13,270.7,35.0,2,2,93.1,5.5,0.0,0.0,0.0,5.0,0.77,0,0,0,0,0,0,0,0,0,0,0,0,0,0,0
LNR-0799,AI-301,4,3,3,1.0,14,126.0,36.0,2,1,86.8,-6.3,0.0,1.0,0.0,4.5,0.87,0,0,0,0,0,0,0,0,0,1,1,1,0,0,3
LNR-0799,AI-301,5,4,4,1.0,7,176.4,32.0,2,1,88.2,1.4,2.0,2.0,0.0,4.0,0.52,0,0,0,0,0,0,0,0,0,0,0,0,0,0,0
LNR-0800,AI-301,1,3,2,0.6667,2,210.4,15.0,0,1,74.7,-3.5,1.0,0.0,0.0,3.5,0.25,0,0,0,0,0,0,0,0,0,0,0,0,0,0,0
LNR-0800,AI-301,2,3,2,0.6667,6,168.6,21.0,1,1,84.2,9.5,0.0,0.0,0.0,3.5,0.43,0,0,0,0,0,0,0,0,0,0,0,0,0,0,0
LNR-0800,AI-301,3,2,1,0.5,7,88.1,19.0,1,1,80.2,-4.0,0.0,0.0,0.0,4.0,0.44,0,0,0,0,0,0,0,0,0,0,0,0,1,1,2
LNR-0800,AI-301,4,3,2,0.6667,5,68.5,30.0,1,1,81.9,1.7,1.0,0.0,0.0,4.0,0.11,0,0,0,0,0,0,0,0,0,0,0,0,0,0,0
LNR-0800,AI-301,5,3,2,0.6667,5,160.0,19.0,2,1,85.7,3.8,1.0,0.0,0.0,3.5,0.43,0,0,0,0,0,0,0,0,0,0,0,0,0,0,0
LNR-0801,CS-101,1,3,1,0.3333,4,140.6,13.0,0,0,67.3,-0.5,2.0,0.0,1.0,2.5,-0.06,0,0,0,0,0,0,0,0,0,0,0,0,0,0,0
LNR-0801,CS-101,2,2,1,0.5,3,129.8,12.0,1,1,51.2,-16.1,0.0,0.0,1.0,2.0,-0.17,0,0,0,0,0,0,0,0,0,0,0,0,0,0,0
LNR-0801,CS-101,3,3,1,0.3333,1,80.0,8.0,1,3,48.7,-2.5,0.0,0.0,0.0,4.0,0.44,1,0,0,0,0,0,0,0,0,0,0,0,1,1,2
LNR-0801,CS-101,4,3,1,0.3333,3,69.6,14.0,0,0,51.9,3.2,0.0,1.0,0.0,1.5,-0.28,1,0,0,0,0,0,0,0,0,0,0,0,0,0,0
LNR-0801,CS-101,5,4,0,0.0,1,69.2,6.0,0,1,47.6,-4.3,1.0,1.0,0.0,1.5,-0.05,1,0,0,0,0,0,0,0,0,0,0,0,0,0,0
LNR-0802,AI-301,1,2,1,0.5,0,129.9,19.0,1,2,71.1,-3.7,0.0,0.0,0.0,4.0,0.44,0,0,0,0,0,0,0,0,0,0,0,0,1,1,2
LNR-0802,AI-301,2,4,1,0.25,4,168.3,26.0,0,1,73.7,2.6,0.0,0.0,0.0,2.0,0.0,1,0,0,1,1,0,0,0,0,0,0,0,0,0,2
LNR-0802,AI-301,3,3,1,0.3333,6,110.3,7.0,0,1,61.3,-12.4,0.0,1.0,1.0,1.5,-0.41,1,0,0,0,0,0,0,0,0,0,0,0,0,0,0
LNR-0802,AI-301,4,4,1,0.25,0,150.7,5.0,0,1,50.3,-11.0,0.0,0.0,0.0,1.5,-0.14,1,0,0,0,0,0,0,0,0,0,0,0,0,0,0
LNR-0802,AI-301,5,4,0,0.0,1,16.6,3.0,0,1,57.2,6.9,1.0,0.0,0.0,4.0,0.44,1,0,0,0,0,0,0,0,0,0,0,0,1,1,2
LNR-0803,AI-301,1,3,1,0.3333,7,90.8,15.0,1,2,43.6,-6.8,0.0,0.0,0.0,4.0,0.44,1,0,0,0,0,0,0,0,0,0,0,0,1,1,2
LNR-0803,AI-301,2,3,1,0.3333,9,90.9,11.0,0,2,58.7,15.1,0.0,0.0,0.0,3.0,-0.34,1,0,0,0,0,0,0,0,0,0,0,0,0,0,0
LNR-0803,AI-301,3,3,1,0.3333,2,96.4,9.0,0,1,37.4,-21.3,0.0,0.0,0.0,1.5,-0.49,1,0,0,0,0,0,0,0,0,0,0,0,0,0,0
LNR-0803,AI-301,4,4,0,0.0,5,75.4,7.0,0,0,34.7,-2.7,0.0,1.0,0.0,2.0,0.03,1,0,0,0,0,0,0,0,0,0,0,0,0,0,0
LNR-0803,AI-301,5,3,0,0.0,0,53.3,4.0,0,1,32.9,-1.8,0.0,0.0,0.0,2.0,-0.45,1,0,0,0,0,0,0,0,0,0,0,0,0,0,0
LNR-0804,WEB-102,1,3,3,1.0,9,242.4,30.0,2,1,82.0,2.0,1.0,0.0,0.0,5.0,0.56,0,0,0,0,0,0,0,0,0,0,0,0,0,0,0
LNR-0804,WEB-102,2,2,2,1.0,13,242.5,30.0,2,2,76.0,-6.0,0.0,1.0,0.0,5.0,0.77,0,0,0,0,0,0,0,0,0,1,1,1,0,0,3
LNR-0804,WEB-102,3,3,3,1.0,11,203.4,38.0,2,1,78.4,2.4,2.0,3.0,0.0,5.0,0.61,0,0,0,0,0,0,0,0,0,0,0,0,0,0,0
LNR-0804,WEB-102,4,2,2,1.0,11,254.2,43.0,2,2,85.8,7.4,2.0,0.0,1.0,4.0,0.44,0,0,0,0,0,0,0,0,0,0,0,0,1,1,2
LNR-0804,WEB-102,5,4,4,1.0,10,232.7,37.0,2,3,88.0,2.2,1.0,0.0,1.0,4.0,0.61,0,0,0,0,0,0,0,0,0,0,0,0,0,0,0
LNR-0805,CS-101,1,2,1,0.5,4,104.9,25.0,1,1,69.9,-0.3,1.0,1.0,0.0,3.5,0.15,1,0,0,0,0,0,0,1,1,0,0,0,0,0,2
LNR-0805,CS-101,2,3,2,0.6667,6,187.9,22.0,1,1,76.7,5.3,2.0,2.0,0.0,3.5,0.47,0,0,0,0,0,0,0,0,0,0,0,0,0,0,0
LNR-0805,CS-101,3,4,3,0.75,4,117.7,20.0,1,1,74.0,-2.7,0.0,2.0,0.0,3.5,0.1,0,0,0,0,0,0,0,0,0,0,0,0,0,0,0
LNR-0805,CS-101,4,3,2,0.6667,7,169.3,21.0,1,2,67.8,-6.2,1.0,1.0,0.0,4.0,0.22,0,0,0,0,0,0,0,0,0,0,0,0,0,0,0
LNR-0805,CS-101,5,3,2,0.6667,7,109.6,12.0,0,2,68.6,0.8,1.0,0.0,0.0,3.5,0.18,1,0,0,0,0,0,0,0,0,0,0,0,0,0,0
LNR-0806,WEB-102,1,3,3,1.0,10,194.9,28.0,2,1,63.9,-1.4,1.0,0.0,0.0,4.0,0.44,0,0,0,0,0,0,0,0,0,0,0,0,1,1,2
LNR-0806,WEB-102,2,2,2,1.0,8,234.3,39.0,2,2,68.5,4.6,0.0,1.0,0.0,4.0,0.58,0,0,0,0,0,0,0,0,0,0,0,0,0,0,0
LNR-0806,WEB-102,3,3,3,1.0,10,234.8,39.0,2,1,58.2,-10.3,2.0,2.0,0.0,4.5,0.74,0,0,0,0,0,0,0,0,0,0,0,0,0,0,0
LNR-0806,WEB-102,4,3,3,1.0,11,248.7,27.0,1,1,65.7,7.5,1.0,0.0,1.0,4.0,0.47,0,0,0,0,0,0,0,0,0,0,0,0,0,0,0
LNR-0806,WEB-102,5,3,3,1.0,15,237.5,24.0,2,1,62.5,-3.2,0.0,1.0,1.0,4.0,0.84,0,0,0,0,0,0,0,0,0,0,0,0,0,0,0
LNR-0807,DATA-201,1,3,2,0.6667,7,216.2,27.0,1,1,55.3,-0.2,1.0,1.0,0.0,4.0,0.5,0,0,0,0,0,0,0,0,0,0,0,0,0,0,0
LNR-0807,DATA-201,2,4,3,0.75,12,217.9,19.0,1,1,69.9,-0.3,1.0,1.0,0.0,4.0,0.5,0,0,0,0,0,0,0,1,1,0,0,0,0,0,2
LNR-0807,DATA-201,3,3,0,0.0,4,11.1,5.0,0,0,12.3,-45.0,0.0,0.0,0.0,2.0,-0.21,1,0,0,0,0,0,0,0,0,0,0,0,0,0,0
LNR-0807,DATA-201,4,3,1,0.3333,0,24.6,2.0,0,1,69.9,-0.3,0.0,0.0,0.0,4.0,0.44,1,0,0,0,0,0,0,1,1,0,0,0,1,1,4
LNR-0807,DATA-201,5,3,1,0.3333,1,168.3,26.0,0,0,10.9,-13.6,0.0,1.0,0.0,1.0,-0.7,1,0,0,1,1,0,0,0,0,1,1,1,0,0,5
LNR-0808,AI-301,1,3,2,0.6667,6,105.4,25.0,0,1,80.6,-11.8,0.0,0.0,0.0,4.0,0.17,0,0,0,0,0,0,0,0,0,0,0,0,0,0,0
LNR-0808,AI-301,2,4,3,1.0,15,98.5,31.0,1,1,95.0,14.4,0.0,1.0,0.0,4.0,0.44,0,1,0,0,0,0,0,0,0,0,0,0,1,1,3
LNR-0808,AI-301,3,2,2,1.0,6,168.4,17.0,1,2,100.0,5.0,1.0,3.0,0.0,4.0,0.39,0,0,0,0,0,0,0,0,0,0,0,0,0,0,0
LNR-0808,AI-301,4,3,2,0.6667,9,120.8,24.0,1,1,87.4,-12.6,0.0,1.0,0.0,4.0,0.44,0,0,0,0,0,0,0,0,0,0,0,0,1,1,2
LNR-0808,AI-301,5,3,2,0.6667,5,115.6,24.0,1,1,94.6,7.2,0.0,1.0,0.0,3.0,0.06,0,0,0,0,0,0,0,0,0,1,1,1,0,0,3
LNR-0809,WEB-102,1,4,2,0.5,6,151.3,15.0,1,2,88.1,5.8,0.0,0.0,0.0,2.5,-0.28,0,0,0,0,0,0,0,0,0,0,0,0,0,0,0
LNR-0809,WEB-102,2,4,1,0.25,4,54.4,13.0,1,2,83.8,-4.3,0.0,0.0,0.0,1.5,-0.18,1,0,0,0,0,0,0,0,0,0,0,0,0,0,0
LNR-0809,WEB-102,3,2,1,0.5,7,122.3,6.0,0,0,84.2,0.4,0.0,0.0,0.0,2.5,-0.05,1,0,0,0,0,0,0,0,0,0,0,0,0,0,0
LNR-0809,WEB-102,4,3,1,0.3333,1,62.9,4.0,0,0,64.3,-19.9,0.0,0.0,0.0,2.0,-0.06,1,0,0,0,0,0,0,0,0,0,0,0,0,0,0
LNR-0809,WEB-102,5,3,0,0.0,1,76.5,4.0,0,3,56.9,-7.4,0.0,0.0,0.0,2.0,-0.39,1,0,0,0,0,0,0,0,0,0,0,0,0,0,0
LNR-0810,DATA-201,1,4,3,0.75,6,186.7,28.0,1,1,69.9,-0.3,0.0,1.0,0.0,4.0,0.44,0,0,0,0,0,0,0,1,1,1,1,1,1,1,7
LNR-0810,DATA-201,2,3,2,0.6667,11,225.7,27.0,1,1,76.1,2.7,1.0,1.0,0.0,4.0,0.44,0,0,0,0,0,0,0,0,0,0,0,0,1,1,2
LNR-0810,DATA-201,3,2,1,0.5,1,17.2,3.0,0,1,68.9,-7.2,0.0,0.0,0.0,1.0,-0.23,1,0,0,0,0,0,0,0,0,0,0,0,0,0,0
LNR-0810,DATA-201,4,3,0,0.0,0,18.5,4.0,0,0,45.7,-23.2,0.0,0.0,0.0,1.0,-0.43,1,0,0,0,0,0,0,0,0,0,0,0,0,0,0
LNR-0810,DATA-201,5,3,0,0.0,1,23.7,5.0,0,0,42.9,-2.8,0.0,0.0,0.0,1.0,-0.3,1,0,0,0,0,0,0,0,0,0,0,0,0,0,0
LNR-0811,AI-301,1,3,3,1.0,12,178.8,33.0,1,1,91.5,3.2,1.0,1.0,0.0,4.0,0.82,0,0,0,0,0,0,0,0,0,0,0,0,0,0,0
LNR-0811,AI-301,2,4,4,1.0,5,271.6,27.0,2,1,69.9,-0.3,1.0,1.0,2.0,4.5,0.77,0,0,0,0,0,0,0,1,1,0,0,0,0,0,2
LNR-0811,AI-301,3,3,3,1.0,10,130.8,43.0,2,1,93.5,5.0,2.0,1.0,1.0,4.0,0.44,0,0,0,0,0,0,0,0,0,0,0,0,1,1,2
LNR-0811,AI-301,4,3,3,1.0,12,227.3,32.0,2,2,98.2,4.7,1.0,1.0,1.0,4.0,0.44,0,0,0,0,0,0,0,0,0,0,0,0,1,1,2
LNR-0811,AI-301,5,3,3,1.0,12,272.0,31.0,2,1,100.0,1.8,1.0,0.0,0.0,4.5,0.54,0,0,0,0,0,0,0,0,0,0,0,0,0,0,0
LNR-0812,CS-101,1,3,2,0.6667,7,183.9,26.0,1,1,88.0,4.7,1.0,1.0,1.0,4.0,0.44,0,0,0,0,0,0,0,0,0,0,0,0,1,1,2
LNR-0812,CS-101,2,2,2,1.0,11,144.9,24.0,2,2,89.1,1.1,0.0,1.0,0.0,3.0,0.25,0,0,0,0,0,0,0,0,0,1,1,1,0,0,3
LNR-0812,CS-101,3,3,2,0.6667,4,168.3,26.0,1,1,95.3,6.2,0.0,0.0,0.0,4.0,0.44,0,0,0,1,1,0,0,0,0,0,0,0,1,1,4
LNR-0812,CS-101,4,4,3,0.75,9,124.5,19.0,1,2,80.5,-14.8,0.0,0.0,0.0,4.0,0.44,0,0,0,0,0,0,0,0,0,0,0,0,1,1,2
LNR-0812,CS-101,5,3,2,0.6667,9,140.4,20.0,1,1,86.7,6.2,0.0,1.0,0.0,3.5,0.15,0,0,0,0,0,0,0,0,0,0,0,0,0,0,0
LNR-0813,CS-101,1,3,3,1.0,17,254.3,32.0,2,1,53.0,-0.8,0.0,2.0,1.0,4.0,0.66,0,0,0,0,0,0,0,0,0,0,0,0,0,0,0
LNR-0813,CS-101,2,3,3,1.0,7,293.4,29.0,2,2,54.1,1.1,0.0,1.0,0.0,5.0,0.81,0,0,0,0,0,0,0,0,0,1,1,1,0,0,3
LNR-0813,CS-101,3,3,3,1.0,14,177.1,33.0,1,1,52.3,-1.8,1.0,3.0,1.0,4.0,0.44,0,0,0,0,0,0,0,0,0,0,0,0,1,1,2
LNR-0813,CS-101,4,2,2,1.0,10,195.5,27.0,1,1,63.9,11.6,0.0,0.0,0.0,4.5,0.4,0,0,0,0,0,0,0,0,0,0,0,0,0,0,0
LNR-0813,CS-101,5,3,3,1.0,11,258.6,29.0,2,1,46.0,-17.9,1.0,1.0,1.0,4.5,0.76,0,0,0,0,0,0,0,0,0,0,0,0,0,0,0
LNR-0814,CS-101,1,3,1,0.3333,8,158.0,18.0,0,1,24.9,-19.9,0.0,0.0,0.0,2.0,-0.46,1,0,0,0,0,0,0,0,0,0,0,0,0,0,0
LNR-0814,CS-101,2,4,1,0.25,2,160.7,11.0,0,0,48.5,23.6,1.0,0.0,0.0,2.5,-0.31,1,0,0,0,0,0,0,0,0,0,0,0,0,0,0
LNR-0814,CS-101,3,3,1,0.3333,5,68.7,6.0,0,0,30.2,-18.3,1.0,0.0,0.0,4.0,0.44,1,0,0,0,0,0,0,0,0,0,0,0,1,1,2
LNR-0814,CS-101,4,3,1,0.3333,2,60.0,6.0,0,3,33.4,3.2,0.0,0.0,0.0,2.5,-0.02,1,0,0,0,0,0,0,0,0,0,0,0,0,0,0
LNR-0814,CS-101,5,3,0,1.0,2,37.7,4.0,0,1,12.0,-21.4,2.0,0.0,0.0,2.5,-0.36,1,1,0,0,0,0,0,0,0,0,0,0,0,0,1
LNR-0815,DATA-201,1,4,3,0.75,17,214.3,35.0,2,1,78.3,-5.5,0.0,1.0,0.0,4.5,0.7,0,0,0,0,0,0,0,0,0,1,1,1,0,0,3
LNR-0815,DATA-201,2,3,3,1.0,9,216.5,41.0,1,2,89.2,10.9,1.0,0.0,0.0,4.0,0.44,0,0,0,0,0,0,0,0,0,0,0,0,1,1,2
LNR-0815,DATA-201,3,3,3,1.0,7,213.2,35.0,2,2,75.1,-14.1,1.0,1.0,1.0,4.0,0.41,0,0,0,0,0,0,0,0,0,0,0,0,0,0,0
LNR-0815,DATA-201,4,4,4,1.0,11,181.8,35.0,2,3,83.5,8.4,1.0,1.0,1.0,4.0,0.44,0,0,0,0,0,0,0,0,0,0,0,0,1,1,2
LNR-0815,DATA-201,5,3,3,1.0,9,168.3,26.0,2,2,90.5,7.0,0.0,2.0,0.0,5.0,0.49,0,0,0,1,1,0,0,0,0,0,0,0,0,0,2
LNR-0816,DATA-201,1,2,2,1.0,13,265.7,30.0,2,1,89.4,13.0,0.0,2.0,0.0,4.5,0.77,0,0,0,0,0,0,0,0,0,0,0,0,0,0,0
LNR-0816,DATA-201,2,2,2,1.0,8,209.8,35.0,2,1,81.3,-8.1,0.0,1.0,0.0,5.0,0.66,0,0,0,0,0,0,0,0,0,0,0,0,0,0,0
LNR-0816,DATA-201,3,4,4,1.0,8,207.5,30.0,2,1,68.7,-12.6,0.0,1.0,0.0,4.0,0.44,0,0,0,0,0,0,0,0,0,1,1,1,1,1,5
LNR-0816,DATA-201,4,4,4,1.0,9,229.8,37.0,1,1,83.5,14.8,1.0,0.0,1.0,4.5,0.44,0,0,0,0,0,0,0,0,0,0,0,0,0,0,0
LNR-0816,DATA-201,5,4,4,1.0,12,207.3,30.0,2,1,72.0,-11.5,0.0,3.0,1.0,5.0,0.42,0,0,0,0,0,0,0,0,0,0,0,0,0,0,0
LNR-0817,AI-301,1,4,4,1.0,8,221.3,40.0,1,1,72.3,-4.5,1.0,2.0,0.0,5.0,0.57,0,0,0,0,0,0,0,0,0,0,0,0,0,0,0
LNR-0817,AI-301,2,4,4,1.0,12,205.2,34.0,2,2,89.0,16.7,1.0,0.0,0.0,4.5,0.89,0,0,0,0,0,0,0,0,0,0,0,0,0,0,0
LNR-0817,AI-301,3,4,4,1.0,14,134.5,37.0,2,2,77.8,-11.2,2.0,1.0,1.0,4.0,0.44,0,0,0,0,0,0,0,0,0,0,0,0,1,1,2
LNR-0817,AI-301,4,4,3,0.75,13,208.1,32.0,2,1,82.6,4.8,0.0,2.0,1.0,4.0,0.44,0,0,0,0,0,0,0,0,0,0,0,0,1,1,2
LNR-0817,AI-301,5,3,3,1.0,11,223.0,32.0,2,1,78.8,-3.8,1.0,1.0,0.0,4.0,0.87,0,0,0,0,0,0,0,0,0,0,0,0,0,0,0
LNR-0818,CS-101,1,3,3,1.0,10,158.4,41.0,2,2,83.2,-0.8,0.0,1.0,0.0,4.0,0.44,0,0,0,0,0,0,0,0,0,0,0,0,1,1,2
LNR-0818,CS-101,2,2,2,1.0,12,190.2,43.0,1,1,91.0,7.8,0.0,2.0,0.0,5.0,0.69,0,0,0,0,0,0,0,0,0,0,0,0,0,0,0
LNR-0818,CS-101,3,3,3,1.0,12,191.7,26.0,2,1,71.3,-19.7,2.0,2.0,1.0,4.5,0.85,0,0,0,0,0,0,0,0,0,0,0,0,0,0,0
LNR-0818,CS-101,4,3,3,1.0,4,189.1,30.0,2,1,77.3,6.0,0.0,0.0,0.0,4.0,0.44,0,0,0,0,0,0,0,0,0,0,0,0,1,1,2
LNR-0818,CS-101,5,4,3,0.75,12,212.7,32.0,2,1,69.1,-8.2,0.0,1.0,1.0,5.0,0.41,0,0,0,0,0,0,0,0,0,0,0,0,0,0,0
LNR-0819,CS-101,1,3,3,1.0,8,223.2,32.0,1,2,69.9,-0.3,1.0,0.0,0.0,5.0,0.42,0,0,0,0,0,0,0,1,1,0,0,0,0,0,2
LNR-0819,CS-101,2,3,3,1.0,11,186.5,34.0,2,1,60.5,-11.7,2.0,1.0,0.0,5.0,0.48,0,0,0,0,0,0,0,0,0,0,0,0,0,0,0
LNR-0819,CS-101,3,4,4,1.0,7,267.4,36.0,1,1,58.0,-2.5,0.0,0.0,0.0,4.0,0.58,0,0,0,0,0,0,0,0,0,0,0,0,0,0,0
LNR-0819,CS-101,4,3,3,1.0,9,225.6,25.0,2,2,64.1,6.1,0.0,2.0,0.0,5.0,0.4,0,0,0,0,0,0,0,0,0,0,0,0,0,0,0
LNR-0819,CS-101,5,3,3,1.0,18,310.2,27.0,2,1,66.6,2.5,0.0,2.0,1.0,4.0,0.44,0,1,0,0,0,0,0,0,0,0,0,0,1,1,3
LNR-0820,DATA-201,1,3,2,0.6667,12,169.9,17.0,1,1,91.6,10.6,1.0,1.0,0.0,4.0,0.5,0,0,0,0,0,0,0,0,0,0,0,0,0,0,0
LNR-0820,DATA-201,2,2,2,1.0,17,207.9,31.0,1,1,74.1,-17.5,1.0,1.0,0.0,4.0,0.5,0,0,0,0,0,0,0,0,0,0,0,0,0,0,0
LNR-0820,DATA-201,3,2,1,0.5,3,30.8,3.0,0,1,84.7,10.6,0.0,0.0,0.0,2.0,-0.69,1,0,0,0,0,0,0,0,0,0,0,0,0,0,0
LNR-0820,DATA-201,4,3,0,0.0,0,23.6,6.0,0,0,53.9,-30.8,0.0,0.0,0.0,1.0,-0.22,1,0,0,0,0,0,0,0,0,0,0,0,0,0,0
LNR-0820,DATA-201,5,3,1,0.3333,3,8.9,6.0,0,0,59.2,5.3,0.0,1.0,0.0,2.0,-0.48,1,0,0,0,0,0,0,0,0,1,1,1,0,0,3
LNR-0821,AI-301,1,3,2,1.0,10,181.3,16.0,0,1,79.8,8.9,2.0,2.0,0.0,3.0,0.08,0,1,0,0,0,0,0,0,0,0,0,0,0,0,1
LNR-0821,AI-301,2,3,2,0.6667,6,63.3,16.0,2,1,78.0,-1.8,0.0,1.0,0.0,3.5,0.34,0,0,0,0,0,0,0,0,0,0,0,0,0,0,0
LNR-0821,AI-301,3,2,1,0.5,5,114.0,18.0,1,1,78.2,0.2,1.0,0.0,0.0,3.0,0.47,1,0,0,0,0,0,0,0,0,0,0,0,0,0,0
LNR-0821,AI-301,4,4,3,0.75,10,154.8,18.0,1,1,66.6,-11.6,0.0,0.0,2.0,3.0,0.5,0,0,0,0,0,0,0,0,0,0,0,0,0,0,0
LNR-0821,AI-301,5,3,2,0.6667,4,124.3,20.0,1,1,62.5,-4.1,0.0,0.0,0.0,3.0,0.34,1,0,0,0,0,0,0,0,0,0,0,0,0,0,0
LNR-0822,CS-101,1,4,4,1.0,7,157.3,28.0,1,1,70.3,0.4,0.0,1.0,0.0,4.0,0.44,0,0,0,0,0,0,0,0,0,1,1,1,1,1,5
LNR-0822,CS-101,2,3,3,1.0,3,205.7,26.0,1,1,69.9,-0.3,1.0,1.0,0.0,4.0,0.5,0,0,0,0,0,0,0,1,1,0,0,0,0,0,2
LNR-0822,CS-101,3,2,0,1.0,2,39.0,2.0,0,1,29.1,-35.2,0.0,0.0,0.0,1.0,-0.49,1,1,0,0,0,0,0,0,0,0,0,0,0,0,1
LNR-0822,CS-101,4,4,1,0.25,1,5.0,6.0,0,0,42.5,13.4,0.0,0.0,0.0,1.0,-0.47,1,0,0,0,0,0,0,0,0,0,0,0,0,0,0
LNR-0822,CS-101,5,3,1,0.3333,1,38.7,1.0,0,0,35.1,-7.4,0.0,0.0,0.0,2.0,-0.2,1,0,0,0,0,0,0,0,0,0,0,0,0,0,0
LNR-0823,WEB-102,1,2,1,0.5,11,105.7,15.0,0,1,46.7,-2.9,0.0,0.0,0.0,1.5,-0.32,1,0,0,0,0,0,0,0,0,0,0,0,0,0,0
LNR-0823,WEB-102,2,3,1,0.3333,2,166.8,15.0,0,2,37.5,-9.2,0.0,1.0,0.0,1.5,-0.35,1,0,0,0,0,0,0,0,0,1,1,1,0,0,3
LNR-0823,WEB-102,3,2,1,0.5,3,124.0,14.0,0,0,57.6,20.1,1.0,0.0,0.0,2.0,-0.27,1,0,0,0,0,0,0,0,0,0,0,0,0,0,0
LNR-0823,WEB-102,4,2,0,0.0,1,74.8,9.0,0,1,18.1,-39.5,0.0,0.0,0.0,2.5,-0.37,1,0,0,0,0,0,0,0,0,0,0,0,0,0,0
LNR-0823,WEB-102,5,3,0,0.0,0,10.0,4.0,0,0,13.6,-4.5,0.0,0.0,0.0,1.5,-0.26,1,0,0,0,0,0,0,0,0,0,0,0,0,0,0
LNR-0824,WEB-102,1,3,1,0.3333,3,88.3,10.0,1,3,42.6,-28.8,0.0,0.0,0.0,2.5,-0.57,1,0,0,0,0,0,0,0,0,0,0,0,0,0,0
LNR-0824,WEB-102,2,4,2,0.5,4,111.8,12.0,1,2,63.6,21.0,1.0,0.0,0.0,2.5,-0.39,0,0,0,0,0,0,0,0,0,0,0,0,0,0,0
LNR-0824,WEB-102,3,3,0,0.0,0,83.0,10.0,0,1,53.4,-10.2,0.0,0.0,0.0,1.5,-0.59,1,0,0,0,0,0,0,0,0,0,0,0,0,0,0
LNR-0824,WEB-102,4,4,0,0.0,5,59.6,7.0,0,2,58.1,4.7,0.0,0.0,0.0,2.5,-0.25,1,0,0,0,0,0,0,0,0,0,0,0,0,0,0
LNR-0824,WEB-102,5,3,0,0.0,3,31.4,6.0,0,0,47.2,-10.9,2.0,0.0,1.0,4.0,0.44,1,0,0,0,0,0,0,0,0,0,0,0,1,1,2
LNR-0825,CS-101,1,3,3,1.0,9,262.0,32.0,1,1,78.5,-5.8,2.0,0.0,0.0,4.5,0.78,0,0,0,0,0,0,0,0,0,0,0,0,0,0,0
LNR-0825,CS-101,2,4,4,1.0,11,280.2,32.0,2,3,94.5,16.0,0.0,0.0,1.0,4.0,0.44,0,0,0,0,0,0,0,0,0,0,0,0,0,0,0
LNR-0825,CS-101,3,4,4,1.0,8,229.9,34.0,1,1,94.2,-0.3,0.0,2.0,0.0,4.0,0.44,0,0,0,0,0,0,0,0,0,0,0,0,1,1,2
LNR-0825,CS-101,4,3,3,1.0,10,212.2,33.0,2,1,84.1,-10.1,0.0,0.0,2.0,4.5,0.83,0,0,0,0,0,0,0,0,0,0,0,0,0,0,0
LNR-0825,CS-101,5,4,4,1.0,9,220.0,29.0,2,1,92.0,7.9,0.0,1.0,0.0,4.0,0.44,0,0,0,0,0,0,0,0,0,0,0,0,1,1,2
LNR-0826,DATA-201,1,2,2,1.0,15,185.5,31.0,2,3,75.1,-5.3,0.0,0.0,1.0,4.0,0.49,0,0,0,0,0,0,0,0,0,0,0,0,0,0,0
LNR-0826,DATA-201,2,3,3,1.0,11,168.3,22.0,2,2,91.1,16.0,0.0,1.0,0.0,5.0,0.69,0,0,0,0,0,0,0,0,0,0,0,0,0,0,0
LNR-0826,DATA-201,3,3,3,1.0,8,151.0,23.0,2,2,83.3,-7.8,2.0,3.0,0.0,4.0,0.44,0,0,0,0,0,0,0,0,0,0,0,0,1,1,2
LNR-0826,DATA-201,4,4,4,1.0,11,165.1,34.0,2,1,86.9,3.6,4.0,0.0,1.0,4.0,0.44,0,0,0,0,0,0,0,0,0,0,0,0,1,1,2
LNR-0826,DATA-201,5,4,4,1.0,14,187.1,27.0,1,1,80.2,-6.7,2.0,1.0,0.0,5.0,0.52,0,0,0,0,0,0,0,0,0,0,0,0,0,0,0
LNR-0827,AI-301,1,3,3,1.0,13,224.1,31.0,2,1,82.6,0.3,2.0,2.0,0.0,4.5,0.88,0,0,0,0,0,0,0,0,0,0,0,0,0,0,0
LNR-0827,AI-301,2,3,3,1.0,11,168.3,26.0,1,1,73.9,-8.7,0.0,2.0,0.0,4.5,0.48,0,0,0,1,1,0,0,0,0,0,0,0,0,0,2
LNR-0827,AI-301,3,3,3,1.0,14,231.7,34.0,2,2,69.9,-0.3,0.0,1.0,0.0,5.0,0.78,0,0,0,0,0,0,0,1,1,0,0,0,0,0,2
LNR-0827,AI-301,4,3,3,1.0,13,217.2,34.0,2,1,89.7,3.2,0.0,2.0,0.0,4.0,0.65,0,0,0,0,0,0,0,0,0,0,0,0,0,0,0
LNR-0827,AI-301,5,4,3,1.0,14,219.3,28.0,1,2,87.3,-2.4,0.0,0.0,1.0,4.0,0.44,0,1,0,0,0,0,0,0,0,0,0,0,1,1,3
LNR-0828,CS-101,1,3,3,1.0,10,218.6,36.0,2,1,100.0,8.9,0.0,0.0,0.0,5.0,0.89,0,0,0,0,0,0,0,0,0,0,0,0,0,0,0
LNR-0828,CS-101,2,3,3,1.0,9,270.3,34.0,1,1,96.6,-3.4,0.0,0.0,2.0,5.0,0.55,0,0,0,0,0,0,0,0,0,0,0,0,0,0,0
LNR-0828,CS-101,3,3,3,1.0,13,223.2,35.0,2,2,89.1,-7.5,0.0,1.0,0.0,5.0,0.42,0,0,0,0,0,0,0,0,0,1,1,1,0,0,3
LNR-0828,CS-101,4,3,3,1.0,4,156.4,34.0,2,2,95.7,6.6,0.0,1.0,0.0,5.0,0.45,0,0,0,0,0,0,0,0,0,0,0,0,0,0,0
LNR-0828,CS-101,5,4,4,1.0,16,263.2,36.0,1,1,87.5,-8.2,1.0,0.0,1.0,4.0,0.44,0,0,0,0,0,0,0,0,0,0,0,0,1,1,2
LNR-0829,DATA-201,1,2,2,1.0,11,168.3,26.0,1,1,83.3,-6.2,1.0,0.0,1.0,5.0,0.75,0,0,0,1,1,0,0,0,0,0,0,0,0,0,2
LNR-0829,DATA-201,2,3,3,1.0,7,215.2,36.0,2,2,95.2,11.9,0.0,1.0,0.0,4.0,0.44,0,0,0,0,0,0,0,0,0,0,0,0,1,1,2
LNR-0829,DATA-201,3,3,3,1.0,13,242.5,30.0,2,1,84.3,-10.9,1.0,3.0,2.0,5.0,0.55,0,0,0,0,0,0,0,0,0,0,0,0,0,0,0
LNR-0829,DATA-201,4,3,3,1.0,13,168.3,26.0,2,2,100.0,15.7,1.0,0.0,4.0,5.0,0.84,0,0,0,1,1,0,0,0,0,0,0,0,0,0,2
LNR-0829,DATA-201,5,3,3,1.0,11,187.3,31.0,2,2,98.1,-1.9,0.0,1.0,0.0,5.0,0.7,0,0,0,0,0,0,0,0,0,1,1,1,0,0,3
LNR-0830,WEB-102,1,3,2,0.6667,9,139.7,17.0,1,1,92.6,11.5,0.0,0.0,1.0,3.0,0.13,0,0,0,0,0,0,0,0,0,0,0,0,0,0,0
LNR-0830,WEB-102,2,4,3,1.0,7,162.4,22.0,1,1,60.0,-32.6,0.0,1.0,0.0,3.5,0.21,0,1,0,0,0,0,0,0,0,0,0,0,0,0,1
LNR-0830,WEB-102,3,4,3,0.75,7,92.6,17.0,1,1,92.0,32.0,1.0,2.0,0.0,3.0,0.03,0,0,0,0,0,0,0,0,0,0,0,0,0,0,0
LNR-0830,WEB-102,4,2,2,1.0,12,74.4,18.0,1,1,84.5,-7.5,1.0,0.0,0.0,4.0,0.07,0,1,0,0,0,0,0,0,0,0,0,0,0,0,1
LNR-0830,WEB-102,5,3,2,0.6667,10,138.7,26.0,1,2,80.8,-3.7,0.0,1.0,0.0,3.0,0.27,0,0,0,0,0,0,0,0,0,0,0,0,0,0,0
LNR-0831,WEB-102,1,3,1,0.3333,2,134.0,15.0,0,4,67.9,5.0,0.0,1.0,0.0,4.0,0.44,1,0,0,0,0,0,0,0,0,1,1,1,1,1,5
LNR-0831,WEB-102,2,3,1,0.3333,2,103.6,17.0,1,4,42.5,-25.4,0.0,0.0,0.0,2.0,-0.11,1,0,0,0,0,0,0,0,0,0,0,0,0,0,0
LNR-0831,WEB-102,3,3,1,0.3333,5,121.0,10.0,1,1,60.1,17.6,0.0,0.0,0.0,2.5,-0.24,0,0,0,0,0,0,0,0,0,0,0,0,0,0,0
LNR-0831,WEB-102,4,3,1,0.3333,3,46.3,10.0,0,1,69.9,-0.3,0.0,1.0,0.0,1.5,-0.38,1,0,0,0,0,0,0,1,1,1,1,1,0,0,5
LNR-0831,WEB-102,5,2,0,0.0,3,24.1,1.0,0,0,30.2,-11.6,0.0,1.0,0.0,2.0,-0.42,1,0,0,0,0,0,0,0,0,1,1,1,0,0,3
LNR-0832,WEB-102,1,2,2,1.0,8,205.5,29.0,2,2,93.6,18.5,0.0,1.0,0.0,4.5,0.61,0,0,0,0,0,0,0,0,0,0,0,0,0,0,0
LNR-0832,WEB-102,2,3,3,1.0,10,168.3,26.0,1,2,72.7,-20.9,0.0,1.0,0.0,4.0,0.44,0,0,0,1,1,0,0,0,0,0,0,0,1,1,4
LNR-0832,WEB-102,3,4,3,0.75,14,237.9,30.0,2,3,73.6,0.9,1.0,0.0,0.0,5.0,0.7,0,0,0,0,0,0,0,0,0,0,0,0,0,0,0
LNR-0832,WEB-102,4,3,3,1.0,12,211.0,25.0,2,1,75.4,1.8,2.0,3.0,0.0,4.5,0.72,0,0,0,0,0,0,0,0,0,0,0,0,0,0,0
LNR-0832,WEB-102,5,4,3,0.75,5,228.9,23.0,2,1,75.9,0.5,3.0,0.0,0.0,4.0,0.61,0,0,0,0,0,0,0,0,0,0,0,0,0,0,0
LNR-0833,WEB-102,1,3,3,1.0,10,249.6,30.0,2,1,57.5,-2.0,2.0,2.0,0.0,5.0,0.43,0,0,0,0,0,0,0,0,0,0,0,0,0,0,0
LNR-0833,WEB-102,2,3,3,1.0,10,262.6,38.0,2,1,62.9,5.4,1.0,0.0,1.0,4.5,0.51,0,1,0,0,0,0,0,0,0,0,0,0,0,0,1
LNR-0833,WEB-102,3,4,4,1.0,13,299.6,34.0,2,1,72.4,9.5,0.0,1.0,0.0,4.5,0.74,0,0,0,0,0,0,0,0,0,1,1,1,0,0,3
LNR-0833,WEB-102,4,3,3,1.0,11,206.5,32.0,1,1,69.9,-0.3,0.0,1.0,0.0,4.5,0.43,0,0,0,0,0,0,0,1,1,0,0,0,0,0,2
LNR-0833,WEB-102,5,3,3,1.0,11,242.3,31.0,2,1,60.4,0.6,1.0,1.0,1.0,5.0,0.55,0,0,0,0,0,0,0,0,0,0,0,0,0,0,0
LNR-0834,CS-101,1,2,2,1.0,14,260.5,28.0,2,3,97.0,11.4,1.0,1.0,0.0,4.0,0.44,0,0,0,0,0,0,0,0,0,0,0,0,1,1,2
LNR-0834,CS-101,2,3,3,1.0,9,139.6,34.0,1,2,81.9,-15.1,1.0,1.0,0.0,4.0,0.44,0,0,0,0,0,0,0,0,0,0,0,0,1,1,2
LNR-0834,CS-101,3,2,2,1.0,7,240.3,39.0,2,1,85.4,3.5,2.0,1.0,0.0,5.0,0.81,0,0,0,0,0,0,0,0,0,0,0,0,0,0,0
LNR-0834,CS-101,4,2,2,1.0,4,203.5,39.0,2,1,69.9,-0.3,0.0,1.0,0.0,5.0,0.85,0,0,0,0,0,0,0,1,1,1,1,1,0,0,5
LNR-0834,CS-101,5,4,4,1.0,8,234.5,28.0,2,1,87.3,7.0,2.0,4.0,2.0,4.0,0.44,0,0,0,0,0,0,0,0,0,0,0,0,1,1,2
LNR-0835,WEB-102,1,3,3,1.0,11,272.5,25.0,2,1,100.0,3.2,0.0,1.0,1.0,4.0,0.44,0,0,0,0,0,0,0,0,0,0,0,0,1,1,2
LNR-0835,WEB-102,2,3,3,1.0,10,185.0,27.0,1,2,100.0,0.0,0.0,2.0,0.0,5.0,0.84,0,0,0,0,0,0,0,0,0,0,0,0,0,0,0
LNR-0835,WEB-102,3,2,2,1.0,12,168.3,26.0,2,1,96.1,-3.9,0.0,2.0,0.0,5.0,0.6,0,0,0,1,1,0,0,0,0,0,0,0,0,0,2
LNR-0835,WEB-102,4,3,3,1.0,12,260.6,24.0,2,2,97.9,1.8,0.0,0.0,1.0,4.0,0.44,0,0,0,0,0,0,0,0,0,0,0,0,1,1,2
LNR-0835,WEB-102,5,4,3,0.75,11,250.7,49.0,2,3,95.2,-2.7,0.0,1.0,0.0,4.5,0.73,0,0,0,0,0,0,0,0,0,0,0,0,0,0,0
LNR-0836,CS-101,1,3,3,1.0,6,145.3,31.0,2,2,73.8,22.1,1.0,2.0,1.0,5.0,0.8,0,0,0,0,0,0,0,0,0,0,0,0,0,0,0
LNR-0836,CS-101,2,2,2,1.0,13,206.0,38.0,2,1,52.7,-21.1,2.0,1.0,1.0,5.0,0.52,0,0,0,0,0,0,0,0,0,0,0,0,0,0,0
LNR-0836,CS-101,3,2,2,1.0,5,252.8,37.0,1,1,52.1,-0.6,0.0,4.0,0.0,4.0,0.44,0,0,0,0,0,0,0,0,0,0,0,0,1,1,2
LNR-0836,CS-101,4,3,3,1.0,8,192.3,36.0,2,1,46.4,-5.7,2.0,2.0,0.0,4.5,0.55,0,0,0,0,0,0,0,0,0,0,0,0,0,0,0
LNR-0836,CS-101,5,3,3,1.0,14,192.2,35.0,2,1,69.9,-0.3,0.0,1.0,0.0,4.5,0.52,0,0,0,0,0,0,0,1,1,0,0,0,0,0,2
LNR-0837,AI-301,1,3,3,1.0,14,269.9,42.0,2,1,57.3,-10.6,1.0,2.0,1.0,5.0,0.74,0,0,0,0,0,0,0,0,0,0,0,0,0,0,0
LNR-0837,AI-301,2,3,3,1.0,12,224.2,25.0,2,1,65.3,8.0,0.0,1.0,0.0,4.5,0.51,0,0,0,0,0,0,0,0,0,0,0,0,0,0,0
LNR-0837,AI-301,3,3,3,1.0,9,203.2,31.0,2,2,68.2,2.9,0.0,0.0,0.0,5.0,0.78,0,0,0,0,0,0,0,0,0,0,0,0,0,0,0
LNR-0837,AI-301,4,4,3,0.75,6,193.8,25.0,2,1,65.3,-2.9,1.0,2.0,0.0,5.0,0.76,0,0,0,0,0,0,0,0,0,0,0,0,0,0,0
LNR-0837,AI-301,5,3,3,1.0,8,175.9,37.0,2,1,74.4,9.1,2.0,0.0,0.0,4.5,0.51,0,0,0,0,0,0,0,0,0,0,0,0,0,0,0
LNR-0838,WEB-102,1,2,2,1.0,15,154.8,27.0,1,1,64.2,7.5,1.0,1.0,0.0,5.0,0.7,0,0,0,0,0,0,0,0,0,0,0,0,0,0,0
LNR-0838,WEB-102,2,2,2,1.0,11,247.7,32.0,2,3,58.0,-6.2,2.0,3.0,1.0,5.0,0.78,0,0,0,0,0,0,0,0,0,0,0,0,0,0,0
LNR-0838,WEB-102,3,3,3,1.0,11,308.1,30.0,2,1,72.1,14.1,0.0,2.0,0.0,4.0,0.58,0,1,0,0,0,0,0,0,0,0,0,0,0,0,1
LNR-0838,WEB-102,4,3,3,1.0,11,231.4,37.0,2,2,65.7,-6.4,2.0,0.0,1.0,4.0,0.44,0,0,0,0,0,0,0,0,0,0,0,0,1,1,2
LNR-0838,WEB-102,5,3,3,1.0,11,235.8,40.0,2,1,65.3,-0.4,0.0,1.0,0.0,4.5,0.79,0,0,0,0,0,0,0,0,0,1,1,1,0,0,3
LNR-0839,CS-101,1,3,3,1.0,14,171.9,31.0,1,1,57.7,-2.8,0.0,2.0,0.0,4.0,0.44,0,0,0,0,0,0,0,0,0,0,0,0,1,1,2
LNR-0839,CS-101,2,3,3,1.0,9,250.5,39.0,2,1,53.5,-4.2,1.0,1.0,1.0,5.0,0.44,0,0,0,0,0,0,0,0,0,0,0,0,0,0,0
LNR-0839,CS-101,3,4,4,1.0,13,224.4,41.0,2,3,64.1,10.6,1.0,1.0,0.0,4.0,0.5,0,0,0,0,0,0,0,0,0,0,0,0,0,0,0
LNR-0839,CS-101,4,4,4,1.0,12,177.9,28.0,1,1,65.6,1.5,0.0,1.0,0.0,4.0,0.44,0,0,0,0,0,0,0,0,0,0,0,0,1,1,2
LNR-0839,CS-101,5,2,2,1.0,13,215.3,35.0,2,1,73.9,8.3,0.0,0.0,0.0,4.0,0.44,0,0,0,0,0,0,0,0,0,0,0,0,1,1,2
LNR-0840,DATA-201,1,2,2,1.0,13,100.8,19.0,2,1,83.5,4.6,0.0,2.0,0.0,4.0,0.44,0,0,0,0,0,0,0,0,0,0,0,0,1,1,2
LNR-0840,DATA-201,2,3,2,0.6667,6,134.3,14.0,1,1,71.4,-12.1,1.0,1.0,0.0,4.0,0.44,0,0,0,0,0,0,0,0,0,0,0,0,1,1,2
LNR-0840,DATA-201,3,4,3,0.75,5,168.3,26.0,1,1,71.8,0.4,0.0,0.0,1.0,3.5,0.36,0,0,0,1,1,0,0,0,0,0,0,0,0,0,2
LNR-0840,DATA-201,4,2,2,1.0,9,125.3,21.0,1,1,62.0,-9.8,2.0,0.0,0.0,4.0,0.4,0,0,0,0,0,0,0,0,0,0,0,0,0,0,0
LNR-0840,DATA-201,5,3,2,0.6667,13,88.1,19.0,2,1,86.0,24.0,0.0,3.0,0.0,3.0,0.39,0,0,0,0,0,0,0,0,0,0,0,0,0,0,0
LNR-0841,AI-301,1,2,2,1.0,16,173.6,33.0,2,2,84.5,-10.3,1.0,2.0,0.0,4.5,0.53,0,0,0,0,0,0,0,0,0,0,0,0,0,0,0
LNR-0841,AI-301,2,4,4,1.0,11,205.8,29.0,2,1,97.6,13.1,0.0,0.0,0.0,4.5,0.61,0,0,0,0,0,0,0,0,0,0,0,0,0,0,0
LNR-0841,AI-301,3,2,2,1.0,10,178.2,35.0,2,1,80.9,-16.7,1.0,0.0,0.0,4.0,0.68,0,1,0,0,0,0,0,0,0,0,0,0,0,0,1
LNR-0841,AI-301,4,3,3,1.0,7,169.3,29.0,2,1,92.6,11.7,1.0,0.0,0.0,5.0,0.68,0,0,0,0,0,0,0,0,0,0,0,0,0,0,0
LNR-0841,AI-301,5,3,3,1.0,10,233.2,31.0,2,1,90.5,-2.1,0.0,1.0,0.0,5.0,0.43,0,0,0,0,0,0,0,0,0,1,1,1,0,0,3
LNR-0842,AI-301,1,3,3,1.0,11,157.8,40.0,2,2,82.1,4.5,0.0,2.0,1.0,4.5,0.49,0,0,0,0,0,0,0,0,0,0,0,0,0,0,0
LNR-0842,AI-301,2,2,2,1.0,13,162.6,30.0,1,1,79.1,-3.0,3.0,2.0,0.0,4.5,0.87,0,0,0,0,0,0,0,0,0,0,0,0,0,0,0
LNR-0842,AI-301,3,2,2,1.0,10,234.2,31.0,2,1,80.6,1.5,1.0,0.0,1.0,5.0,0.76,0,0,0,0,0,0,0,0,0,0,0,0,0,0,0
LNR-0842,AI-301,4,4,4,1.0,8,168.3,26.0,1,1,69.9,-0.3,0.0,3.0,0.0,4.0,0.44,0,1,0,1,1,0,0,1,1,0,0,0,1,1,7
LNR-0842,AI-301,5,3,3,1.0,10,167.5,37.0,2,1,82.6,9.6,1.0,1.0,1.0,4.0,0.44,0,0,0,0,0,0,0,0,0,0,0,0,1,1,2
LNR-0843,CS-101,1,4,4,1.0,14,245.8,29.0,2,1,89.1,4.0,1.0,0.0,1.0,5.0,0.72,0,0,0,0,0,0,0,0,0,0,0,0,0,0,0
LNR-0843,CS-101,2,4,3,0.75,12,196.5,28.0,2,1,91.6,2.5,1.0,0.0,1.0,4.0,0.6,0,0,0,0,0,0,0,0,0,0,0,0,0,0,0
LNR-0843,CS-101,3,3,3,1.0,15,186.7,31.0,2,1,91.9,0.3,0.0,2.0,2.0,4.0,0.84,0,0,0,0,0,0,0,0,0,0,0,0,0,0,0
LNR-0843,CS-101,4,3,3,1.0,10,145.9,47.0,2,3,74.8,-17.1,1.0,1.0,0.0,5.0,0.89,0,0,0,0,0,0,0,0,0,0,0,0,0,0,0
LNR-0843,CS-101,5,2,2,1.0,12,253.0,28.0,2,1,83.2,8.4,0.0,1.0,0.0,4.0,0.62,0,0,0,0,0,0,0,0,0,1,1,1,0,0,3
LNR-0844,CS-101,1,3,3,1.0,17,197.1,29.0,2,2,85.1,5.6,2.0,0.0,0.0,4.0,0.44,0,0,0,0,0,0,0,0,0,0,0,0,1,1,2
LNR-0844,CS-101,2,2,2,1.0,12,209.7,40.0,2,2,86.2,1.1,1.0,3.0,0.0,5.0,0.8,0,1,0,0,0,0,0,0,0,0,0,0,0,0,1
LNR-0844,CS-101,3,3,3,1.0,14,358.2,45.0,2,1,67.4,-18.8,0.0,0.0,1.0,4.0,0.44,0,0,0,0,0,0,0,0,0,0,0,0,1,1,2
LNR-0844,CS-101,4,4,3,0.75,11,227.5,32.0,2,3,84.5,17.1,0.0,0.0,0.0,4.0,0.44,0,0,0,0,0,0,0,0,0,0,0,0,1,1,2
LNR-0844,CS-101,5,2,2,1.0,10,114.2,32.0,2,2,87.6,3.1,0.0,2.0,0.0,4.5,0.73,0,0,0,0,0,0,0,0,0,0,0,0,0,0,0
LNR-0845,DATA-201,1,3,3,1.0,13,178.3,35.0,1,2,85.3,7.6,0.0,1.0,0.0,5.0,0.66,0,0,0,0,0,0,0,0,0,0,0,0,0,0,0
LNR-0845,DATA-201,2,2,2,1.0,11,193.3,35.0,1,2,70.7,-14.6,0.0,1.0,0.0,4.5,0.73,0,0,0,0,0,0,0,0,0,1,1,1,0,0,3
LNR-0845,DATA-201,3,3,3,1.0,10,232.5,33.0,2,1,71.9,1.2,0.0,1.0,1.0,4.0,0.44,0,0,0,0,0,0,0,0,0,0,0,0,1,1,2
LNR-0845,DATA-201,4,3,3,1.0,14,183.3,38.0,2,2,69.9,-0.3,1.0,0.0,0.0,5.0,0.62,0,0,0,0,0,0,0,1,1,0,0,0,0,0,2
LNR-0845,DATA-201,5,3,3,1.0,14,235.6,31.0,2,2,75.7,-1.8,0.0,1.0,1.0,5.0,0.69,0,0,0,0,0,0,0,0,0,0,0,0,0,0,0
LNR-0846,AI-301,1,4,1,0.25,6,139.9,14.0,1,3,62.1,-6.3,0.0,0.0,0.0,4.0,0.44,1,0,0,0,0,0,0,0,0,0,0,0,1,1,2
LNR-0846,AI-301,2,3,1,0.3333,0,137.4,15.0,0,0,54.0,-8.1,1.0,0.0,0.0,2.5,-0.5,1,0,0,0,0,0,0,0,0,0,0,0,0,0,0
LNR-0846,AI-301,3,2,0,0.0,2,40.8,15.0,0,0,45.8,-8.2,0.0,0.0,0.0,1.5,-0.16,1,0,0,0,0,0,0,0,0,0,0,0,0,0,0
LNR-0846,AI-301,4,3,1,1.0,2,55.7,4.0,0,1,54.2,8.4,0.0,0.0,0.0,1.5,-0.47,1,1,0,0,0,0,0,0,0,0,0,0,0,0,1
LNR-0846,AI-301,5,3,0,0.0,3,38.4,1.0,0,0,58.6,4.4,0.0,0.0,1.0,2.5,-0.57,1,0,0,0,0,0,0,0,0,0,0,0,0,0,0
LNR-0847,AI-301,1,3,3,1.0,6,230.0,29.0,2,1,69.4,-4.0,1.0,0.0,0.0,5.0,0.77,0,0,0,0,0,0,0,0,0,0,0,0,0,0,0
LNR-0847,AI-301,2,4,4,1.0,9,201.2,31.0,2,2,72.7,3.3,1.0,2.0,0.0,4.5,0.69,0,0,0,0,0,0,0,0,0,0,0,0,0,0,0
LNR-0847,AI-301,3,3,3,1.0,17,217.5,33.0,2,2,69.5,-3.2,2.0,1.0,1.0,4.0,0.44,0,0,0,0,0,0,0,0,0,0,0,0,1,1,2
LNR-0847,AI-301,4,3,3,1.0,7,179.8,31.0,1,2,70.0,0.5,1.0,1.0,0.0,5.0,0.74,0,0,0,0,0,0,0,0,0,0,0,0,0,0,0
LNR-0847,AI-301,5,4,4,1.0,7,174.3,43.0,1,1,80.6,10.6,3.0,0.0,0.0,4.0,0.46,0,0,0,0,0,0,0,0,0,0,0,0,0,0,0
LNR-0848,DATA-201,1,4,4,1.0,10,253.0,33.0,1,1,64.0,-0.4,2.0,0.0,0.0,4.0,0.44,0,0,0,0,0,0,0,0,0,0,0,0,1,1,2
LNR-0848,DATA-201,2,4,4,1.0,13,158.2,41.0,2,2,69.9,-0.3,0.0,0.0,1.0,4.5,0.61,0,0,0,0,0,0,0,1,1,0,0,0,0,0,2
LNR-0848,DATA-201,3,3,3,1.0,12,288.5,31.0,2,1,70.8,10.9,2.0,1.0,0.0,4.5,0.63,0,0,0,0,0,0,0,0,0,0,0,0,0,0,0
LNR-0848,DATA-201,4,3,3,1.0,10,135.6,34.0,1,2,72.5,1.7,1.0,2.0,0.0,4.0,0.44,0,0,0,0,0,0,0,0,0,0,0,0,1,1,2
LNR-0848,DATA-201,5,3,3,1.0,11,222.3,50.0,2,1,74.9,2.4,2.0,1.0,1.0,4.5,0.54,0,0,0,0,0,0,0,0,0,0,0,0,0,0,0
LNR-0849,WEB-102,1,3,3,1.0,15,226.3,33.0,1,1,95.7,11.9,0.0,1.0,1.0,5.0,0.79,0,0,0,0,0,0,0,0,0,0,0,0,0,0,0
LNR-0849,WEB-102,2,3,3,1.0,11,291.4,36.0,1,1,91.5,-4.2,0.0,0.0,1.0,4.0,0.87,0,0,0,0,0,0,0,0,0,0,0,0,0,0,0
LNR-0849,WEB-102,3,3,3,1.0,7,215.3,33.0,2,1,86.7,-4.8,2.0,0.0,1.0,4.5,0.54,0,0,0,0,0,0,0,0,0,0,0,0,0,0,0
LNR-0849,WEB-102,4,4,4,1.0,14,267.2,35.0,1,2,84.4,-2.3,0.0,2.0,0.0,5.0,0.9,0,0,0,0,0,0,0,0,0,0,0,0,0,0,0
LNR-0849,WEB-102,5,4,4,1.0,9,185.1,35.0,2,2,81.2,-3.2,0.0,1.0,0.0,5.0,0.69,0,0,0,0,0,0,0,0,0,0,0,0,0,0,0
LNR-0850,DATA-201,1,4,3,0.75,7,168.6,21.0,2,1,75.5,4.7,0.0,1.0,0.0,3.0,0.01,0,0,0,0,0,0,0,0,0,0,0,0,0,0,0
LNR-0850,DATA-201,2,4,3,0.75,5,184.0,24.0,1,1,61.8,-13.7,0.0,0.0,0.0,4.0,0.5,0,0,0,0,0,0,0,0,0,0,0,0,0,0,0
LNR-0850,DATA-201,3,2,1,0.5,9,133.2,18.0,1,2,69.9,-0.3,0.0,0.0,0.0,4.0,0.41,0,0,0,0,0,0,0,1,1,0,0,0,0,0,2
LNR-0850,DATA-201,4,2,1,0.5,12,174.7,16.0,1,2,69.9,-0.3,0.0,2.0,0.0,4.0,0.44,0,0,0,0,0,0,0,1,1,0,0,0,1,1,4
LNR-0850,DATA-201,5,3,2,0.6667,6,186.0,22.0,1,1,83.3,13.4,1.0,1.0,0.0,4.0,0.38,0,0,0,0,0,0,0,0,0,0,0,0,0,0,0
LNR-0851,DATA-201,1,3,1,0.3333,5,165.3,14.0,1,2,37.7,-19.7,0.0,0.0,0.0,2.0,-0.22,1,0,0,0,0,0,0,0,0,0,0,0,0,0,0
LNR-0851,DATA-201,2,3,1,0.3333,4,66.2,13.0,1,0,69.9,-0.3,0.0,1.0,0.0,2.5,-0.42,1,0,0,0,0,0,0,1,1,1,1,1,0,0,5
LNR-0851,DATA-201,3,3,1,0.3333,4,72.1,6.0,1,4,50.0,5.8,0.0,1.0,0.0,4.0,0.44,1,0,0,0,0,0,0,0,0,0,0,0,1,1,2
LNR-0851,DATA-201,4,3,0,0.0,3,50.4,5.0,0,3,48.4,-1.6,0.0,1.0,0.0,2.5,-0.38,1,0,0,0,0,0,0,0,0,0,0,0,0,0,0
LNR-0851,DATA-201,5,4,1,0.25,3,10.0,6.0,0,1,38.7,-9.7,1.0,0.0,0.0,4.0,0.44,1,0,0,0,0,0,0,0,0,0,0,0,1,1,2
LNR-0852,DATA-201,1,3,3,1.0,9,231.3,48.0,1,1,53.4,0.2,0.0,2.0,0.0,4.0,0.44,0,0,0,0,0,0,0,0,0,0,0,0,1,1,2
LNR-0852,DATA-201,2,3,3,1.0,10,265.4,40.0,2,1,47.6,-5.8,3.0,3.0,0.0,4.0,0.44,0,0,0,0,0,0,0,0,0,0,0,0,1,1,2
LNR-0852,DATA-201,3,4,4,1.0,7,204.5,31.0,2,1,56.9,9.3,2.0,1.0,0.0,5.0,0.5,0,0,0,0,0,0,0,0,0,0,0,0,0,0,0
LNR-0852,DATA-201,4,4,4,1.0,9,210.3,36.0,2,2,69.9,-0.3,0.0,1.0,0.0,5.0,0.75,0,0,0,0,0,0,0,1,1,0,0,0,0,0,2
LNR-0852,DATA-201,5,3,3,1.0,11,260.3,35.0,2,3,54.9,8.8,2.0,0.0,0.0,5.0,0.78,0,0,0,0,0,0,0,0,0,0,0,0,0,0,0
LNR-0853,CS-101,1,2,1,0.5,6,113.6,16.0,0,1,55.9,-12.4,1.0,1.0,1.0,3.5,0.34,1,0,0,0,0,0,0,0,0,0,0,0,0,0,0
LNR-0853,CS-101,2,2,2,1.0,7,95.8,21.0,2,1,71.9,16.0,0.0,0.0,0.0,3.5,0.11,0,0,0,0,0,0,0,0,0,0,0,0,0,0,0
LNR-0853,CS-101,3,4,3,0.75,6,129.4,16.0,2,2,56.5,-15.4,0.0,1.0,0.0,3.0,0.29,0,0,0,0,0,0,0,0,0,1,1,1,0,0,3
LNR-0853,CS-101,4,3,2,0.6667,5,89.8,18.0,2,1,86.9,30.4,0.0,0.0,1.0,3.5,0.26,0,0,0,0,0,0,0,0,0,0,0,0,0,0,0
LNR-0853,CS-101,5,4,3,0.75,5,141.7,19.0,1,2,69.8,-17.1,0.0,0.0,0.0,4.0,0.03,0,0,0,0,0,0,0,0,0,0,0,0,0,0,0
LNR-0854,CS-101,1,2,2,1.0,14,241.3,28.0,1,2,65.5,-13.1,0.0,1.0,1.0,4.0,0.44,0,0,0,0,0,0,0,0,0,0,0,0,1,1,2
LNR-0854,CS-101,2,3,3,1.0,11,197.6,34.0,2,2,81.8,16.3,0.0,2.0,2.0,4.5,0.41,0,0,0,0,0,0,0,0,0,0,0,0,0,0,0
LNR-0854,CS-101,3,2,2,1.0,15,182.1,38.0,2,1,79.7,-2.1,0.0,1.0,2.0,5.0,0.42,0,0,0,0,0,0,0,0,0,0,0,0,0,0,0
LNR-0854,CS-101,4,2,2,1.0,14,270.4,32.0,1,1,71.9,-7.8,2.0,1.0,0.0,4.0,0.44,0,1,0,0,0,0,0,0,0,0,0,0,1,1,3
LNR-0854,CS-101,5,4,4,1.0,9,168.3,26.0,2,1,82.7,10.8,1.0,3.0,1.0,4.5,0.65,0,0,0,1,1,0,0,0,0,0,0,0,0,0,2
LNR-0855,AI-301,1,3,3,1.0,8,197.0,32.0,2,2,72.4,-8.8,3.0,1.0,0.0,4.0,0.5,0,0,0,0,0,0,0,0,0,0,0,0,0,0,0
LNR-0855,AI-301,2,3,3,1.0,5,172.1,40.0,2,1,84.2,11.8,2.0,0.0,0.0,4.5,0.75,0,0,0,0,0,0,0,0,0,0,0,0,0,0,0
LNR-0855,AI-301,3,2,2,1.0,12,132.5,31.0,2,1,88.1,3.9,0.0,1.0,0.0,5.0,0.88,0,0,0,0,0,0,0,0,0,0,0,0,0,0,0
LNR-0855,AI-301,4,4,4,1.0,14,189.2,30.0,2,1,81.7,-6.4,1.0,0.0,0.0,4.0,0.44,0,0,0,0,0,0,0,0,0,0,0,0,1,1,2
LNR-0855,AI-301,5,3,3,1.0,9,187.7,31.0,2,1,71.5,-10.2,0.0,1.0,1.0,4.5,0.47,0,0,0,0,0,0,0,0,0,0,0,0,0,0,0
LNR-0856,CS-101,1,4,4,1.0,10,194.9,30.0,2,1,49.2,-11.7,1.0,2.0,0.0,5.0,0.88,0,0,0,0,0,0,0,0,0,0,0,0,0,0,0
LNR-0856,CS-101,2,2,2,1.0,11,258.9,35.0,2,1,60.2,11.0,1.0,0.0,0.0,5.0,0.78,0,0,0,0,0,0,0,0,0,0,0,0,0,0,0
LNR-0856,CS-101,3,3,3,1.0,11,168.3,26.0,2,2,64.7,4.5,0.0,1.0,0.0,5.0,0.47,0,0,0,1,1,0,0,0,0,0,0,0,0,0,2
LNR-0856,CS-101,4,3,3,1.0,13,145.9,34.0,1,1,70.4,5.7,1.0,1.0,0.0,4.0,0.82,0,0,0,0,0,0,0,0,0,0,0,0,0,0,0
LNR-0856,CS-101,5,2,2,1.0,14,240.8,34.0,2,1,57.7,-12.7,0.0,1.0,1.0,5.0,0.79,0,0,0,0,0,0,0,0,0,0,0,0,0,0,0
LNR-0857,WEB-102,1,3,1,0.3333,5,122.9,13.0,1,1,55.5,1.3,1.0,0.0,0.0,2.0,-0.11,1,0,0,0,0,0,0,0,0,0,0,0,0,0,0
LNR-0857,WEB-102,2,3,1,0.3333,7,132.0,6.0,1,1,46.9,-8.6,1.0,1.0,0.0,2.0,-0.5,0,0,0,0,0,0,0,0,0,0,0,0,0,0,0
LNR-0857,WEB-102,3,2,0,0.0,1,132.7,9.0,0,2,23.3,-23.6,1.0,0.0,0.0,1.5,0.1,1,0,0,0,0,0,0,0,0,0,0,0,0,0,0
LNR-0857,WEB-102,4,3,1,0.3333,3,74.2,7.0,0,2,27.6,4.3,0.0,0.0,0.0,2.5,0.06,1,0,0,0,0,0,0,0,0,0,0,0,0,0,0
LNR-0857,WEB-102,5,3,0,0.0,4,10.0,4.0,0,0,23.1,-4.5,0.0,0.0,0.0,1.5,-0.01,1,0,0,0,0,0,0,0,0,0,0,0,0,0,0
LNR-0858,DATA-201,1,3,3,1.0,14,214.0,33.0,2,1,69.9,-0.3,3.0,2.0,0.0,4.0,0.47,0,0,0,0,0,0,0,1,1,0,0,0,0,0,2
LNR-0858,DATA-201,2,3,3,1.0,7,215.6,40.0,2,2,78.6,12.8,0.0,3.0,0.0,4.5,0.55,0,0,0,0,0,0,0,0,0,0,0,0,0,0,0
LNR-0858,DATA-201,3,3,3,1.0,15,138.6,37.0,2,1,56.6,-22.0,2.0,0.0,1.0,4.0,0.51,0,0,0,0,0,0,0,0,0,0,0,0,0,0,0
LNR-0858,DATA-201,4,2,2,1.0,9,131.1,36.0,1,2,69.8,13.2,2.0,1.0,2.0,4.5,0.67,0,0,0,0,0,0,0,0,0,0,0,0,0,0,0
LNR-0858,DATA-201,5,2,2,1.0,15,242.9,35.0,1,1,76.1,6.3,0.0,1.0,1.0,4.5,0.43,0,0,0,0,0,0,0,0,0,0,0,0,0,0,0
LNR-0859,WEB-102,1,3,1,1.0,2,149.8,9.0,1,0,69.9,-0.3,0.0,0.0,0.0,4.0,0.44,0,1,0,0,0,0,0,1,1,0,0,0,1,1,5
LNR-0859,WEB-102,2,3,1,0.3333,4,111.2,15.0,1,1,55.4,2.7,2.0,1.0,0.0,1.5,0.09,0,0,0,0,0,0,0,0,0,0,0,0,0,0,0
LNR-0859,WEB-102,3,3,1,0.3333,2,104.6,8.0,1,0,31.9,-23.5,0.0,1.0,0.0,2.0,-0.18,1,0,0,0,0,0,0,0,0,1,1,1,0,0,3
LNR-0859,WEB-102,4,3,1,0.3333,2,102.1,5.0,0,4,40.5,8.6,0.0,0.0,0.0,1.5,-0.47,1,0,0,0,0,0,0,0,0,0,0,0,0,0,0
LNR-0859,WEB-102,5,2,0,0.0,1,13.6,2.0,0,0,55.2,14.7,0.0,0.0,0.0,2.0,-0.55,1,0,0,0,0,0,0,0,0,0,0,0,0,0,0
LNR-0860,CS-101,1,3,3,1.0,12,143.3,33.0,2,2,62.9,-0.1,2.0,0.0,0.0,4.5,0.78,0,0,0,0,0,0,0,0,0,0,0,0,0,0,0
LNR-0860,CS-101,2,2,2,1.0,8,169.2,30.0,2,3,53.4,-9.5,0.0,3.0,0.0,4.0,0.44,0,0,0,0,0,0,0,0,0,0,0,0,1,1,2
LNR-0860,CS-101,3,4,3,0.75,11,284.3,26.0,2,2,66.8,13.4,0.0,0.0,0.0,4.0,0.44,0,0,0,0,0,0,0,0,0,0,0,0,1,1,2
LNR-0860,CS-101,4,3,3,1.0,15,236.6,32.0,2,1,72.0,5.2,0.0,1.0,0.0,5.0,0.82,0,0,0,0,0,0,0,0,0,0,0,0,0,0,0
LNR-0860,CS-101,5,4,4,1.0,9,194.4,31.0,2,1,75.6,3.6,0.0,0.0,0.0,4.5,0.46,0,0,0,0,0,0,0,0,0,0,0,0,0,0,0
LNR-0861,DATA-201,1,3,3,1.0,7,158.3,32.0,2,1,65.3,8.2,0.0,0.0,0.0,4.0,0.44,0,0,0,0,0,0,0,0,0,0,0,0,1,1,2
LNR-0861,DATA-201,2,4,4,1.0,12,168.3,26.0,2,2,52.3,-13.0,0.0,1.0,0.0,4.5,0.79,0,0,0,1,1,0,0,0,0,1,1,1,0,0,5
LNR-0861,DATA-201,3,3,3,1.0,11,217.7,39.0,2,1,69.1,16.8,1.0,0.0,3.0,4.5,0.89,0,0,0,0,0,0,0,0,0,0,0,0,0,0,0
LNR-0861,DATA-201,4,3,3,1.0,14,248.0,34.0,2,1,65.4,-3.7,0.0,0.0,0.0,5.0,0.89,0,0,0,0,0,0,0,0,0,0,0,0,0,0,0
LNR-0861,DATA-201,5,3,3,1.0,8,118.2,28.0,2,1,61.6,-3.8,0.0,1.0,0.0,4.0,0.54,0,0,0,0,0,0,0,0,0,1,1,1,0,0,3
LNR-0862,WEB-102,1,3,3,1.0,8,105.9,23.0,1,1,63.2,3.5,1.0,1.0,0.0,4.0,0.5,0,0,0,0,0,0,0,0,0,0,0,0,0,0,0
LNR-0862,WEB-102,2,3,3,1.0,4,194.9,20.0,1,1,55.7,-7.5,1.0,1.0,0.0,4.0,0.5,0,0,0,0,0,0,0,0,0,0,0,0,0,0,0
LNR-0862,WEB-102,3,2,0,0.0,1,64.2,5.0,0,1,22.4,-33.3,0.0,0.0,0.0,4.0,0.44,1,0,0,0,0,0,0,0,0,0,0,0,1,1,2
LNR-0862,WEB-102,4,4,1,0.25,0,7.5,1.0,0,1,26.5,4.1,0.0,0.0,0.0,1.0,-0.39,1,0,0,0,0,0,0,0,0,0,0,0,0,0,0
LNR-0862,WEB-102,5,2,0,0.0,3,32.6,1.0,0,0,39.6,13.1,0.0,0.0,0.0,4.0,0.44,1,0,0,0,0,0,0,0,0,0,0,0,1,1,2
LNR-0863,CS-101,1,2,2,1.0,8,136.2,28.0,1,2,59.5,-1.6,1.0,2.0,0.0,3.5,0.45,0,0,0,0,0,0,0,0,0,0,0,0,0,0,0
LNR-0863,CS-101,2,3,2,0.6667,8,101.5,20.0,1,2,66.3,6.8,1.0,0.0,0.0,3.0,0.07,0,0,0,0,0,0,0,0,0,0,0,0,0,0,0
LNR-0863,CS-101,3,4,3,0.75,8,210.9,21.0,1,1,64.6,-1.7,0.0,1.0,0.0,3.5,0.1,0,0,0,0,0,0,0,0,0,1,1,1,0,0,3
LNR-0863,CS-101,4,3,2,1.0,5,98.6,23.0,2,1,51.9,-12.7,2.0,1.0,0.0,4.0,0.44,0,1,0,0,0,0,0,0,0,0,0,0,1,1,3
LNR-0863,CS-101,5,3,2,0.6667,5,181.5,15.0,0,1,58.7,6.8,1.0,0.0,0.0,4.0,0.47,0,0,0,0,0,0,0,0,0,0,0,0,0,0,0
LNR-0864,WEB-102,1,3,2,0.6667,5,106.8,30.0,1,2,71.7,6.8,1.0,1.0,0.0,4.0,0.44,0,0,0,0,0,0,0,0,0,0,0,0,1,1,2
LNR-0864,WEB-102,2,4,3,0.75,6,170.6,23.0,1,1,68.9,-2.8,0.0,1.0,0.0,4.0,0.44,0,0,0,0,0,0,0,0,0,0,0,0,1,1,2
LNR-0864,WEB-102,3,4,3,0.75,10,112.7,23.0,1,1,48.2,-20.7,1.0,0.0,0.0,3.0,0.37,0,0,0,0,0,0,0,0,0,0,0,0,0,0,0
LNR-0864,WEB-102,4,3,2,0.6667,3,205.4,11.0,1,1,69.9,-0.3,0.0,0.0,0.0,3.0,0.19,0,0,0,0,0,0,0,1,1,0,0,0,0,0,2
LNR-0864,WEB-102,5,4,3,0.75,7,173.5,23.0,1,1,56.0,-2.1,0.0,0.0,0.0,4.0,0.03,0,0,0,0,0,0,0,0,0,0,0,0,0,0,0
LNR-0865,AI-301,1,4,2,0.5,3,110.0,18.0,1,2,67.2,0.1,1.0,0.0,0.0,2.0,-0.5,1,0,0,0,0,0,0,0,0,0,0,0,0,0,0
LNR-0865,AI-301,2,3,1,0.3333,9,83.5,9.0,1,1,54.7,-12.5,0.0,0.0,0.0,1.5,-0.24,1,0,0,0,0,0,0,0,0,0,0,0,0,0,0
LNR-0865,AI-301,3,3,1,1.0,1,126.1,5.0,0,1,52.7,-2.0,1.0,0.0,0.0,2.0,-0.47,1,1,0,0,0,0,0,0,0,0,0,0,0,0,1
LNR-0865,AI-301,4,4,1,0.25,3,29.4,8.0,1,0,44.3,-8.4,0.0,0.0,0.0,3.0,-0.5,1,0,0,0,0,0,0,0,0,0,0,0,0,0,0
LNR-0865,AI-301,5,4,0,0.0,1,31.8,6.0,0,2,37.2,-7.1,0.0,0.0,0.0,2.0,0.09,1,0,0,0,0,0,0,0,0,0,0,0,0,0,0
LNR-0866,CS-101,1,4,1,0.25,7,111.5,17.0,1,1,69.9,-0.3,0.0,0.0,0.0,1.5,-0.36,1,0,0,0,0,0,0,1,1,0,0,0,0,0,2
LNR-0866,CS-101,2,4,1,0.25,1,108.9,16.0,1,1,70.7,-4.3,2.0,0.0,0.0,2.0,-0.19,1,0,0,0,0,0,0,0,0,0,0,0,0,0,0
LNR-0866,CS-101,3,4,1,1.0,2,109.7,10.0,0,0,78.5,7.8,0.0,0.0,0.0,2.0,-0.55,0,1,0,0,0,0,0,0,0,0,0,0,0,0,1
LNR-0866,CS-101,4,3,0,0.0,2,70.0,8.0,0,1,75.3,-3.2,0.0,0.0,0.0,4.0,0.44,1,0,0,0,0,0,0,0,0,0,0,0,1,1,2
LNR-0866,CS-101,5,4,1,0.25,1,41.0,6.0,0,0,77.1,1.8,0.0,0.0,0.0,1.5,-0.18,1,0,0,0,0,0,0,0,0,0,0,0,0,0,0
LNR-0867,CS-101,1,4,2,0.5,7,126.2,13.0,1,1,69.0,-8.6,0.0,1.0,0.0,4.0,0.44,0,0,0,0,0,0,0,0,0,1,1,1,1,1,5
LNR-0867,CS-101,2,2,0,1.0,1,147.5,14.0,0,1,56.1,-12.9,0.0,0.0,0.0,4.0,0.44,1,1,0,0,0,0,0,0,0,0,0,0,1,1,3
LNR-0867,CS-101,3,3,1,0.3333,4,77.7,11.0,1,0,53.9,-2.2,0.0,0.0,0.0,1.5,-0.48,1,0,0,0,0,0,0,0,0,0,0,0,0,0,0
LNR-0867,CS-101,4,3,0,0.0,3,83.6,6.0,1,0,58.2,4.3,0.0,0.0,1.0,2.0,-0.23,1,0,0,0,0,0,0,0,0,0,0,0,0,0,0
LNR-0867,CS-101,5,3,0,0.0,2,10.0,2.0,0,0,32.7,-25.5,0.0,0.0,0.0,1.5,-0.17,1,0,0,0,0,0,0,0,0,0,0,0,0,0,0
LNR-0868,CS-101,1,3,3,1.0,11,228.1,34.0,2,2,69.9,-0.3,1.0,0.0,0.0,5.0,0.88,0,0,0,0,0,0,0,1,1,0,0,0,0,0,2
LNR-0868,CS-101,2,3,3,1.0,14,306.0,33.0,1,2,77.0,-11.9,2.0,3.0,0.0,4.0,0.6,0,0,0,0,0,0,0,0,0,0,0,0,0,0,0
LNR-0868,CS-101,3,4,4,1.0,14,253.7,40.0,1,3,86.3,9.3,1.0,2.0,0.0,4.0,0.48,0,0,0,0,0,0,0,0,0,0,0,0,0,0,0
LNR-0868,CS-101,4,4,4,1.0,8,219.3,33.0,2,1,88.2,1.9,0.0,4.0,1.0,4.0,0.44,0,0,0,0,0,0,0,0,0,0,0,0,1,1,2
LNR-0868,CS-101,5,4,3,0.75,6,205.8,32.0,2,1,79.1,-9.1,0.0,0.0,1.0,4.0,0.44,0,0,0,0,0,0,0,0,0,0,0,0,1,1,2
LNR-0869,AI-301,1,3,3,1.0,16,217.0,41.0,1,1,69.9,-0.3,0.0,0.0,0.0,5.0,0.52,0,0,0,0,0,0,0,1,1,0,0,0,0,0,2
LNR-0869,AI-301,2,3,3,1.0,7,223.6,36.0,2,1,57.5,-2.3,2.0,1.0,1.0,4.0,0.79,0,1,0,0,0,0,0,0,0,0,0,0,0,0,1
LNR-0869,AI-301,3,3,3,1.0,10,180.2,29.0,2,2,49.5,-8.0,1.0,0.0,1.0,4.0,0.44,0,0,0,0,0,0,0,0,0,0,0,0,1,1,2
LNR-0869,AI-301,4,3,3,1.0,12,260.7,33.0,1,2,63.8,14.3,1.0,1.0,0.0,5.0,0.75,0,0,0,0,0,0,0,0,0,0,0,0,0,0,0
LNR-0869,AI-301,5,3,3,1.0,15,93.8,40.0,2,2,65.1,1.3,2.0,2.0,1.0,5.0,0.89,0,0,0,0,0,0,0,0,0,0,0,0,0,0,0
LNR-0870,CS-101,1,3,3,1.0,7,219.7,30.0,2,2,57.0,-0.9,0.0,2.0,0.0,4.5,0.49,0,1,0,0,0,0,0,0,0,0,0,0,0,0,1
LNR-0870,CS-101,2,4,4,1.0,9,184.8,36.0,2,1,69.9,-0.3,1.0,0.0,0.0,4.0,0.82,0,0,0,0,0,0,0,1,1,0,0,0,0,0,2
LNR-0870,CS-101,3,4,3,0.75,8,187.8,27.0,1,1,61.6,2.8,1.0,0.0,0.0,4.5,0.67,0,0,0,0,0,0,0,0,0,0,0,0,0,0,0
LNR-0870,CS-101,4,4,4,1.0,13,187.8,32.0,2,1,60.1,-1.5,0.0,2.0,1.0,4.0,0.44,0,0,0,0,0,0,0,0,0,0,0,0,1,1,2
LNR-0870,CS-101,5,3,3,1.0,10,162.8,31.0,2,1,59.1,-1.0,1.0,2.0,1.0,4.5,0.7,0,1,0,0,0,0,0,0,0,0,0,0,0,0,1
LNR-0871,DATA-201,1,3,3,1.0,13,228.1,24.0,2,1,69.9,-0.3,2.0,0.0,0.0,5.0,0.75,0,1,0,0,0,0,0,1,1,0,0,0,0,0,3
LNR-0871,DATA-201,2,2,2,1.0,11,278.2,20.0,1,2,52.8,-9.4,0.0,1.0,0.0,4.5,0.8,0,0,0,0,0,0,0,0,0,1,1,1,0,0,3
LNR-0871,DATA-201,3,3,3,1.0,11,169.6,42.0,2,2,54.3,1.5,0.0,0.0,0.0,5.0,0.56,0,1,0,0,0,0,0,0,0,0,0,0,0,0,1
LNR-0871,DATA-201,4,3,3,1.0,19,153.2,29.0,2,1,58.8,4.5,1.0,2.0,0.0,5.0,0.79,0,0,0,0,0,0,0,0,0,0,0,0,0,0,0
LNR-0871,DATA-201,5,2,2,1.0,12,174.4,39.0,1,3,64.7,5.9,0.0,1.0,0.0,4.5,0.65,0,0,0,0,0,0,0,0,0,0,0,0,0,0,0
LNR-0872,CS-101,1,3,1,0.3333,8,179.0,15.0,1,2,61.1,2.1,0.0,0.0,0.0,3.0,0.0,0,0,0,0,0,0,0,0,0,0,0,0,0,0,0
LNR-0872,CS-101,2,3,1,0.3333,6,60.5,14.0,1,0,26.2,-34.9,0.0,1.0,0.0,4.0,0.44,1,0,0,0,0,0,0,0,0,1,1,1,1,1,5
LNR-0872,CS-101,3,2,0,0.0,2,168.3,26.0,0,1,48.5,22.3,0.0,0.0,0.0,4.0,0.44,1,0,0,1,1,0,0,0,0,0,0,0,1,1,4
LNR-0872,CS-101,4,4,1,0.25,1,168.3,26.0,0,1,46.5,-2.0,0.0,1.0,0.0,2.0,-0.48,1,0,0,1,1,0,0,0,0,0,0,0,0,0,2
LNR-0872,CS-101,5,2,0,0.0,0,31.6,3.0,0,0,49.6,3.1,0.0,0.0,0.0,2.0,0.08,1,0,0,0,0,0,0,0,0,0,0,0,0,0,0
LNR-0873,WEB-102,1,3,3,1.0,12,151.7,26.0,1,1,75.3,-13.5,1.0,1.0,0.0,4.0,0.5,0,0,0,0,0,0,0,0,0,0,0,0,0,0,0
LNR-0873,WEB-102,2,3,3,1.0,11,259.6,28.0,1,1,90.9,15.6,1.0,1.0,0.0,4.0,0.5,0,0,0,0,0,0,0,0,0,0,0,0,0,0,0
LNR-0873,WEB-102,3,3,1,0.3333,2,22.0,3.0,0,0,60.3,-30.6,0.0,0.0,0.0,4.0,0.44,1,0,0,0,0,0,0,0,0,0,0,0,1,1,2
LNR-0873,WEB-102,4,3,1,0.3333,1,44.1,4.0,0,0,62.5,2.2,0.0,0.0,0.0,2.0,-0.59,1,0,0,0,0,0,0,0,0,0,0,0,0,0,0
LNR-0873,WEB-102,5,3,0,0.0,2,42.1,1.0,0,1,64.3,1.8,0.0,0.0,0.0,1.0,-0.44,1,0,0,0,0,0,0,0,0,0,0,0,0,0,0
LNR-0874,AI-301,1,3,3,1.0,7,135.1,20.0,1,1,80.8,-2.1,1.0,1.0,0.0,4.0,0.5,0,0,0,0,0,0,0,0,0,0,0,0,0,0,0
LNR-0874,AI-301,2,3,2,0.6667,8,169.3,24.0,1,1,87.1,6.3,0.0,1.0,0.0,4.0,0.5,0,0,0,0,0,0,0,0,0,1,1,1,0,0,3
LNR-0874,AI-301,3,4,1,0.25,1,36.1,2.0,0,1,82.9,-4.2,0.0,0.0,0.0,1.0,-0.49,1,0,0,0,0,0,0,0,0,0,0,0,0,0,0
LNR-0874,AI-301,4,3,1,0.3333,0,32.1,6.0,0,1,55.2,-27.7,0.0,0.0,0.0,1.0,-0.77,1,0,0,0,0,0,0,0,0,0,0,0,0,0,0
LNR-0874,AI-301,5,3,1,0.3333,0,24.6,0.0,0,1,62.1,6.9,0.0,0.0,0.0,2.0,-0.35,1,0,0,0,0,0,0,0,0,0,0,0,0,0,0
LNR-0875,DATA-201,1,2,2,1.0,10,148.0,33.0,1,2,79.2,-1.2,2.0,1.0,1.0,4.0,0.59,0,0,0,0,0,0,0,0,0,0,0,0,0,0,0
LNR-0875,DATA-201,2,4,4,1.0,12,161.8,34.0,1,2,83.4,4.2,2.0,1.0,0.0,4.5,0.64,0,0,0,0,0,0,0,0,0,0,0,0,0,0,0
LNR-0875,DATA-201,3,2,2,1.0,10,197.7,28.0,2,2,73.5,-9.9,1.0,0.0,1.0,4.0,0.82,0,0,0,0,0,0,0,0,0,0,0,0,0,0,0
LNR-0875,DATA-201,4,3,3,1.0,15,261.6,36.0,2,2,89.8,16.3,0.0,2.0,0.0,4.5,0.79,0,0,0,0,0,0,0,0,0,0,0,0,0,0,0
LNR-0875,DATA-201,5,2,2,1.0,12,150.2,27.0,1,1,84.3,-5.5,0.0,1.0,0.0,4.0,0.44,0,0,0,0,0,0,0,0,0,0,0,0,1,1,2
LNR-0876,AI-301,1,3,3,1.0,12,196.3,34.0,2,1,69.5,3.9,1.0,1.0,1.0,4.0,0.44,0,0,0,0,0,0,0,0,0,0,0,0,1,1,2
LNR-0876,AI-301,2,2,2,1.0,12,217.5,40.0,2,2,68.1,-1.4,0.0,2.0,0.0,4.5,0.42,0,0,0,0,0,0,0,0,0,0,0,0,0,0,0
LNR-0876,AI-301,3,3,3,1.0,15,168.3,26.0,2,1,76.8,8.7,2.0,2.0,1.0,4.0,0.44,0,0,0,1,1,0,0,0,0,0,0,0,1,1,4
LNR-0876,AI-301,4,2,2,1.0,5,182.0,34.0,1,1,62.3,-14.5,2.0,0.0,0.0,5.0,0.7,0,0,0,0,0,0,0,0,0,0,0,0,0,0,0
LNR-0876,AI-301,5,3,3,1.0,9,233.6,31.0,2,1,63.0,0.7,1.0,1.0,0.0,4.0,0.81,0,0,0,0,0,0,0,0,0,0,0,0,0,0,0
LNR-0877,DATA-201,1,3,3,1.0,12,269.9,38.0,2,1,59.0,2.6,1.0,1.0,1.0,4.0,0.44,0,0,0,0,0,0,0,0,0,0,0,0,1,1,2
LNR-0877,DATA-201,2,2,2,1.0,14,168.3,26.0,2,1,68.4,9.4,0.0,0.0,0.0,4.5,0.48,0,0,0,1,1,0,0,0,0,0,0,0,0,0,2
LNR-0877,DATA-201,3,3,3,1.0,4,168.3,26.0,2,1,58.6,-9.8,1.0,3.0,1.0,5.0,0.47,0,0,0,1,1,0,0,0,0,0,0,0,0,0,2
LNR-0877,DATA-201,4,4,4,1.0,8,236.1,47.0,2,2,47.3,-11.3,1.0,1.0,0.0,5.0,0.88,0,0,0,0,0,0,0,0,0,0,0,0,0,0,0
LNR-0877,DATA-201,5,3,3,1.0,16,160.9,30.0,2,1,52.2,4.9,1.0,3.0,1.0,4.0,0.44,0,0,0,0,0,0,0,0,0,0,0,0,1,1,2
LNR-0878,DATA-201,1,2,2,1.0,14,165.3,31.0,2,1,89.0,6.8,3.0,0.0,0.0,5.0,0.67,0,0,0,0,0,0,0,0,0,0,0,0,0,0,0
LNR-0878,DATA-201,2,4,3,0.75,10,175.3,22.0,2,2,69.9,-0.3,2.0,0.0,1.0,5.0,0.75,0,0,0,0,0,0,0,1,1,0,0,0,0,0,2
LNR-0878,DATA-201,3,4,4,1.0,7,187.1,41.0,2,1,78.5,-12.6,1.0,0.0,1.0,5.0,0.68,0,0,0,0,0,0,0,0,0,0,0,0,0,0,0
LNR-0878,DATA-201,4,2,2,1.0,9,201.0,45.0,2,1,81.7,3.2,0.0,2.0,0.0,4.0,0.44,0,0,0,0,0,0,0,0,0,0,0,0,1,1,2
LNR-0878,DATA-201,5,3,3,1.0,12,277.7,27.0,2,1,94.1,12.4,2.0,1.0,0.0,4.5,0.88,0,0,0,0,0,0,0,0,0,0,0,0,0,0,0
LNR-0879,DATA-201,1,3,3,1.0,5,106.3,16.0,2,1,84.0,-1.4,0.0,1.0,0.0,3.5,0.47,0,1,0,0,0,0,0,0,0,1,1,1,0,0,4
LNR-0879,DATA-201,2,3,2,0.6667,4,168.2,17.0,0,1,95.5,11.5,0.0,1.0,0.0,4.0,0.44,0,0,0,0,0,0,0,0,0,1,1,1,1,1,5
LNR-0879,DATA-201,3,4,3,0.75,9,78.2,21.0,0,1,79.6,-15.9,1.0,2.0,0.0,3.0,0.14,1,0,0,0,0,0,0,0,0,0,0,0,0,0,0
LNR-0879,DATA-201,4,3,2,0.6667,4,142.5,18.0,1,2,76.3,-3.3,0.0,1.0,0.0,4.0,0.44,0,0,0,0,0,0,0,0,0,0,0,0,1,1,2
LNR-0879,DATA-201,5,4,3,0.75,6,173.8,28.0,1,1,94.1,17.8,0.0,1.0,0.0,3.5,0.13,0,0,0,0,0,0,0,0,0,0,0,0,0,0,0
LNR-0880,AI-301,1,3,3,1.0,11,142.5,28.0,2,1,78.3,3.6,0.0,1.0,0.0,4.5,0.9,0,0,0,0,0,0,0,0,0,1,1,1,0,0,3
LNR-0880,AI-301,2,3,3,1.0,11,236.2,35.0,2,1,73.0,-5.3,1.0,1.0,1.0,4.5,0.88,0,0,0,0,0,0,0,0,0,0,0,0,0,0,0
LNR-0880,AI-301,3,4,4,1.0,16,234.2,35.0,2,2,74.1,1.1,0.0,0.0,0.0,5.0,0.85,0,0,0,0,0,0,0,0,0,0,0,0,0,0,0
LNR-0880,AI-301,4,3,3,1.0,8,148.5,29.0,2,1,71.5,-2.6,1.0,1.0,0.0,5.0,0.62,0,0,0,0,0,0,0,0,0,0,0,0,0,0,0
LNR-0880,AI-301,5,3,3,1.0,10,258.1,29.0,2,2,72.0,0.5,2.0,2.0,0.0,4.0,0.45,0,0,0,0,0,0,0,0,0,0,0,0,0,0,0
LNR-0881,DATA-201,1,3,3,1.0,7,292.4,25.0,2,2,73.0,7.2,1.0,1.0,0.0,4.0,0.44,0,0,0,0,0,0,0,0,0,0,0,0,1,1,2
LNR-0881,DATA-201,2,3,3,1.0,16,159.5,30.0,2,2,67.9,-5.1,1.0,1.0,0.0,4.0,0.44,0,0,0,0,0,0,0,0,0,0,0,0,1,1,2
LNR-0881,DATA-201,3,3,3,1.0,11,216.6,35.0,2,2,60.5,-7.4,0.0,2.0,0.0,4.0,0.73,0,0,0,0,0,0,0,0,0,0,0,0,0,0,0
LNR-0881,DATA-201,4,2,2,1.0,15,168.3,26.0,1,1,70.2,9.7,1.0,2.0,1.0,4.0,0.53,0,0,0,1,1,0,0,0,0,0,0,0,0,0,2
LNR-0881,DATA-201,5,3,3,1.0,13,211.0,24.0,2,3,71.5,1.3,0.0,0.0,1.0,4.5,0.74,0,0,0,0,0,0,0,0,0,0,0,0,0,0,0
LNR-0882,AI-301,1,3,2,0.6667,6,77.8,20.0,1,2,76.6,-5.2,1.0,0.0,0.0,4.0,0.43,0,0,0,0,0,0,0,0,0,0,0,0,0,0,0
LNR-0882,AI-301,2,3,3,1.0,7,144.8,22.0,1,1,80.7,4.1,0.0,0.0,1.0,3.5,0.38,0,1,0,0,0,0,0,0,0,0,0,0,0,0,1
LNR-0882,AI-301,3,3,2,0.6667,5,113.7,25.0,1,2,69.9,-0.3,0.0,0.0,0.0,3.5,0.42,0,0,0,0,0,0,0,1,1,0,0,0,0,0,2
LNR-0882,AI-301,4,3,2,0.6667,6,132.5,17.0,1,1,82.9,13.9,0.0,0.0,0.0,4.0,0.44,0,0,0,0,0,0,0,0,0,0,0,0,1,1,2
LNR-0882,AI-301,5,3,2,0.6667,5,166.4,22.0,2,1,77.3,-5.6,1.0,1.0,0.0,3.5,0.37,0,0,0,0,0,0,0,0,0,0,0,0,0,0,0
LNR-0883,WEB-102,1,3,3,1.0,14,214.6,29.0,2,1,67.3,-0.5,0.0,0.0,0.0,4.0,0.88,0,0,0,0,0,0,0,0,0,0,0,0,0,0,0
LNR-0883,WEB-102,2,3,3,1.0,16,233.3,29.0,2,1,69.1,1.8,1.0,2.0,0.0,5.0,0.76,0,0,0,0,0,0,0,0,0,0,0,0,0,0,0
LNR-0883,WEB-102,3,3,3,1.0,15,168.3,26.0,2,2,70.0,0.9,1.0,2.0,1.0,4.0,0.44,0,0,0,1,1,0,0,0,0,0,0,0,1,1,4
LNR-0883,WEB-102,4,3,3,1.0,11,221.5,34.0,2,1,74.6,4.6,1.0,1.0,0.0,4.5,0.87,0,0,0,0,0,0,0,0,0,0,0,0,0,0,0
LNR-0883,WEB-102,5,3,3,1.0,10,227.9,36.0,2,2,70.5,-4.1,0.0,2.0,0.0,5.0,0.44,0,0,0,0,0,0,0,0,0,0,0,0,0,0,0
LNR-0884,CS-101,1,2,2,1.0,13,130.3,22.0,1,1,60.0,-4.7,1.0,0.0,0.0,4.0,0.49,0,0,0,0,0,0,0,0,0,0,0,0,0,0,0
LNR-0884,CS-101,2,3,2,0.6667,11,168.3,26.0,1,1,64.6,4.6,0.0,1.0,0.0,3.5,0.13,0,0,0,1,1,0,0,0,0,0,0,0,0,0,2
LNR-0884,CS-101,3,3,2,0.6667,3,130.6,29.0,1,1,69.8,5.2,0.0,1.0,0.0,3.5,0.5,0,0,0,0,0,0,0,0,0,1,1,1,0,0,3
LNR-0884,CS-101,4,3,2,0.6667,8,93.4,14.0,1,1,64.3,-5.5,0.0,1.0,0.0,4.0,0.26,0,0,0,0,0,0,0,0,0,1,1,1,0,0,3
LNR-0884,CS-101,5,3,2,0.6667,5,92.9,22.0,1,1,76.0,11.7,1.0,0.0,0.0,3.5,0.12,0,0,0,0,0,0,0,0,0,0,0,0,0,0,0
LNR-0885,AI-301,1,3,3,1.0,15,173.3,25.0,2,1,51.0,-5.6,0.0,0.0,0.0,4.0,0.44,0,0,0,0,0,0,0,0,0,0,0,0,1,1,2
LNR-0885,AI-301,2,2,2,1.0,6,155.8,39.0,1,2,51.4,0.4,2.0,1.0,1.0,4.0,0.48,0,0,0,0,0,0,0,0,0,0,0,0,0,0,0
LNR-0885,AI-301,3,3,3,1.0,15,168.3,26.0,2,2,58.6,7.2,4.0,3.0,0.0,4.5,0.59,0,0,0,1,1,0,0,0,0,0,0,0,0,0,2
LNR-0885,AI-301,4,3,3,1.0,12,206.4,36.0,2,3,60.0,1.4,2.0,0.0,0.0,4.0,0.44,0,1,0,0,0,0,0,0,0,0,0,0,1,1,3
LNR-0885,AI-301,5,4,4,1.0,16,255.6,28.0,2,1,60.2,0.2,0.0,2.0,1.0,4.0,0.44,0,0,0,0,0,0,0,0,0,0,0,0,1,1,2
LNR-0886,DATA-201,1,3,3,1.0,15,169.1,27.0,2,1,83.0,-5.4,2.0,0.0,0.0,4.0,0.44,0,0,0,0,0,0,0,0,0,0,0,0,1,1,2
LNR-0886,DATA-201,2,2,2,1.0,15,180.6,34.0,1,1,100.0,17.0,3.0,1.0,0.0,5.0,0.6,0,0,0,0,0,0,0,0,0,0,0,0,0,0,0
LNR-0886,DATA-201,3,4,4,1.0,13,267.8,38.0,1,1,90.2,-9.8,1.0,0.0,0.0,4.0,0.44,0,0,0,0,0,0,0,0,0,0,0,0,1,1,2
LNR-0886,DATA-201,4,2,2,1.0,17,130.3,33.0,2,2,81.9,-8.3,1.0,0.0,0.0,4.0,0.52,0,0,0,0,0,0,0,0,0,0,0,0,0,0,0
LNR-0886,DATA-201,5,4,4,1.0,9,264.2,31.0,2,1,91.3,9.4,0.0,1.0,0.0,4.5,0.63,0,0,0,0,0,0,0,0,0,1,1,1,0,0,3
LNR-0887,WEB-102,1,2,2,1.0,10,159.7,25.0,2,2,61.4,0.4,1.0,0.0,0.0,4.0,0.44,0,0,0,0,0,0,0,0,0,0,0,0,1,1,2
LNR-0887,WEB-102,2,3,3,1.0,12,254.9,34.0,2,1,69.9,-0.3,0.0,2.0,0.0,4.5,0.79,0,0,0,0,0,0,0,1,1,0,0,0,0,0,2
LNR-0887,WEB-102,3,4,4,1.0,9,223.3,23.0,1,1,61.9,9.5,1.0,1.0,0.0,5.0,0.78,0,0,0,0,0,0,0,0,0,0,0,0,0,0,0
LNR-0887,WEB-102,4,3,3,1.0,10,297.0,28.0,2,1,66.5,4.6,1.0,2.0,0.0,5.0,0.78,0,0,0,0,0,0,0,0,0,0,0,0,0,0,0
LNR-0887,WEB-102,5,3,3,1.0,10,204.7,39.0,2,1,63.1,-3.4,0.0,0.0,0.0,4.0,0.6,0,0,0,0,0,0,0,0,0,0,0,0,0,0,0
LNR-0888,AI-301,1,2,1,0.5,6,141.0,21.0,1,2,63.6,0.3,0.0,1.0,0.0,3.5,0.05,0,0,0,0,0,0,0,0,0,0,0,0,0,0,0
LNR-0888,AI-301,2,3,2,0.6667,5,108.3,18.0,1,1,66.9,3.3,0.0,1.0,0.0,3.0,0.49,0,0,0,0,0,0,0,0,0,0,0,0,0,0,0
LNR-0888,AI-301,3,4,3,0.75,4,135.3,24.0,2,1,61.3,-5.6,1.0,0.0,0.0,3.0,0.17,0,0,0,0,0,0,0,0,0,0,0,0,0,0,0
LNR-0888,AI-301,4,3,2,0.6667,11,168.3,26.0,1,1,69.9,-0.3,1.0,3.0,0.0,3.0,0.47,0,0,0,1,1,0,0,1,1,0,0,0,0,0,4
LNR-0888,AI-301,5,3,2,0.6667,10,124.7,25.0,2,1,63.1,-2.8,1.0,0.0,0.0,4.0,0.23,0,0,0,0,0,0,0,0,0,0,0,0,0,0,0
LNR-0889,AI-301,1,3,3,1.0,13,210.8,27.0,2,1,62.4,-8.4,0.0,1.0,1.0,4.0,0.44,0,0,0,0,0,0,0,0,0,0,0,0,1,1,2
LNR-0889,AI-301,2,3,3,1.0,20,184.4,38.0,1,1,69.2,6.8,2.0,0.0,1.0,4.0,0.44,0,0,0,0,0,0,0,0,0,0,0,0,1,1,2
LNR-0889,AI-301,3,2,2,1.0,9,228.9,31.0,2,1,77.5,8.3,0.0,3.0,0.0,5.0,0.71,0,0,0,0,0,0,0,0,0,0,0,0,0,0,0
LNR-0889,AI-301,4,3,3,1.0,10,298.4,40.0,2,2,73.9,-3.6,0.0,4.0,0.0,5.0,0.87,0,0,0,0,0,0,0,0,0,0,0,0,0,0,0
LNR-0889,AI-301,5,3,3,1.0,10,159.7,37.0,2,1,73.4,-0.5,0.0,3.0,1.0,4.0,0.68,0,0,0,0,0,0,0,0,0,0,0,0,0,0,0
LNR-0890,CS-101,1,3,3,1.0,11,168.3,26.0,2,1,61.8,-0.2,0.0,1.0,0.0,4.5,0.87,0,0,0,1,1,0,0,0,0,0,0,0,0,0,2
LNR-0890,CS-101,2,3,3,1.0,9,227.0,24.0,2,2,63.4,1.6,1.0,2.0,0.0,4.0,0.44,0,0,0,0,0,0,0,0,0,0,0,0,1,1,2
LNR-0890,CS-101,3,3,3,1.0,11,168.2,32.0,2,1,73.5,10.1,0.0,1.0,2.0,4.0,0.44,0,0,0,0,0,0,0,0,0,0,0,0,1,1,2
LNR-0890,CS-101,4,3,3,1.0,11,283.9,35.0,2,2,71.6,-1.9,0.0,1.0,0.0,4.0,0.44,0,0,0,0,0,0,0,0,0,1,1,1,1,1,5
LNR-0890,CS-101,5,2,2,1.0,12,153.2,39.0,2,1,64.3,-7.3,2.0,1.0,0.0,4.0,0.44,0,0,0,0,0,0,0,0,0,0,0,0,1,1,2
LNR-0891,CS-101,1,3,2,0.6667,4,217.7,26.0,0,1,75.1,10.2,1.0,0.0,0.0,3.0,0.49,0,0,0,0,0,0,0,0,0,0,0,0,0,0,0
LNR-0891,CS-101,2,2,1,0.5,7,192.8,24.0,1,1,51.3,-23.8,1.0,1.0,0.0,4.0,0.44,0,0,0,0,0,0,0,0,0,0,0,0,1,1,2
LNR-0891,CS-101,3,3,2,0.6667,14,130.3,25.0,2,1,66.5,15.2,0.0,1.0,1.0,3.5,0.32,0,0,0,0,0,0,0,0,0,0,0,0,0,0,0
LNR-0891,CS-101,4,2,1,0.5,10,142.1,29.0,2,2,64.1,-2.4,1.0,0.0,0.0,4.0,0.44,0,0,0,0,0,0,0,0,0,0,0,0,1,1,2
LNR-0891,CS-101,5,3,2,0.6667,10,126.0,22.0,0,1,69.9,-0.3,0.0,0.0,0.0,3.5,0.03,1,0,0,0,0,0,0,1,1,0,0,0,0,0,2
LNR-0892,CS-101,1,2,2,1.0,13,201.7,33.0,2,1,49.2,-1.1,0.0,1.0,0.0,5.0,0.87,0,0,0,0,0,0,0,0,0,1,1,1,0,0,3
LNR-0892,CS-101,2,4,4,1.0,16,266.6,31.0,2,1,53.7,4.5,0.0,0.0,0.0,5.0,0.43,0,0,0,0,0,0,0,0,0,0,0,0,0,0,0
LNR-0892,CS-101,3,3,3,1.0,10,278.2,34.0,2,1,47.7,-6.0,0.0,0.0,0.0,4.0,0.44,0,0,0,0,0,0,0,0,0,0,0,0,1,1,2
LNR-0892,CS-101,4,2,2,1.0,6,274.9,31.0,2,1,70.2,22.5,0.0,1.0,0.0,4.5,0.88,0,0,0,0,0,0,0,0,0,1,1,1,0,0,3
LNR-0892,CS-101,5,3,3,1.0,11,238.2,31.0,1,3,69.9,-0.3,1.0,0.0,0.0,4.5,0.85,0,0,0,0,0,0,0,1,1,0,0,0,0,0,2
LNR-0893,DATA-201,1,2,0,0.0,2,168.3,26.0,1,0,62.3,-5.1,0.0,0.0,0.0,2.0,0.03,1,0,0,1,1,0,0,0,0,0,0,0,0,0,2
LNR-0893,DATA-201,2,3,1,0.3333,4,117.5,19.0,0,1,57.7,-4.6,0.0,1.0,0.0,2.0,-0.42,1,0,0,0,0,0,0,0,0,0,0,0,0,0,0
LNR-0893,DATA-201,3,3,0,0.0,3,68.2,8.0,0,1,21.4,-36.3,1.0,0.0,0.0,3.0,-0.15,1,0,0,0,0,0,0,0,0,0,0,0,0,0,0
LNR-0893,DATA-201,4,3,1,0.3333,3,10.0,9.0,0,0,28.2,6.8,1.0,1.0,0.0,2.0,-0.4,1,0,0,0,0,0,0,0,0,0,0,0,0,0,0
LNR-0893,DATA-201,5,4,1,0.25,1,10.0,3.0,0,0,42.8,14.6,1.0,0.0,0.0,4.0,0.44,1,0,0,0,0,0,0,0,0,0,0,0,1,1,2
LNR-0894,DATA-201,1,3,2,0.6667,8,168.3,26.0,1,1,69.9,-0.3,1.0,4.0,0.0,3.0,0.28,0,0,0,1,1,0,0,1,1,0,0,0,0,0,4
LNR-0894,DATA-201,2,4,3,0.75,6,130.5,28.0,2,1,88.5,9.9,1.0,1.0,0.0,4.0,0.36,0,0,0,0,0,0,0,0,0,0,0,0,0,0,0
LNR-0894,DATA-201,3,2,1,0.5,11,127.6,17.0,1,1,80.9,-7.6,2.0,1.0,1.0,3.0,0.22,0,0,0,0,0,0,0,0,0,0,0,0,0,0,0
LNR-0894,DATA-201,4,3,2,0.6667,1,85.8,27.0,1,1,84.1,3.2,0.0,0.0,0.0,3.0,0.33,0,0,0,0,0,0,0,0,0,0,0,0,0,0,0
LNR-0894,DATA-201,5,3,2,0.6667,4,137.0,23.0,2,1,76.1,-8.0,3.0,0.0,0.0,3.0,0.19,0,0,0,0,0,0,0,0,0,0,0,0,0,0,0
LNR-0895,CS-101,1,3,2,1.0,3,175.5,17.0,1,1,80.3,1.2,0.0,1.0,0.0,3.5,0.35,0,1,0,0,0,0,0,0,0,1,1,1,0,0,4
LNR-0895,CS-101,2,3,2,0.6667,11,133.5,18.0,1,1,86.1,5.8,1.0,3.0,0.0,4.0,0.44,0,0,0,0,0,0,0,0,0,0,0,0,1,1,2
LNR-0895,CS-101,3,4,3,0.75,9,141.8,19.0,1,1,86.7,0.6,0.0,0.0,1.0,4.0,0.29,0,0,0,0,0,0,0,0,0,0,0,0,0,0,0
LNR-0895,CS-101,4,3,2,0.6667,12,158.2,23.0,1,1,75.4,-11.3,1.0,0.0,3.0,4.0,0.44,0,0,0,0,0,0,0,0,0,0,0,0,1,1,2
LNR-0895,CS-101,5,2,1,0.5,6,77.6,28.0,1,2,76.3,0.9,0.0,0.0,0.0,4.0,0.06,0,0,0,0,0,0,0,0,0,0,0,0,0,0,0
LNR-0896,DATA-201,1,3,1,0.3333,5,187.2,17.0,0,0,80.6,-0.2,0.0,0.0,0.0,2.0,-0.43,1,0,0,0,0,0,0,0,0,0,0,0,0,0,0
LNR-0896,DATA-201,2,3,1,0.3333,2,40.6,11.0,1,0,56.9,-23.7,0.0,0.0,0.0,2.0,-0.08,1,0,0,0,0,0,0,0,0,0,0,0,0,0,0
LNR-0896,DATA-201,3,4,1,0.25,6,99.0,12.0,0,0,67.5,10.6,0.0,0.0,0.0,2.5,-0.29,1,0,0,0,0,0,0,0,0,0,0,0,0,0,0
LNR-0896,DATA-201,4,3,0,0.0,3,84.2,8.0,0,1,48.2,-19.3,0.0,1.0,0.0,2.0,-0.45,1,0,0,0,0,0,0,0,0,1,1,1,0,0,3
LNR-0896,DATA-201,5,3,0,0.0,2,10.0,4.0,0,1,54.8,6.6,0.0,0.0,0.0,4.0,0.44,1,0,0,0,0,0,0,0,0,0,0,0,1,1,2
LNR-0897,DATA-201,1,3,3,1.0,11,193.6,44.0,2,3,90.4,5.9,2.0,1.0,0.0,5.0,0.48,0,0,0,0,0,0,0,0,0,0,0,0,0,0,0
LNR-0897,DATA-201,2,2,2,1.0,9,293.3,18.0,2,3,83.0,-7.4,1.0,1.0,2.0,4.5,0.41,0,0,0,0,0,0,0,0,0,0,0,0,0,0,0
LNR-0897,DATA-201,3,4,4,1.0,6,261.1,37.0,2,1,74.6,-8.4,0.0,1.0,0.0,4.5,0.81,0,0,0,0,0,0,0,0,0,1,1,1,0,0,3
LNR-0897,DATA-201,4,3,3,1.0,11,225.7,29.0,2,1,88.9,14.3,1.0,0.0,0.0,4.5,0.64,0,0,0,0,0,0,0,0,0,0,0,0,0,0,0
LNR-0897,DATA-201,5,2,2,1.0,11,249.4,31.0,2,1,79.9,-9.0,0.0,2.0,1.0,4.5,0.46,0,0,0,0,0,0,0,0,0,0,0,0,0,0,0
LNR-0898,CS-101,1,4,3,0.75,1,160.8,23.0,2,1,74.2,7.0,0.0,0.0,0.0,3.0,0.24,0,0,0,0,0,0,0,0,0,0,0,0,0,0,0
LNR-0898,CS-101,2,3,2,0.6667,4,196.0,15.0,2,2,75.0,0.8,1.0,1.0,1.0,4.0,0.44,0,0,0,0,0,0,0,0,0,0,0,0,1,1,2
LNR-0898,CS-101,3,3,2,0.6667,5,134.2,20.0,2,2,69.9,-0.3,0.0,1.0,0.0,3.0,0.05,0,0,0,0,0,0,0,1,1,0,0,0,0,0,2
LNR-0898,CS-101,4,2,1,0.5,7,143.6,29.0,1,1,62.7,-16.3,1.0,2.0,0.0,3.5,0.48,0,0,0,0,0,0,0,0,0,0,0,0,0,0,0
LNR-0898,CS-101,5,3,2,0.6667,11,162.5,18.0,0,2,60.2,-2.5,0.0,0.0,0.0,3.0,0.23,1,0,0,0,0,0,0,0,0,0,0,0,0,0,0
LNR-0899,CS-101,1,3,3,1.0,10,276.0,30.0,2,1,91.1,-5.4,1.0,0.0,0.0,4.0,0.44,0,1,0,0,0,0,0,0,0,0,0,0,1,1,3
LNR-0899,CS-101,2,3,3,1.0,8,251.1,19.0,2,1,97.3,6.2,1.0,2.0,1.0,4.5,0.4,0,0,0,0,0,0,0,0,0,0,0,0,0,0,0
LNR-0899,CS-101,3,2,2,1.0,17,227.8,31.0,2,1,90.7,-6.6,0.0,0.0,1.0,4.5,0.79,0,0,0,0,0,0,0,0,0,0,0,0,0,0,0
LNR-0899,CS-101,4,3,3,1.0,17,149.5,30.0,2,3,100.0,9.3,0.0,2.0,0.0,5.0,0.5,0,0,0,0,0,0,0,0,0,0,0,0,0,0,0
LNR-0899,CS-101,5,4,3,0.75,10,227.9,40.0,2,2,100.0,0.0,0.0,0.0,2.0,5.0,0.56,0,0,0,0,0,0,0,0,0,0,0,0,0,0,0
LNR-0900,AI-301,1,3,1,0.3333,2,100.6,17.0,1,1,69.9,-0.3,0.0,1.0,0.0,2.0,-0.22,1,0,0,0,0,0,0,1,1,0,0,0,0,0,2
LNR-0900,AI-301,2,3,1,0.3333,3,112.7,9.0,0,0,60.3,-9.3,0.0,0.0,0.0,2.0,-0.59,1,0,0,0,0,0,0,0,0,0,0,0,0,0,0
LNR-0900,AI-301,3,3,1,0.3333,2,59.8,8.0,0,1,68.2,7.9,0.0,0.0,0.0,1.5,-0.17,1,0,0,0,0,0,0,0,0,0,0,0,0,0,0
LNR-0900,AI-301,4,3,0,0.0,1,91.3,4.0,1,0,61.0,-7.2,0.0,0.0,0.0,2.5,-0.34,1,0,0,0,0,0,0,0,0,0,0,0,0,0,0
LNR-0900,AI-301,5,4,0,0.0,0,168.3,26.0,0,1,69.9,-0.3,0.0,0.0,0.0,2.5,0.02,1,0,0,1,1,0,0,1,1,0,0,0,0,0,4
LNR-0901,WEB-102,1,3,3,1.0,16,237.9,32.0,2,1,80.5,5.6,1.0,1.0,0.0,5.0,0.75,0,0,0,0,0,0,0,0,0,0,0,0,0,0,0
LNR-0901,WEB-102,2,3,3,1.0,9,211.8,26.0,1,1,75.3,-5.2,2.0,0.0,2.0,4.5,0.6,0,0,0,0,0,0,0,0,0,0,0,0,0,0,0
LNR-0901,WEB-102,3,4,4,1.0,18,219.8,32.0,2,1,77.9,2.6,2.0,1.0,0.0,4.5,0.63,0,0,0,0,0,0,0,0,0,0,0,0,0,0,0
LNR-0901,WEB-102,4,4,4,1.0,12,260.0,37.0,2,1,75.0,-2.9,2.0,3.0,0.0,4.0,0.44,0,0,0,0,0,0,0,0,0,0,0,0,1,1,2
LNR-0901,WEB-102,5,3,3,1.0,11,296.9,28.0,1,1,78.6,3.6,0.0,2.0,1.0,4.0,0.44,0,0,0,0,0,0,0,0,0,0,0,0,1,1,2
LNR-0902,CS-101,1,3,2,0.6667,8,184.6,21.0,1,1,74.0,-1.1,1.0,1.0,0.0,4.0,0.37,0,0,0,0,0,0,0,0,0,0,0,0,0,0,0
LNR-0902,CS-101,2,3,2,0.6667,9,140.5,23.0,2,1,88.8,14.8,0.0,0.0,0.0,4.0,0.44,0,0,0,0,0,0,0,0,0,0,0,0,1,1,2
LNR-0902,CS-101,3,3,2,0.6667,11,215.3,19.0,1,1,66.9,-21.9,1.0,1.0,0.0,3.5,0.38,0,0,0,0,0,0,0,0,0,0,0,0,0,0,0
LNR-0902,CS-101,4,4,3,0.75,8,168.5,22.0,1,1,62.1,-4.8,0.0,1.0,0.0,3.5,0.21,0,0,0,0,0,0,0,0,0,0,0,0,0,0,0
LNR-0902,CS-101,5,3,2,0.6667,9,131.4,20.0,1,1,81.6,19.5,0.0,2.0,0.0,3.0,0.11,0,0,0,0,0,0,0,0,0,0,0,0,0,0,0
LNR-0903,DATA-201,1,3,2,0.6667,5,168.3,26.0,2,1,84.5,-11.3,0.0,0.0,0.0,3.0,0.2,0,0,0,1,1,0,0,0,0,0,0,0,0,0,2
LNR-0903,DATA-201,2,3,2,0.6667,8,132.3,16.0,2,1,69.9,-0.3,1.0,0.0,0.0,3.0,0.13,0,0,0,0,0,0,0,1,1,0,0,0,0,0,2
LNR-0903,DATA-201,3,3,2,0.6667,9,172.0,17.0,1,1,96.3,8.3,0.0,0.0,0.0,4.0,0.46,0,0,0,0,0,0,0,0,0,0,0,0,0,0,0
LNR-0903,DATA-201,4,2,2,1.0,6,153.5,17.0,1,1,86.3,-10.0,0.0,1.0,0.0,4.0,0.37,0,1,0,0,0,0,0,0,0,0,0,0,0,0,1
LNR-0903,DATA-201,5,3,2,0.6667,10,124.8,26.0,1,1,95.7,9.4,0.0,0.0,0.0,3.0,0.09,0,0,0,0,0,0,0,0,0,0,0,0,0,0,0
LNR-0904,CS-101,1,2,2,1.0,8,136.9,21.0,2,2,83.1,6.0,0.0,2.0,0.0,4.5,0.52,0,0,0,0,0,0,0,0,0,0,0,0,0,0,0
LNR-0904,CS-101,2,4,4,1.0,7,266.0,40.0,2,1,83.8,0.7,2.0,4.0,1.0,4.5,0.51,0,0,0,0,0,0,0,0,0,0,0,0,0,0,0
LNR-0904,CS-101,3,3,3,1.0,17,170.7,33.0,2,2,87.9,4.1,2.0,0.0,0.0,4.0,0.82,0,0,0,0,0,0,0,0,0,0,0,0,0,0,0
LNR-0904,CS-101,4,3,3,1.0,7,205.1,32.0,2,1,71.3,-16.6,1.0,1.0,0.0,4.0,0.8,0,0,0,0,0,0,0,0,0,0,0,0,0,0,0
LNR-0904,CS-101,5,2,2,1.0,12,157.4,27.0,1,1,79.5,8.2,1.0,2.0,0.0,4.5,0.78,0,0,0,0,0,0,0,0,0,0,0,0,0,0,0
LNR-0905,AI-301,1,3,3,1.0,11,189.6,30.0,2,2,75.9,8.0,1.0,2.0,0.0,5.0,0.82,0,0,0,0,0,0,0,0,0,0,0,0,0,0,0
LNR-0905,AI-301,2,4,4,1.0,11,200.6,26.0,2,1,71.0,-4.9,0.0,0.0,0.0,4.5,0.78,0,0,0,0,0,0,0,0,0,0,0,0,0,0,0
LNR-0905,AI-301,3,4,4,1.0,12,263.8,38.0,2,1,64.5,-6.5,0.0,1.0,0.0,4.0,0.44,0,0,0,0,0,0,0,0,0,1,1,1,1,1,5
LNR-0905,AI-301,4,3,3,1.0,12,205.0,26.0,1,2,70.5,6.0,1.0,0.0,0.0,4.5,0.44,0,0,0,0,0,0,0,0,0,0,0,0,0,0,0
LNR-0905,AI-301,5,2,2,1.0,11,244.3,43.0,1,2,72.0,1.5,0.0,1.0,0.0,4.0,0.44,0,0,0,0,0,0,0,0,0,0,0,0,1,1,2
LNR-0906,DATA-201,1,3,2,0.6667,7,205.6,17.0,1,1,90.8,-3.8,1.0,1.0,0.0,3.0,0.14,0,0,0,0,0,0,0,0,0,0,0,0,0,0,0
LNR-0906,DATA-201,2,4,3,0.75,3,176.5,17.0,2,1,91.5,0.7,1.0,1.0,0.0,3.5,0.36,0,0,0,0,0,0,0,0,0,0,0,0,0,0,0
LNR-0906,DATA-201,3,3,2,0.6667,7,121.3,20.0,0,2,93.8,2.3,1.0,2.0,1.0,4.0,0.44,0,0,0,0,0,0,0,0,0,0,0,0,1,1,2
LNR-0906,DATA-201,4,3,2,1.0,8,144.0,19.0,1,1,92.1,-1.7,2.0,1.0,0.0,3.0,0.2,0,1,0,0,0,0,0,0,0,0,0,0,0,0,1
LNR-0906,DATA-201,5,3,2,0.6667,8,155.9,27.0,2,1,93.9,1.8,0.0,0.0,0.0,3.5,0.31,0,0,0,0,0,0,0,0,0,0,0,0,0,0,0
LNR-0907,DATA-201,1,3,3,1.0,6,167.2,38.0,2,1,65.7,3.4,0.0,1.0,0.0,4.0,0.44,0,0,0,0,0,0,0,0,0,1,1,1,1,1,5
LNR-0907,DATA-201,2,3,3,1.0,12,195.4,28.0,2,1,50.6,-15.1,2.0,2.0,0.0,4.5,0.46,0,0,0,0,0,0,0,0,0,0,0,0,0,0,0
LNR-0907,DATA-201,3,2,2,1.0,11,173.5,35.0,2,3,72.9,22.3,0.0,2.0,0.0,4.5,0.59,0,0,0,0,0,0,0,0,0,0,0,0,0,0,0
LNR-0907,DATA-201,4,3,3,1.0,6,192.2,28.0,2,3,70.0,-2.9,0.0,2.0,0.0,4.5,0.56,0,0,0,0,0,0,0,0,0,0,0,0,0,0,0
LNR-0907,DATA-201,5,4,4,1.0,15,206.9,38.0,1,1,48.8,-21.2,1.0,0.0,0.0,5.0,0.58,0,0,0,0,0,0,0,0,0,0,0,0,0,0,0
LNR-0908,CS-101,1,4,1,0.25,3,158.9,12.0,1,4,83.4,0.5,0.0,0.0,0.0,2.0,-0.45,0,0,0,0,0,0,0,0,0,0,0,0,0,0,0
LNR-0908,CS-101,2,4,2,0.5,4,81.9,12.0,1,2,65.1,-18.3,0.0,1.0,0.0,1.5,-0.29,0,0,0,0,0,0,0,0,0,0,0,0,0,0,0
LNR-0908,CS-101,3,3,1,0.3333,1,78.7,8.0,1,3,66.3,1.2,0.0,0.0,0.0,2.0,-0.15,0,0,0,0,0,0,0,0,0,0,0,0,0,0,0
LNR-0908,CS-101,4,2,1,0.5,2,168.3,26.0,1,1,66.3,0.0,0.0,1.0,0.0,2.0,-0.48,0,0,0,1,1,0,0,0,0,0,0,0,0,0,2
LNR-0908,CS-101,5,3,0,0.0,0,28.6,3.0,0,0,69.9,-0.3,0.0,0.0,0.0,2.0,-0.49,1,0,0,0,0,0,0,1,1,0,0,0,0,0,2
LNR-0909,CS-101,1,4,4,1.0,13,218.7,35.0,2,3,82.3,11.4,1.0,0.0,1.0,5.0,0.7,0,0,0,0,0,0,0,0,0,0,0,0,0,0,0
LNR-0909,CS-101,2,3,3,1.0,10,189.4,36.0,2,1,79.9,-2.4,1.0,0.0,0.0,4.0,0.7,0,0,0,0,0,0,0,0,0,0,0,0,0,0,0
LNR-0909,CS-101,3,3,3,1.0,11,214.3,38.0,2,1,78.9,-1.0,0.0,1.0,2.0,4.0,0.44,0,0,0,0,0,0,0,0,0,0,0,0,1,1,2
LNR-0909,CS-101,4,2,2,1.0,14,208.0,29.0,2,1,74.0,-4.9,0.0,0.0,2.0,4.0,0.44,0,0,0,0,0,0,0,0,0,0,0,0,1,1,2
LNR-0909,CS-101,5,3,3,1.0,10,287.7,37.0,2,1,84.2,10.2,2.0,3.0,0.0,5.0,0.89,0,0,0,0,0,0,0,0,0,0,0,0,0,0,0
LNR-0910,DATA-201,1,3,3,1.0,14,300.7,35.0,1,2,64.0,7.0,1.0,0.0,0.0,5.0,0.44,0,0,0,0,0,0,0,0,0,0,0,0,0,0,0
LNR-0910,DATA-201,2,4,4,1.0,11,212.7,40.0,2,1,54.3,-9.7,1.0,1.0,0.0,4.0,0.6,0,0,0,0,0,0,0,0,0,0,0,0,0,0,0
LNR-0910,DATA-201,3,3,3,1.0,9,200.3,28.0,2,1,54.2,-0.1,0.0,0.0,2.0,4.5,0.73,0,0,0,0,0,0,0,0,0,0,0,0,0,0,0
LNR-0910,DATA-201,4,4,3,0.75,10,194.2,27.0,2,1,57.7,3.5,0.0,1.0,0.0,4.5,0.84,0,0,0,0,0,0,0,0,0,1,1,1,0,0,3
LNR-0910,DATA-201,5,3,3,1.0,9,239.0,36.0,2,2,57.8,0.1,2.0,0.0,0.0,4.0,0.44,0,0,0,0,0,0,0,0,0,0,0,0,1,1,2
LNR-0911,WEB-102,1,3,3,1.0,8,316.8,25.0,2,2,70.5,7.5,2.0,2.0,0.0,4.5,0.75,0,0,0,0,0,0,0,0,0,0,0,0,0,0,0
LNR-0911,WEB-102,2,3,3,1.0,11,223.4,38.0,2,1,62.8,-7.7,0.0,1.0,1.0,5.0,0.53,0,0,0,0,0,0,0,0,0,0,0,0,0,0,0
LNR-0911,WEB-102,3,2,2,1.0,15,222.8,32.0,2,2,53.8,-9.0,1.0,2.0,1.0,4.0,0.44,0,0,0,0,0,0,0,0,0,0,0,0,1,1,2
LNR-0911,WEB-102,4,2,2,1.0,18,179.2,29.0,2,1,70.2,16.4,2.0,1.0,0.0,4.5,0.6,0,0,0,0,0,0,0,0,0,0,0,0,0,0,0
LNR-0911,WEB-102,5,4,4,1.0,11,272.3,31.0,2,1,69.9,-0.3,0.0,1.0,0.0,4.0,0.44,0,0,0,0,0,0,0,1,1,1,1,1,1,1,7
LNR-0912,CS-101,1,4,3,0.75,5,140.0,30.0,2,2,73.5,-6.3,2.0,1.0,1.0,3.5,0.35,0,0,0,0,0,0,0,0,0,0,0,0,0,0,0
LNR-0912,CS-101,2,3,3,1.0,6,163.0,15.0,1,1,71.1,-2.4,0.0,1.0,0.0,4.0,0.44,0,0,0,0,0,0,0,0,0,0,0,0,1,1,2
LNR-0912,CS-101,3,3,2,0.6667,7,155.6,22.0,1,1,83.8,12.7,1.0,0.0,0.0,3.5,0.34,0,0,0,0,0,0,0,0,0,0,0,0,0,0,0
LNR-0912,CS-101,4,3,2,0.6667,12,99.1,23.0,2,1,74.0,-9.8,1.0,0.0,0.0,3.5,0.41,0,0,0,0,0,0,0,0,0,0,0,0,0,0,0
LNR-0912,CS-101,5,3,3,1.0,6,118.7,15.0,1,1,76.0,2.0,0.0,0.0,0.0,4.0,0.44,0,0,0,0,0,0,0,0,0,0,0,0,1,1,2
LNR-0913,CS-101,1,3,2,0.6667,4,152.8,29.0,1,1,83.3,2.9,0.0,1.0,1.0,4.0,0.44,0,0,0,0,0,0,0,0,0,0,0,0,1,1,2
LNR-0913,CS-101,2,3,2,0.6667,9,109.2,17.0,1,1,96.8,13.5,0.0,1.0,0.0,4.0,0.17,0,0,0,0,0,0,0,0,0,0,0,0,0,0,0
LNR-0913,CS-101,3,3,2,0.6667,9,168.3,26.0,1,2,88.3,-8.5,0.0,2.0,0.0,4.0,0.44,0,0,0,1,1,0,0,0,0,0,0,0,1,1,4
LNR-0913,CS-101,4,3,2,0.6667,8,161.7,17.0,1,1,66.8,-21.5,0.0,1.0,0.0,3.5,0.33,0,0,0,0,0,0,0,0,0,0,0,0,0,0,0
LNR-0913,CS-101,5,2,2,1.0,7,131.7,21.0,1,1,81.7,14.9,0.0,0.0,0.0,4.0,0.44,0,0,0,0,0,0,0,0,0,0,0,0,1,1,2
LNR-0914,AI-301,1,2,1,0.5,5,102.2,20.0,1,3,79.9,-9.3,0.0,0.0,0.0,2.0,-0.27,0,0,0,0,0,0,0,0,0,0,0,0,0,0,0
LNR-0914,AI-301,2,4,1,0.25,2,63.0,10.0,1,0,69.9,-0.3,0.0,0.0,0.0,4.0,0.44,1,0,0,0,0,0,0,1,1,0,0,0,1,1,4
LNR-0914,AI-301,3,3,1,0.3333,5,41.0,7.0,0,0,68.6,-8.0,0.0,0.0,0.0,4.0,0.44,1,0,0,0,0,0,0,0,0,0,0,0,1,1,2
LNR-0914,AI-301,4,3,1,0.3333,5,69.8,6.0,0,2,57.8,-10.8,0.0,1.0,0.0,2.0,-0.43,1,0,0,0,0,0,0,0,0,1,1,1,0,0,3
LNR-0914,AI-301,5,4,0,1.0,2,72.2,4.0,0,0,80.0,22.2,0.0,1.0,0.0,2.0,-0.34,1,1,0,0,0,0,0,0,0,1,1,1,0,0,4
LNR-0915,CS-101,1,3,2,0.6667,8,203.8,8.0,2,2,44.7,-9.5,0.0,0.0,0.0,4.0,0.44,0,0,0,0,0,0,0,0,0,0,0,0,1,1,2
LNR-0915,CS-101,2,4,3,0.75,8,105.2,22.0,0,1,57.9,13.2,0.0,1.0,0.0,3.0,0.0,1,0,0,0,0,0,0,0,0,0,0,0,0,0,0
LNR-0915,CS-101,3,3,2,0.6667,5,99.1,25.0,1,1,64.2,6.3,0.0,1.0,0.0,4.0,0.01,0,0,0,0,0,0,0,0,0,0,0,0,0,0,0
LNR-0915,CS-101,4,2,2,1.0,4,116.0,19.0,1,2,58.1,-6.1,0.0,0.0,0.0,3.5,0.23,0,0,0,0,0,0,0,0,0,0,0,0,0,0,0
LNR-0915,CS-101,5,3,2,0.6667,4,89.3,20.0,2,1,56.0,-2.1,0.0,1.0,0.0,3.5,0.45,0,0,0,0,0,0,0,0,0,1,1,1,0,0,3
LNR-0916,CS-101,1,3,3,1.0,9,226.6,28.0,1,2,48.9,-5.5,0.0,4.0,0.0,4.5,0.87,0,0,0,0,0,0,0,0,0,0,0,0,0,0,0
LNR-0916,CS-101,2,4,3,0.75,9,217.1,41.0,2,1,49.9,1.0,2.0,2.0,0.0,4.5,0.9,0,0,0,0,0,0,0,0,0,0,0,0,0,0,0
LNR-0916,CS-101,3,3,3,1.0,9,213.7,31.0,2,1,59.3,9.4,2.0,0.0,0.0,4.5,0.56,0,0,0,0,0,0,0,0,0,0,0,0,0,0,0
LNR-0916,CS-101,4,3,3,1.0,9,199.4,36.0,2,1,59.6,0.3,0.0,1.0,0.0,4.0,0.44,0,0,0,0,0,0,0,0,0,0,0,0,1,1,2
LNR-0916,CS-101,5,3,3,1.0,11,142.1,36.0,2,1,53.0,-6.6,0.0,3.0,1.0,4.0,0.48,0,0,0,0,0,0,0,0,0,0,0,0,0,0,0
LNR-0917,AI-301,1,3,3,1.0,12,236.7,41.0,2,1,78.4,0.7,2.0,0.0,0.0,4.0,0.67,0,0,0,0,0,0,0,0,0,0,0,0,0,0,0
LNR-0917,AI-301,2,2,2,1.0,9,165.6,36.0,2,2,63.0,-15.4,0.0,1.0,0.0,4.5,0.84,0,0,0,0,0,0,0,0,0,0,0,0,0,0,0
LNR-0917,AI-301,3,4,4,1.0,9,215.1,30.0,2,1,79.6,16.6,1.0,0.0,0.0,4.0,0.44,0,0,0,0,0,0,0,0,0,0,0,0,1,1,2
LNR-0917,AI-301,4,4,4,1.0,7,232.5,33.0,2,1,77.2,-2.4,1.0,1.0,1.0,5.0,0.56,0,0,0,0,0,0,0,0,0,0,0,0,0,0,0
LNR-0917,AI-301,5,2,2,1.0,11,219.6,25.0,2,2,79.2,2.0,1.0,1.0,1.0,5.0,0.57,0,0,0,0,0,0,0,0,0,0,0,0,0,0,0
LNR-0918,AI-301,1,3,3,1.0,12,187.9,37.0,1,1,53.5,-8.5,1.0,0.0,1.0,5.0,0.81,0,0,0,0,0,0,0,0,0,0,0,0,0,0,0
LNR-0918,AI-301,2,3,3,1.0,8,219.5,26.0,1,1,68.3,14.8,0.0,1.0,0.0,5.0,0.55,0,0,0,0,0,0,0,0,0,0,0,0,0,0,0
LNR-0918,AI-301,3,3,3,1.0,15,240.0,34.0,2,2,63.9,-4.4,0.0,3.0,1.0,4.0,0.89,0,0,0,0,0,0,0,0,0,0,0,0,0,0,0
LNR-0918,AI-301,4,3,3,1.0,11,219.8,33.0,1,1,69.9,-0.3,0.0,1.0,0.0,5.0,0.43,0,0,0,0,0,0,0,1,1,1,1,1,0,0,5
LNR-0918,AI-301,5,3,3,1.0,8,142.9,47.0,1,1,69.8,8.2,0.0,1.0,0.0,5.0,0.79,0,0,0,0,0,0,0,0,0,1,1,1,0,0,3
LNR-0919,CS-101,1,3,3,1.0,11,242.1,32.0,2,1,86.6,-1.1,0.0,0.0,0.0,4.0,0.44,0,0,0,0,0,0,0,0,0,0,0,0,1,1,2
LNR-0919,CS-101,2,3,3,1.0,9,204.9,35.0,2,2,92.0,5.4,2.0,1.0,0.0,4.5,0.51,0,0,0,0,0,0,0,0,0,0,0,0,0,0,0
LNR-0919,CS-101,3,3,3,1.0,16,235.3,29.0,2,1,78.3,-13.7,0.0,2.0,1.0,4.5,0.59,0,0,0,0,0,0,0,0,0,0,0,0,0,0,0
LNR-0919,CS-101,4,4,4,1.0,9,144.0,37.0,2,3,69.9,-0.3,1.0,0.0,0.0,5.0,0.75,0,0,0,0,0,0,0,1,1,0,0,0,0,0,2
LNR-0919,CS-101,5,3,3,1.0,10,260.3,36.0,2,1,91.3,1.6,1.0,3.0,0.0,4.5,0.64,0,0,0,0,0,0,0,0,0,0,0,0,0,0,0
LNR-0920,CS-101,1,4,4,1.0,10,256.5,28.0,1,1,55.9,-10.7,0.0,1.0,0.0,5.0,0.41,0,0,0,0,0,0,0,0,0,1,1,1,0,0,3
LNR-0920,CS-101,2,3,3,1.0,5,272.4,38.0,1,1,72.5,16.6,3.0,0.0,3.0,5.0,0.8,0,0,0,0,0,0,0,0,0,0,0,0,0,0,0
LNR-0920,CS-101,3,3,3,1.0,11,211.6,35.0,2,1,69.2,-3.3,1.0,2.0,0.0,4.5,0.63,0,0,0,0,0,0,0,0,0,0,0,0,0,0,0
LNR-0920,CS-101,4,3,3,1.0,4,268.1,35.0,2,2,59.0,-10.2,2.0,1.0,0.0,5.0,0.73,0,0,0,0,0,0,0,0,0,0,0,0,0,0,0
LNR-0920,CS-101,5,3,3,1.0,12,168.3,26.0,2,2,71.4,12.4,0.0,2.0,1.0,5.0,0.51,0,0,0,1,1,0,0,0,0,0,0,0,0,0,2
LNR-0921,WEB-102,1,3,3,1.0,9,222.0,29.0,2,1,58.0,1.0,0.0,0.0,0.0,5.0,0.82,0,0,0,0,0,0,0,0,0,0,0,0,0,0,0
LNR-0921,WEB-102,2,3,3,1.0,10,189.3,37.0,1,2,54.5,-3.5,0.0,1.0,0.0,4.5,0.71,0,0,0,0,0,0,0,0,0,1,1,1,0,0,3
LNR-0921,WEB-102,3,3,3,1.0,8,215.8,30.0,2,2,66.2,11.7,0.0,1.0,0.0,4.5,0.53,0,0,0,0,0,0,0,0,0,1,1,1,0,0,3
LNR-0921,WEB-102,4,2,2,1.0,8,248.4,44.0,2,2,57.3,-8.9,1.0,1.0,0.0,4.5,0.69,0,0,0,0,0,0,0,0,0,0,0,0,0,0,0
LNR-0921,WEB-102,5,4,3,0.75,19,147.9,26.0,1,2,69.9,-0.3,1.0,4.0,0.0,5.0,0.75,0,0,0,0,0,0,0,1,1,0,0,0,0,0,2
LNR-0922,DATA-201,1,3,2,0.6667,9,108.2,17.0,2,1,88.4,13.6,0.0,0.0,1.0,3.5,0.27,0,0,0,0,0,0,0,0,0,0,0,0,0,0,0
LNR-0922,DATA-201,2,3,2,0.6667,9,181.9,24.0,1,2,73.5,-14.9,0.0,1.0,0.0,4.0,0.32,0,0,0,0,0,0,0,0,0,0,0,0,0,0,0
LNR-0922,DATA-201,3,3,2,0.6667,6,162.6,20.0,1,1,77.8,4.3,0.0,2.0,1.0,4.0,0.14,0,0,0,0,0,0,0,0,0,0,0,0,0,0,0
LNR-0922,DATA-201,4,3,2,0.6667,6,128.9,17.0,1,1,69.6,-8.2,0.0,2.0,0.0,3.5,0.11,0,0,0,0,0,0,0,0,0,0,0,0,0,0,0
LNR-0922,DATA-201,5,4,3,0.75,7,153.9,18.0,1,1,68.6,-1.0,0.0,1.0,0.0,4.0,0.44,0,0,0,0,0,0,0,0,0,0,0,0,1,1,2
LNR-0923,DATA-201,1,4,4,1.0,15,133.6,29.0,2,1,66.4,8.9,1.0,4.0,1.0,4.5,0.78,0,0,0,0,0,0,0,0,0,0,0,0,0,0,0
LNR-0923,DATA-201,2,2,2,1.0,11,164.4,28.0,2,1,55.1,-11.3,1.0,3.0,0.0,4.0,0.44,0,0,0,0,0,0,0,0,0,0,0,0,1,1,2
LNR-0923,DATA-201,3,3,3,1.0,11,235.1,36.0,2,3,68.0,12.9,1.0,2.0,0.0,4.0,0.44,0,0,0,0,0,0,0,0,0,0,0,0,1,1,2
LNR-0923,DATA-201,4,4,3,0.75,10,206.6,26.0,1,1,51.2,-16.8,1.0,1.0,0.0,4.5,0.79,0,0,0,0,0,0,0,0,0,0,0,0,0,0,0
LNR-0923,DATA-201,5,3,3,1.0,13,236.6,33.0,2,1,58.3,7.1,0.0,0.0,0.0,5.0,0.55,0,0,0,0,0,0,0,0,0,0,0,0,0,0,0
LNR-0924,WEB-102,1,4,2,0.5,1,120.0,18.0,0,1,81.4,-4.8,1.0,0.0,0.0,2.5,-0.56,0,0,0,0,0,0,0,0,0,0,0,0,0,0,0
LNR-0924,WEB-102,2,3,1,0.3333,4,106.3,19.0,0,1,89.2,7.8,1.0,0.0,0.0,2.0,-0.31,1,0,0,0,0,0,0,0,0,0,0,0,0,0,0
LNR-0924,WEB-102,3,3,1,0.3333,6,127.8,7.0,0,0,69.4,-19.8,0.0,0.0,0.0,1.5,-0.04,1,0,0,0,0,0,0,0,0,0,0,0,0,0,0
LNR-0924,WEB-102,4,3,1,0.3333,2,10.0,6.0,0,0,69.9,-0.3,0.0,0.0,0.0,2.5,-0.24,1,0,0,0,0,0,0,1,1,0,0,0,0,0,2
LNR-0924,WEB-102,5,2,0,0.0,2,33.3,4.0,0,0,61.5,-29.2,1.0,1.0,0.0,1.5,-0.01,1,0,0,0,0,0,0,0,0,0,0,0,0,0,0
LNR-0925,CS-101,1,3,2,0.6667,9,168.3,26.0,1,1,94.0,12.3,0.0,0.0,0.0,3.0,0.09,0,0,0,1,1,0,0,0,0,0,0,0,0,0,2
LNR-0925,CS-101,2,3,3,1.0,8,171.0,18.0,1,1,78.2,-15.8,0.0,0.0,0.0,4.0,0.44,0,0,0,0,0,0,0,0,0,0,0,0,1,1,2
LNR-0925,CS-101,3,3,2,0.6667,6,168.3,26.0,1,1,87.4,9.2,0.0,1.0,0.0,4.0,0.09,0,0,0,1,1,0,0,0,0,0,0,0,0,0,2
LNR-0925,CS-101,4,2,1,0.5,6,111.0,16.0,0,2,87.5,0.1,0.0,1.0,0.0,3.5,0.15,0,0,0,0,0,0,0,0,0,1,1,1,0,0,3
LNR-0925,CS-101,5,3,2,0.6667,8,125.8,27.0,1,1,63.7,-23.8,0.0,1.0,0.0,4.0,0.31,0,0,0,0,0,0,0,0,0,0,0,0,0,0,0
LNR-0926,CS-101,1,2,2,1.0,15,202.7,37.0,2,1,77.2,5.9,1.0,0.0,0.0,4.5,0.49,0,0,0,0,0,0,0,0,0,0,0,0,0,0,0
LNR-0926,CS-101,2,3,3,1.0,13,182.9,38.0,2,2,72.1,-5.1,2.0,2.0,2.0,4.0,0.87,0,0,0,0,0,0,0,0,0,0,0,0,0,0,0
LNR-0926,CS-101,3,3,3,1.0,10,168.3,26.0,1,2,78.4,6.3,0.0,2.0,0.0,5.0,0.85,0,0,0,1,1,0,0,0,0,0,0,0,0,0,2
LNR-0926,CS-101,4,3,3,1.0,8,217.7,27.0,2,1,57.0,-21.4,0.0,1.0,1.0,4.5,0.55,0,0,0,0,0,0,0,0,0,0,0,0,0,0,0
LNR-0926,CS-101,5,3,3,1.0,13,198.9,37.0,2,2,71.5,14.5,0.0,2.0,0.0,5.0,0.85,0,0,0,0,0,0,0,0,0,0,0,0,0,0,0
LNR-0927,WEB-102,1,3,3,1.0,9,175.0,33.0,1,2,80.2,1.4,0.0,1.0,1.0,4.0,0.63,0,0,0,0,0,0,0,0,0,0,0,0,0,0,0
LNR-0927,WEB-102,2,2,2,1.0,14,243.9,29.0,2,1,69.9,-0.3,1.0,0.0,0.0,4.5,0.44,0,0,0,0,0,0,0,1,1,0,0,0,0,0,2
LNR-0927,WEB-102,3,3,3,1.0,9,203.5,35.0,2,1,79.2,13.2,0.0,1.0,1.0,5.0,0.58,0,0,0,0,0,0,0,0,0,0,0,0,0,0,0
LNR-0927,WEB-102,4,3,3,1.0,7,176.6,38.0,2,1,83.6,4.4,2.0,0.0,0.0,4.5,0.55,0,0,0,0,0,0,0,0,0,0,0,0,0,0,0
LNR-0927,WEB-102,5,3,3,1.0,11,232.2,41.0,2,2,85.1,1.5,0.0,1.0,0.0,4.5,0.64,0,0,0,0,0,0,0,0,0,0,0,0,0,0,0
LNR-0928,DATA-201,1,2,1,0.5,3,149.1,14.0,1,0,69.9,-0.3,0.0,0.0,0.0,4.0,0.44,0,0,0,0,0,0,0,1,1,0,0,0,1,1,4
LNR-0928,DATA-201,2,3,1,0.3333,0,122.4,7.0,1,1,57.1,-6.9,2.0,0.0,0.0,3.0,-0.33,0,0,0,0,0,0,0,0,0,0,0,0,0,0,0
LNR-0928,DATA-201,3,3,1,0.3333,1,67.9,9.0,0,1,48.2,-8.9,2.0,0.0,0.0,4.0,0.44,1,0,0,0,0,0,0,0,0,0,0,0,1,1,2
LNR-0928,DATA-201,4,3,0,0.0,3,52.0,7.0,0,1,36.1,-12.1,0.0,1.0,0.0,2.0,-0.13,1,0,0,0,0,0,0,0,0,1,1,1,0,0,3
LNR-0928,DATA-201,5,4,1,0.25,1,44.2,8.0,0,0,30.3,-5.8,1.0,0.0,0.0,3.0,-0.21,1,0,0,0,0,0,0,0,0,0,0,0,0,0,0
LNR-0929,AI-301,1,4,3,0.75,7,131.6,22.0,1,1,79.3,-0.0,0.0,0.0,0.0,4.0,0.44,0,0,0,0,0,0,0,0,0,0,0,0,1,1,2
LNR-0929,AI-301,2,2,1,0.5,8,191.7,21.0,1,1,87.5,8.2,0.0,1.0,0.0,3.5,0.5,0,0,0,0,0,0,0,0,0,1,1,1,0,0,3
LNR-0929,AI-301,3,3,2,0.6667,4,157.5,21.0,1,2,74.2,-13.3,0.0,0.0,0.0,4.0,0.44,0,0,0,0,0,0,0,0,0,0,0,0,1,1,2
LNR-0929,AI-301,4,3,2,0.6667,15,136.3,24.0,2,1,78.1,3.9,1.0,0.0,0.0,3.5,0.4,0,0,0,0,0,0,0,0,0,0,0,0,0,0,0
LNR-0929,AI-301,5,4,3,0.75,5,121.5,26.0,1,1,69.2,-8.9,0.0,1.0,1.0,4.0,0.44,0,0,0,0,0,0,0,0,0,0,0,0,1,1,2
LNR-0930,DATA-201,1,3,1,0.3333,3,145.3,14.0,1,0,77.4,-3.2,0.0,1.0,0.0,2.5,-0.17,0,0,0,0,0,0,0,0,0,0,0,0,0,0,0
LNR-0930,DATA-201,2,2,1,0.5,2,138.4,12.0,0,0,96.2,18.8,1.0,0.0,0.0,1.5,-0.22,1,0,0,0,0,0,0,0,0,0,0,0,0,0,0
LNR-0930,DATA-201,3,3,1,0.3333,4,111.7,14.0,0,0,75.1,-21.1,0.0,1.0,0.0,2.0,-0.15,1,0,0,0,0,0,0,0,0,0,0,0,0,0,0
LNR-0930,DATA-201,4,4,1,0.25,5,20.2,7.0,0,1,57.2,-17.9,0.0,0.0,0.0,2.5,-0.42,1,0,0,0,0,0,0,0,0,0,0,0,0,0,0
LNR-0930,DATA-201,5,3,0,0.0,1,26.5,5.0,0,1,48.6,-8.6,0.0,0.0,0.0,2.0,-0.26,1,0,0,0,0,0,0,0,0,0,0,0,0,0,0
LNR-0931,CS-101,1,2,1,1.0,8,109.8,10.0,0,3,71.5,-12.5,0.0,0.0,0.0,4.0,0.44,1,1,0,0,0,0,0,0,0,0,0,0,1,1,3
LNR-0931,CS-101,2,4,1,0.25,4,103.3,9.0,1,2,76.5,5.0,0.0,0.0,0.0,2.0,-0.49,1,0,0,0,0,0,0,0,0,0,0,0,0,0,0
LNR-0931,CS-101,3,4,1,0.25,5,94.8,11.0,1,1,72.0,-4.5,1.0,1.0,0.0,1.5,0.03,1,0,0,0,0,0,0,0,0,0,0,0,0,0,0
LNR-0931,CS-101,4,4,1,0.25,0,49.4,5.0,0,0,66.4,-5.6,0.0,0.0,0.0,4.0,0.44,1,0,0,0,0,0,0,0,0,0,0,0,1,1,2
LNR-0931,CS-101,5,3,0,0.0,2,69.2,7.0,0,0,55.5,-10.9,0.0,0.0,0.0,1.5,0.05,1,0,0,0,0,0,0,0,0,0,0,0,0,0,0
LNR-0932,AI-301,1,4,4,1.0,9,212.9,19.0,2,1,93.5,6.4,0.0,1.0,0.0,5.0,0.66,0,0,0,0,0,0,0,0,0,0,0,0,0,0,0
LNR-0932,AI-301,2,4,4,1.0,7,212.3,34.0,1,1,80.5,-13.0,1.0,0.0,0.0,4.0,0.58,0,0,0,0,0,0,0,0,0,0,0,0,0,0,0
LNR-0932,AI-301,3,3,3,1.0,15,211.9,48.0,1,1,82.9,2.4,0.0,1.0,0.0,5.0,0.85,0,0,0,0,0,0,0,0,0,1,1,1,0,0,3
LNR-0932,AI-301,4,4,4,1.0,7,145.6,33.0,1,2,97.8,14.9,0.0,2.0,0.0,5.0,0.41,0,0,0,0,0,0,0,0,0,0,0,0,0,0,0
LNR-0932,AI-301,5,3,3,1.0,13,212.5,37.0,2,1,69.9,-0.3,0.0,1.0,0.0,4.5,0.43,0,0,0,0,0,0,0,1,1,1,1,1,0,0,5
LNR-0933,AI-301,1,4,4,1.0,14,241.7,33.0,2,1,43.3,-6.9,0.0,0.0,0.0,5.0,0.47,0,0,0,0,0,0,0,0,0,0,0,0,0,0,0
LNR-0933,AI-301,2,3,3,1.0,14,266.3,46.0,2,1,58.1,14.8,1.0,0.0,1.0,4.5,0.62,0,0,0,0,0,0,0,0,0,0,0,0,0,0,0
LNR-0933,AI-301,3,2,2,1.0,10,139.5,44.0,2,2,69.9,-0.3,0.0,1.0,0.0,5.0,0.63,0,0,0,0,0,0,0,1,1,1,1,1,0,0,5
LNR-0933,AI-301,4,2,2,1.0,11,256.1,40.0,1,1,52.8,-4.8,0.0,1.0,0.0,4.0,0.65,0,1,0,0,0,0,0,0,0,0,0,0,0,0,1
LNR-0933,AI-301,5,2,2,1.0,13,168.7,36.0,2,1,51.4,-1.4,0.0,1.0,0.0,4.0,0.44,0,0,0,0,0,0,0,0,0,0,0,0,1,1,2
LNR-0934,CS-101,1,3,2,0.6667,6,123.4,27.0,2,2,78.5,-5.8,0.0,1.0,0.0,3.0,0.11,0,0,0,0,0,0,0,0,0,0,0,0,0,0,0
LNR-0934,CS-101,2,4,3,0.75,7,162.4,19.0,1,1,82.7,4.2,0.0,1.0,0.0,3.5,0.22,0,0,0,0,0,0,0,0,0,0,0,0,0,0,0
LNR-0934,CS-101,3,2,1,0.5,6,121.2,20.0,1,1,84.0,1.3,0.0,0.0,0.0,3.5,0.22,0,0,0,0,0,0,0,0,0,0,0,0,0,0,0
LNR-0934,CS-101,4,2,2,1.0,5,162.3,28.0,1,1,88.4,4.4,0.0,1.0,0.0,4.0,0.44,0,0,0,0,0,0,0,0,0,0,0,0,1,1,2
LNR-0934,CS-101,5,3,2,0.6667,7,271.8,17.0,1,1,100.0,11.6,1.0,0.0,0.0,3.5,0.16,0,0,0,0,0,0,0,0,0,0,0,0,0,0,0
LNR-0935,AI-301,1,2,1,0.5,10,168.2,23.0,2,2,100.0,8.9,0.0,1.0,0.0,3.5,0.06,0,0,0,0,0,0,0,0,0,0,0,0,0,0,0
LNR-0935,AI-301,2,4,3,0.75,9,111.4,20.0,1,2,88.9,-11.1,0.0,0.0,0.0,4.0,0.44,0,0,0,0,0,0,0,0,0,0,0,0,1,1,2
LNR-0935,AI-301,3,2,1,0.5,4,168.3,26.0,0,1,88.9,0.0,0.0,0.0,1.0,4.0,0.14,0,0,0,1,1,0,0,0,0,0,0,0,0,0,2
LNR-0935,AI-301,4,3,2,0.6667,4,172.2,17.0,1,1,91.3,2.4,0.0,0.0,0.0,3.5,0.18,0,0,0,0,0,0,0,0,0,0,0,0,0,0,0
LNR-0935,AI-301,5,3,2,0.6667,6,141.0,25.0,1,1,92.0,0.7,1.0,0.0,0.0,4.0,0.35,0,0,0,0,0,0,0,0,0,0,0,0,0,0,0
LNR-0936,CS-101,1,3,3,1.0,10,215.5,34.0,1,2,83.0,2.7,0.0,1.0,0.0,4.0,0.48,0,1,0,0,0,0,0,0,0,0,0,0,0,0,1
LNR-0936,CS-101,2,4,4,1.0,10,260.6,33.0,2,1,86.3,3.3,1.0,0.0,0.0,5.0,0.48,0,0,0,0,0,0,0,0,0,0,0,0,0,0,0
LNR-0936,CS-101,3,3,3,1.0,7,181.2,22.0,2,1,78.9,-7.4,0.0,2.0,0.0,5.0,0.44,0,0,0,0,0,0,0,0,0,0,0,0,0,0,0
LNR-0936,CS-101,4,3,3,1.0,10,195.2,39.0,2,1,82.0,3.1,1.0,1.0,1.0,4.0,0.44,0,0,0,0,0,0,0,0,0,0,0,0,1,1,2
LNR-0936,CS-101,5,2,2,1.0,6,248.2,28.0,2,1,82.4,0.4,1.0,2.0,1.0,4.0,0.44,0,0,0,0,0,0,0,0,0,0,0,0,1,1,2
LNR-0937,AI-301,1,3,3,1.0,11,245.6,40.0,2,2,58.5,4.8,0.0,1.0,0.0,5.0,0.73,0,0,0,0,0,0,0,0,0,0,0,0,0,0,0
LNR-0937,AI-301,2,2,2,1.0,12,209.3,33.0,2,2,56.2,-2.3,1.0,1.0,1.0,5.0,0.81,0,0,0,0,0,0,0,0,0,0,0,0,0,0,0
LNR-0937,AI-301,3,4,4,1.0,16,187.1,31.0,2,1,55.3,-0.9,2.0,1.0,0.0,4.0,0.44,0,0,0,0,0,0,0,0,0,0,0,0,1,1,2
LNR-0937,AI-301,4,2,2,1.0,13,249.7,31.0,2,1,55.6,0.3,0.0,0.0,0.0,4.0,0.44,0,0,0,0,0,0,0,0,0,0,0,0,1,1,2
LNR-0937,AI-301,5,4,3,0.75,12,324.0,30.0,1,2,50.4,-5.2,0.0,1.0,0.0,4.5,0.55,0,0,0,0,0,0,0,0,0,0,0,0,0,0,0
LNR-0938,AI-301,1,3,3,1.0,10,246.7,21.0,1,1,78.4,-0.8,1.0,1.0,0.0,4.0,0.44,0,0,0,0,0,0,0,0,0,0,0,0,1,1,2
LNR-0938,AI-301,2,3,2,0.6667,5,224.0,21.0,1,1,98.4,20.0,1.0,1.0,0.0,4.0,0.5,0,0,0,0,0,0,0,0,0,0,0,0,0,0,0
LNR-0938,AI-301,3,4,1,0.25,0,36.5,3.0,0,0,41.3,-57.1,0.0,0.0,0.0,2.0,-0.6,1,0,0,0,0,0,0,0,0,0,0,0,0,0,0
LNR-0938,AI-301,4,3,0,0.0,2,33.4,2.0,0,1,61.0,19.7,0.0,0.0,0.0,2.0,-0.47,1,0,0,0,0,0,0,0,0,0,0,0,0,0,0
LNR-0938,AI-301,5,3,1,0.3333,1,5.0,3.0,0,0,66.0,5.0,0.0,1.0,0.0,2.0,-0.71,1,0,0,0,0,0,0,0,0,1,1,1,0,0,3
LNR-0939,WEB-102,1,4,4,1.0,12,193.1,35.0,2,1,98.7,4.5,0.0,3.0,1.0,5.0,0.67,0,0,0,0,0,0,0,0,0,0,0,0,0,0,0
LNR-0939,WEB-102,2,2,2,1.0,8,226.3,19.0,2,1,89.5,-9.2,1.0,2.0,1.0,5.0,0.72,0,0,0,0,0,0,0,0,0,0,0,0,0,0,0
LNR-0939,WEB-102,3,3,3,1.0,8,242.7,29.0,2,1,92.7,3.2,1.0,1.0,0.0,4.0,0.89,0,0,0,0,0,0,0,0,0,0,0,0,0,0,0
LNR-0939,WEB-102,4,2,2,1.0,10,179.5,49.0,2,3,96.2,3.5,1.0,0.0,0.0,4.5,0.4,0,1,0,0,0,0,0,0,0,0,0,0,0,0,1
LNR-0939,WEB-102,5,3,3,1.0,16,168.3,26.0,2,1,87.3,-8.9,0.0,1.0,0.0,4.5,0.75,0,0,0,1,1,0,0,0,0,1,1,1,0,0,5
LNR-0940,DATA-201,1,2,2,1.0,6,245.5,31.0,1,1,85.1,10.8,1.0,1.0,0.0,5.0,0.73,0,0,0,0,0,0,0,0,0,0,0,0,0,0,0
LNR-0940,DATA-201,2,3,3,1.0,11,126.4,33.0,2,1,69.9,-0.3,1.0,1.0,0.0,4.5,0.73,0,0,0,0,0,0,0,1,1,0,0,0,0,0,2
LNR-0940,DATA-201,3,3,3,1.0,11,168.3,26.0,2,2,78.3,3.4,1.0,0.0,1.0,4.5,0.71,0,0,0,1,1,0,0,0,0,0,0,0,0,0,2
LNR-0940,DATA-201,4,3,3,1.0,12,199.3,31.0,2,1,73.5,-4.8,0.0,1.0,0.0,4.5,0.53,0,0,0,0,0,0,0,0,0,0,0,0,0,0,0
LNR-0940,DATA-201,5,2,2,1.0,12,206.2,41.0,1,1,83.4,9.9,3.0,1.0,1.0,5.0,0.51,0,0,0,0,0,0,0,0,0,0,0,0,0,0,0
LNR-0941,DATA-201,1,3,3,1.0,13,201.3,35.0,2,1,83.1,14.3,0.0,1.0,0.0,4.0,0.44,0,0,0,0,0,0,0,0,0,0,0,0,1,1,2
LNR-0941,DATA-201,2,2,2,1.0,15,233.5,27.0,2,1,72.6,-10.5,1.0,1.0,0.0,4.0,0.44,0,0,0,0,0,0,0,0,0,0,0,0,1,1,2
LNR-0941,DATA-201,3,3,3,1.0,11,240.9,34.0,2,1,76.0,3.4,1.0,0.0,0.0,4.5,0.58,0,0,0,0,0,0,0,0,0,0,0,0,0,0,0
LNR-0941,DATA-201,4,3,3,1.0,10,198.6,36.0,2,1,71.4,-4.6,1.0,0.0,0.0,4.5,0.85,0,0,0,0,0,0,0,0,0,0,0,0,0,0,0
LNR-0941,DATA-201,5,3,3,1.0,9,157.4,27.0,2,2,69.9,-0.3,0.0,0.0,0.0,4.0,0.73,0,0,0,0,0,0,0,1,1,0,0,0,0,0,2
LNR-0942,CS-101,1,2,2,1.0,8,84.2,23.0,1,1,81.5,4.0,0.0,0.0,0.0,3.0,0.28,0,1,0,0,0,0,0,0,0,0,0,0,0,0,1
LNR-0942,CS-101,2,3,2,0.6667,6,109.6,29.0,1,2,72.9,-8.6,0.0,1.0,0.0,4.0,0.44,0,0,0,0,0,0,0,0,0,1,1,1,1,1,5
LNR-0942,CS-101,3,4,3,0.75,10,173.0,18.0,1,1,100.0,27.1,0.0,1.0,0.0,4.0,0.02,0,0,0,0,0,0,0,0,0,1,1,1,0,0,3
LNR-0942,CS-101,4,3,2,0.6667,7,138.5,22.0,1,2,80.7,-19.3,0.0,1.0,0.0,3.0,0.09,0,0,0,0,0,0,0,0,0,0,0,0,0,0,0
LNR-0942,CS-101,5,3,3,1.0,8,140.9,25.0,2,1,80.9,0.2,1.0,1.0,0.0,3.0,0.27,0,0,0,0,0,0,0,0,0,0,0,0,0,0,0
LNR-0943,CS-101,1,3,3,1.0,11,204.2,28.0,1,1,61.0,-0.9,0.0,0.0,1.0,5.0,0.71,0,0,0,0,0,0,0,0,0,0,0,0,0,0,0
LNR-0943,CS-101,2,4,4,1.0,12,149.9,36.0,2,2,69.9,-0.3,0.0,0.0,0.0,4.0,0.44,0,0,0,0,0,0,0,1,1,0,0,0,1,1,4
LNR-0943,CS-101,3,3,3,1.0,13,223.4,32.0,2,1,59.6,-18.4,3.0,0.0,0.0,5.0,0.81,0,0,0,0,0,0,0,0,0,0,0,0,0,0,0
LNR-0943,CS-101,4,2,2,1.0,8,167.0,34.0,2,1,70.0,10.4,0.0,2.0,1.0,5.0,0.68,0,0,0,0,0,0,0,0,0,0,0,0,0,0,0
LNR-0943,CS-101,5,3,3,1.0,9,241.9,30.0,1,2,67.6,-2.4,0.0,0.0,1.0,4.0,0.44,0,0,0,0,0,0,0,0,0,0,0,0,1,1,2
LNR-0944,CS-101,1,2,2,1.0,11,159.9,37.0,2,1,76.0,-4.8,1.0,0.0,0.0,4.0,0.44,0,0,0,0,0,0,0,0,0,0,0,0,1,1,2
LNR-0944,CS-101,2,3,3,1.0,6,241.3,39.0,2,3,76.0,0.0,1.0,1.0,0.0,4.0,0.44,0,0,0,0,0,0,0,0,0,0,0,0,1,1,2
LNR-0944,CS-101,3,2,2,1.0,12,226.1,46.0,2,1,74.8,-1.2,0.0,3.0,0.0,4.5,0.42,0,0,0,0,0,0,0,0,0,0,0,0,0,0,0
LNR-0944,CS-101,4,4,4,1.0,9,192.4,38.0,2,1,79.5,4.7,0.0,1.0,1.0,5.0,0.87,0,0,0,0,0,0,0,0,0,0,0,0,0,0,0
LNR-0944,CS-101,5,2,2,1.0,12,234.7,26.0,2,1,85.6,6.1,1.0,1.0,2.0,4.0,0.66,0,0,0,0,0,0,0,0,0,0,0,0,0,0,0
LNR-0945,CS-101,1,2,2,1.0,7,175.9,33.0,1,1,74.1,-11.3,1.0,1.0,0.0,4.0,0.5,0,0,0,0,0,0,0,0,0,0,0,0,0,0,0
LNR-0945,CS-101,2,3,2,0.6667,10,227.0,31.0,1,1,82.8,8.7,1.0,1.0,0.0,4.0,0.5,0,0,0,0,0,0,0,0,0,0,0,0,0,0,0
LNR-0945,CS-101,3,3,0,0.0,0,34.2,2.0,0,0,69.9,-0.3,0.0,0.0,0.0,2.0,-0.33,1,0,0,0,0,0,0,1,1,0,0,0,0,0,2
LNR-0945,CS-101,4,4,1,0.25,1,56.0,4.0,0,0,71.4,-3.0,0.0,0.0,0.0,1.0,-0.51,1,0,0,0,0,0,0,0,0,0,0,0,0,0,0
LNR-0945,CS-101,5,3,0,0.0,1,27.7,3.0,0,0,62.3,-9.1,0.0,0.0,0.0,2.0,-0.25,1,0,0,0,0,0,0,0,0,0,0,0,0,0,0
LNR-0946,AI-301,1,3,3,1.0,13,181.5,34.0,2,1,65.2,6.8,1.0,2.0,0.0,4.0,0.44,0,0,0,0,0,0,0,0,0,0,0,0,1,1,2
LNR-0946,AI-301,2,3,3,1.0,15,265.3,36.0,2,1,56.0,-9.2,1.0,1.0,0.0,4.5,0.83,0,0,0,0,0,0,0,0,0,0,0,0,0,0,0
LNR-0946,AI-301,3,4,4,1.0,11,193.4,29.0,1,3,60.1,4.1,1.0,1.0,0.0,4.0,0.53,0,0,0,0,0,0,0,0,0,0,0,0,0,0,0
LNR-0946,AI-301,4,3,3,1.0,8,198.8,40.0,2,2,70.9,10.8,0.0,1.0,1.0,4.0,0.44,0,0,0,0,0,0,0,0,0,0,0,0,1,1,2
LNR-0946,AI-301,5,3,3,1.0,13,233.9,31.0,1,2,60.8,-10.1,1.0,1.0,0.0,4.0,0.44,0,0,0,0,0,0,0,0,0,0,0,0,1,1,2
LNR-0947,CS-101,1,4,3,0.75,8,157.3,21.0,1,1,91.1,3.5,1.0,1.0,0.0,4.0,0.5,0,0,0,0,0,0,0,0,0,0,0,0,0,0,0
LNR-0947,CS-101,2,3,2,0.6667,7,168.3,26.0,1,1,77.5,-13.6,1.0,1.0,0.0,4.0,0.5,0,0,0,1,1,0,0,0,0,0,0,0,0,0,2
LNR-0947,CS-101,3,3,1,0.3333,1,29.8,3.0,0,0,54.7,-22.8,0.0,1.0,0.0,2.0,-0.44,0,0,0,0,0,0,0,0,0,1,1,1,0,0,3
LNR-0947,CS-101,4,3,0,0.0,1,47.5,3.0,0,0,51.8,-2.9,0.0,0.0,0.0,4.0,0.44,1,0,0,0,0,0,0,0,0,0,0,0,1,1,2
LNR-0947,CS-101,5,2,1,0.5,1,29.4,2.0,0,1,50.3,-1.5,0.0,0.0,0.0,1.0,-0.74,1,0,0,0,0,0,0,0,0,0,0,0,0,0,0
LNR-0948,WEB-102,1,3,3,1.0,8,143.3,21.0,2,2,63.5,-5.8,0.0,0.0,1.0,4.5,0.76,0,0,0,0,0,0,0,0,0,0,0,0,0,0,0
LNR-0948,WEB-102,2,3,3,1.0,17,140.2,34.0,2,1,71.9,8.4,2.0,3.0,0.0,4.5,0.65,0,0,0,0,0,0,0,0,0,0,0,0,0,0,0
LNR-0948,WEB-102,3,3,3,1.0,10,254.9,33.0,2,1,73.4,1.5,0.0,3.0,1.0,4.0,0.44,0,0,0,0,0,0,0,0,0,0,0,0,1,1,2
LNR-0948,WEB-102,4,4,4,1.0,8,284.5,33.0,2,2,76.3,2.9,0.0,2.0,0.0,5.0,0.51,0,0,0,0,0,0,0,0,0,0,0,0,0,0,0
LNR-0948,WEB-102,5,2,2,1.0,9,197.3,36.0,2,1,70.8,-5.5,0.0,3.0,0.0,4.0,0.45,0,0,0,0,0,0,0,0,0,0,0,0,0,0,0
LNR-0949,CS-101,1,2,2,1.0,12,222.5,31.0,1,3,85.2,0.3,0.0,2.0,0.0,4.5,0.65,0,0,0,0,0,0,0,0,0,0,0,0,0,0,0
LNR-0949,CS-101,2,3,3,1.0,15,161.3,32.0,2,1,69.9,-0.3,0.0,2.0,0.0,4.0,0.44,0,0,0,0,0,0,0,1,1,0,0,0,1,1,4
LNR-0949,CS-101,3,3,3,1.0,11,225.8,31.0,2,1,90.2,4.4,2.0,1.0,0.0,4.0,0.53,0,0,0,0,0,0,0,0,0,0,0,0,0,0,0
LNR-0949,CS-101,4,2,2,1.0,9,195.8,34.0,2,1,82.5,-7.7,0.0,1.0,0.0,5.0,0.51,0,0,0,0,0,0,0,0,0,0,0,0,0,0,0
LNR-0949,CS-101,5,3,3,1.0,9,199.0,28.0,1,1,83.1,0.6,0.0,0.0,0.0,4.0,0.44,0,0,0,0,0,0,0,0,0,0,0,0,1,1,2
LNR-0950,WEB-102,1,3,1,0.3333,10,109.5,14.0,1,0,69.9,-0.3,3.0,0.0,1.0,2.0,-0.5,0,0,0,0,0,0,0,1,1,0,0,0,0,0,2
LNR-0950,WEB-102,2,4,2,0.5,3,81.0,10.0,1,0,54.3,-16.8,0.0,0.0,0.0,1.5,-0.16,0,0,0,0,0,0,0,0,0,0,0,0,0,0,0
LNR-0950,WEB-102,3,4,1,0.25,4,94.0,9.0,1,1,69.9,-0.3,0.0,0.0,0.0,2.0,-0.3,1,0,0,0,0,0,0,1,1,0,0,0,0,0,2
LNR-0950,WEB-102,4,2,1,0.5,2,36.4,4.0,0,1,71.8,-19.0,0.0,0.0,0.0,3.0,-0.2,1,0,0,0,0,0,0,0,0,0,0,0,0,0,0
LNR-0950,WEB-102,5,3,0,0.0,1,10.0,2.0,0,1,67.4,-4.4,0.0,0.0,0.0,2.0,-0.11,1,0,0,0,0,0,0,0,0,0,0,0,0,0,0
LNR-0951,CS-101,1,4,4,1.0,12,213.4,38.0,2,1,80.4,2.3,1.0,1.0,0.0,5.0,0.85,0,0,0,0,0,0,0,0,0,0,0,0,0,0,0
LNR-0951,CS-101,2,3,3,1.0,8,209.2,46.0,2,1,78.7,-1.7,1.0,0.0,0.0,4.5,0.5,0,0,0,0,0,0,0,0,0,0,0,0,0,0,0
LNR-0951,CS-101,3,3,3,1.0,8,302.0,31.0,1,1,84.7,6.0,1.0,2.0,2.0,4.0,0.44,0,0,0,0,0,0,0,0,0,0,0,0,1,1,2
LNR-0951,CS-101,4,2,2,1.0,12,274.7,31.0,2,2,84.1,-0.6,0.0,3.0,0.0,5.0,0.55,0,0,0,0,0,0,0,0,0,0,0,0,0,0,0
LNR-0951,CS-101,5,2,2,1.0,12,249.1,37.0,1,3,81.3,-2.8,0.0,1.0,0.0,5.0,0.5,0,0,0,0,0,0,0,0,0,0,0,0,0,0,0
LNR-0952,AI-301,1,2,2,1.0,5,162.8,33.0,2,1,46.2,0.1,3.0,2.0,0.0,5.0,0.84,0,0,0,0,0,0,0,0,0,0,0,0,0,0,0
LNR-0952,AI-301,2,3,3,1.0,12,272.4,27.0,2,1,47.4,1.2,0.0,1.0,0.0,5.0,0.57,0,0,0,0,0,0,0,0,0,1,1,1,0,0,3
LNR-0952,AI-301,3,2,2,1.0,8,137.4,31.0,2,1,59.5,12.1,0.0,0.0,0.0,4.5,0.61,0,0,0,0,0,0,0,0,0,0,0,0,0,0,0
LNR-0952,AI-301,4,3,3,1.0,9,239.8,35.0,1,1,48.2,-11.3,2.0,2.0,0.0,5.0,0.56,0,0,0,0,0,0,0,0,0,0,0,0,0,0,0
LNR-0952,AI-301,5,4,4,1.0,12,221.6,35.0,2,1,45.2,-3.0,0.0,2.0,0.0,4.5,0.61,0,0,0,0,0,0,0,0,0,0,0,0,0,0,0
LNR-0953,WEB-102,1,2,1,0.5,7,159.0,28.0,1,1,83.8,7.3,0.0,1.0,0.0,4.0,0.44,0,0,0,0,0,0,0,0,0,1,1,1,1,1,5
LNR-0953,WEB-102,2,4,3,0.75,5,141.8,19.0,2,2,68.9,-14.9,1.0,2.0,0.0,3.0,0.3,0,0,0,0,0,0,0,0,0,0,0,0,0,0,0
LNR-0953,WEB-102,3,4,3,0.75,9,127.4,29.0,1,1,59.5,-9.4,1.0,2.0,0.0,3.5,0.02,0,0,0,0,0,0,0,0,0,0,0,0,0,0,0
LNR-0953,WEB-102,4,3,2,0.6667,3,163.6,22.0,1,1,68.5,9.0,0.0,0.0,1.0,3.5,0.15,0,0,0,0,0,0,0,0,0,0,0,0,0,0,0
LNR-0953,WEB-102,5,3,3,1.0,4,167.3,23.0,1,1,77.0,8.5,0.0,1.0,0.0,3.0,0.47,0,0,0,0,0,0,0,0,0,0,0,0,0,0,0
LNR-0954,AI-301,1,2,1,1.0,9,197.3,22.0,0,1,82.6,10.9,0.0,1.0,0.0,3.5,0.04,1,1,0,0,0,0,0,0,0,1,1,1,0,0,4
LNR-0954,AI-301,2,3,3,1.0,8,139.4,19.0,1,1,77.2,-5.4,0.0,0.0,0.0,3.5,0.0,0,0,0,0,0,0,0,0,0,0,0,0,0,0,0
LNR-0954,AI-301,3,3,2,0.6667,7,119.5,20.0,1,1,70.6,-6.6,1.0,0.0,1.0,4.0,0.45,0,0,0,0,0,0,0,0,0,0,0,0,0,0,0
LNR-0954,AI-301,4,3,2,0.6667,11,186.5,19.0,1,1,77.6,7.0,0.0,1.0,0.0,3.5,0.43,0,0,0,0,0,0,0,0,0,0,0,0,0,0,0
LNR-0954,AI-301,5,3,2,0.6667,6,186.8,23.0,0,2,69.8,-7.8,0.0,0.0,0.0,3.5,0.11,0,0,0,0,0,0,0,0,0,0,0,0,0,0,0
LNR-0955,DATA-201,1,2,2,1.0,8,221.9,34.0,2,1,66.2,1.0,1.0,1.0,0.0,5.0,0.54,0,0,0,0,0,0,0,0,0,0,0,0,0,0,0
LNR-0955,DATA-201,2,2,2,1.0,10,185.6,34.0,2,1,70.0,3.8,0.0,1.0,0.0,4.5,0.89,0,0,0,0,0,0,0,0,0,1,1,1,0,0,3
LNR-0955,DATA-201,3,3,3,1.0,11,166.6,31.0,2,1,67.1,-2.9,0.0,2.0,1.0,5.0,0.5,0,0,0,0,0,0,0,0,0,0,0,0,0,0,0
LNR-0955,DATA-201,4,3,3,1.0,9,223.9,35.0,2,1,72.6,5.5,1.0,1.0,0.0,4.0,0.44,0,0,0,0,0,0,0,0,0,0,0,0,1,1,2
LNR-0955,DATA-201,5,2,2,1.0,7,286.9,37.0,2,1,76.1,3.5,1.0,1.0,1.0,5.0,0.84,0,0,0,0,0,0,0,0,0,0,0,0,0,0,0
LNR-0956,WEB-102,1,3,1,0.3333,12,141.1,13.0,0,6,41.4,-20.3,1.0,0.0,0.0,2.0,-0.52,1,0,0,0,0,0,0,0,0,0,0,0,0,0,0
LNR-0956,WEB-102,2,4,1,0.25,5,168.3,26.0,1,3,64.7,23.3,1.0,0.0,0.0,1.5,-0.28,0,0,0,1,1,0,0,0,0,0,0,0,0,0,2
LNR-0956,WEB-102,3,3,1,0.3333,1,31.2,9.0,1,1,69.6,4.9,0.0,0.0,1.0,2.5,0.05,1,0,0,0,0,0,0,0,0,0,0,0,0,0,0
LNR-0956,WEB-102,4,3,0,0.0,7,99.3,12.0,0,2,41.7,-27.9,0.0,1.0,0.0,4.0,0.44,1,0,0,0,0,0,0,0,0,0,0,0,1,1,2
LNR-0956,WEB-102,5,3,0,0.0,3,53.8,7.0,0,1,45.0,3.3,0.0,0.0,0.0,2.0,-0.52,1,0,0,0,0,0,0,0,0,0,0,0,0,0,0
LNR-0957,WEB-102,1,2,1,0.5,6,121.1,31.0,1,1,67.7,-3.2,0.0,2.0,0.0,4.0,0.4,0,0,0,0,0,0,0,0,0,0,0,0,0,0,0
LNR-0957,WEB-102,2,4,3,0.75,10,161.8,20.0,2,1,74.8,7.1,0.0,1.0,0.0,3.0,0.43,0,0,0,0,0,0,0,0,0,1,1,1,0,0,3
LNR-0957,WEB-102,3,3,2,0.6667,8,94.9,28.0,1,1,79.1,4.3,0.0,1.0,0.0,3.0,0.12,0,0,0,0,0,0,0,0,0,1,1,1,0,0,3
LNR-0957,WEB-102,4,3,2,0.6667,5,160.4,20.0,1,1,67.2,-11.9,1.0,1.0,0.0,4.0,0.44,0,0,0,0,0,0,0,0,0,0,0,0,1,1,2
LNR-0957,WEB-102,5,3,2,0.6667,4,117.3,21.0,0,1,78.5,11.3,2.0,0.0,0.0,4.0,0.44,0,0,0,0,0,0,0,0,0,0,0,0,1,1,2
LNR-0958,WEB-102,1,3,3,1.0,8,189.3,16.0,1,1,51.7,-3.1,1.0,1.0,0.0,4.0,0.44,0,0,0,0,0,0,0,0,0,0,0,0,1,1,2
LNR-0958,WEB-102,2,4,4,1.0,3,185.4,25.0,1,1,57.4,5.7,1.0,1.0,0.0,4.0,0.5,0,0,0,0,0,0,0,0,0,0,0,0,0,0,0
LNR-0958,WEB-102,3,4,1,0.25,1,31.3,5.0,0,0,18.1,-39.3,0.0,0.0,0.0,1.0,-0.24,1,0,0,0,0,0,0,0,0,0,0,0,0,0,0
LNR-0958,WEB-102,4,3,1,0.3333,0,33.6,2.0,0,1,20.4,2.3,0.0,0.0,0.0,1.0,-0.63,1,0,0,0,0,0,0,0,0,0,0,0,0,0,0
LNR-0958,WEB-102,5,3,1,0.3333,1,6.9,1.0,0,0,69.9,-0.3,0.0,1.0,0.0,1.0,-0.22,1,0,0,0,0,0,0,1,1,1,1,1,0,0,5
LNR-0959,AI-301,1,4,4,1.0,8,208.5,29.0,2,1,78.9,5.2,0.0,3.0,1.0,4.0,0.44,0,0,0,0,0,0,0,0,0,0,0,0,1,1,2
LNR-0959,AI-301,2,3,3,1.0,10,143.1,31.0,2,2,71.8,-7.1,0.0,0.0,0.0,4.5,0.41,0,0,0,0,0,0,0,0,0,0,0,0,0,0,0
LNR-0959,AI-301,3,4,4,1.0,7,261.0,29.0,2,1,70.5,-1.3,1.0,2.0,0.0,4.0,0.44,0,0,0,0,0,0,0,0,0,0,0,0,1,1,2
LNR-0959,AI-301,4,3,3,1.0,12,169.2,30.0,2,2,74.9,4.4,0.0,1.0,0.0,4.0,0.44,0,0,0,0,0,0,0,0,0,1,1,1,1,1,5
LNR-0959,AI-301,5,3,3,1.0,14,168.3,26.0,2,2,74.1,-0.8,0.0,1.0,0.0,4.5,0.63,0,0,0,1,1,0,0,0,0,0,0,0,0,0,2
LNR-0960,CS-101,1,3,2,0.6667,8,106.5,25.0,1,1,89.2,2.5,0.0,3.0,0.0,4.0,0.44,0,0,0,0,0,0,0,0,0,0,0,0,1,1,2
LNR-0960,CS-101,2,4,3,0.75,7,122.3,23.0,1,1,90.7,1.5,1.0,0.0,1.0,3.5,0.14,0,0,0,0,0,0,0,0,0,0,0,0,0,0,0
LNR-0960,CS-101,3,3,2,0.6667,7,121.4,14.0,1,1,83.2,-7.5,0.0,0.0,0.0,3.0,0.18,0,0,0,0,0,0,0,0,0,0,0,0,0,0,0
LNR-0960,CS-101,4,3,2,0.6667,5,168.3,26.0,2,1,92.9,9.7,0.0,0.0,0.0,3.0,0.48,0,0,0,1,1,0,0,0,0,0,0,0,0,0,2
LNR-0960,CS-101,5,3,2,0.6667,9,168.3,26.0,1,1,80.5,-12.4,1.0,0.0,0.0,3.5,0.28,0,0,0,1,1,0,0,0,0,0,0,0,0,0,2
LNR-0961,AI-301,1,3,2,0.6667,6,147.9,22.0,1,2,78.4,8.4,0.0,1.0,0.0,3.0,0.17,0,0,0,0,0,0,0,0,0,0,0,0,0,0,0
LNR-0961,AI-301,2,2,1,0.5,9,100.0,19.0,2,1,80.3,1.9,1.0,1.0,0.0,4.0,0.32,0,0,0,0,0,0,0,0,0,0,0,0,0,0,0
LNR-0961,AI-301,3,3,2,1.0,5,215.4,25.0,1,1,69.7,-10.6,0.0,1.0,0.0,4.0,0.49,0,1,0,0,0,0,0,0,0,0,0,0,0,0,1
LNR-0961,AI-301,4,3,2,0.6667,5,110.5,15.0,1,1,57.7,-12.0,0.0,0.0,0.0,3.0,0.44,0,0,0,0,0,0,0,0,0,0,0,0,0,0,0
LNR-0961,AI-301,5,3,2,0.6667,11,184.9,25.0,1,1,66.4,8.7,0.0,1.0,0.0,3.5,0.31,0,0,0,0,0,0,0,0,0,1,1,1,0,0,3
LNR-0962,CS-101,1,3,2,0.6667,4,108.0,15.0,1,1,82.1,-5.7,0.0,0.0,1.0,3.0,-0.36,0,0,0,0,0,0,0,0,0,0,0,0,0,0,0
LNR-0962,CS-101,2,3,1,0.3333,3,82.0,9.0,1,2,68.5,-13.6,0.0,0.0,0.0,2.0,-0.01,1,0,0,0,0,0,0,0,0,0,0,0,0,0,0
LNR-0962,CS-101,3,2,1,1.0,0,92.7,6.0,1,4,71.2,2.7,1.0,0.0,1.0,2.0,-0.45,0,1,0,0,0,0,0,0,0,0,0,0,0,0,1
LNR-0962,CS-101,4,4,1,0.25,0,46.4,7.0,0,0,69.9,-0.3,0.0,0.0,0.0,2.5,-0.39,1,0,0,0,0,0,0,1,1,0,0,0,0,0,2
LNR-0962,CS-101,5,4,0,1.0,0,19.0,4.0,0,0,64.1,-2.4,0.0,1.0,0.0,2.0,-0.59,1,1,0,0,0,0,0,0,0,1,1,1,0,0,4
LNR-0963,AI-301,1,2,2,1.0,12,211.7,22.0,2,2,60.1,-11.4,1.0,1.0,0.0,5.0,0.68,0,0,0,0,0,0,0,0,0,0,0,0,0,0,0
LNR-0963,AI-301,2,2,2,1.0,12,203.7,47.0,2,1,74.7,14.6,2.0,0.0,0.0,4.5,0.78,0,0,0,0,0,0,0,0,0,0,0,0,0,0,0
LNR-0963,AI-301,3,3,3,1.0,10,199.3,31.0,1,1,69.9,-0.3,1.0,1.0,1.0,4.5,0.76,0,0,0,0,0,0,0,1,1,0,0,0,0,0,2
LNR-0963,AI-301,4,3,3,1.0,10,183.3,35.0,2,2,73.1,2.2,2.0,3.0,0.0,4.5,0.58,0,0,0,0,0,0,0,0,0,0,0,0,0,0,0
LNR-0963,AI-301,5,4,4,1.0,16,276.0,31.0,2,3,69.4,-3.7,3.0,7.0,0.0,4.5,0.47,0,0,0,0,0,0,0,0,0,0,0,0,0,0,0
LNR-0964,DATA-201,1,4,3,0.75,7,143.8,18.0,1,1,63.1,-6.0,1.0,2.0,0.0,3.5,0.18,0,0,0,0,0,0,0,0,0,0,0,0,0,0,0
LNR-0964,DATA-201,2,4,3,0.75,9,155.1,20.0,1,1,76.7,13.6,0.0,1.0,0.0,4.0,0.44,0,0,0,0,0,0,0,0,0,0,0,0,1,1,2
LNR-0964,DATA-201,3,3,2,0.6667,3,136.9,23.0,1,1,69.9,-6.8,0.0,0.0,0.0,4.0,0.44,0,0,0,0,0,0,0,0,0,0,0,0,1,1,2
LNR-0964,DATA-201,4,4,3,0.75,11,85.4,21.0,1,1,59.8,-10.1,1.0,0.0,0.0,4.0,0.18,0,0,0,0,0,0,0,0,0,0,0,0,0,0,0
LNR-0964,DATA-201,5,3,2,0.6667,4,162.6,16.0,1,2,70.8,11.0,0.0,1.0,0.0,3.5,0.24,0,0,0,0,0,0,0,0,0,0,0,0,0,0,0
LNR-0965,CS-101,1,3,2,0.6667,2,113.2,16.0,0,1,67.3,2.0,1.0,0.0,0.0,2.0,-0.44,0,0,0,0,0,0,0,0,0,0,0,0,0,0,0
LNR-0965,CS-101,2,4,2,0.5,4,97.2,13.0,1,0,70.2,2.9,0.0,0.0,0.0,1.5,-0.06,1,0,0,0,0,0,0,0,0,0,0,0,0,0,0
LNR-0965,CS-101,3,2,0,0.0,2,136.8,8.0,0,0,34.3,-35.9,0.0,1.0,0.0,1.5,-0.14,1,0,0,0,0,0,0,0,0,0,0,0,0,0,0
LNR-0965,CS-101,4,3,1,0.3333,2,52.2,4.0,0,0,47.3,13.0,0.0,1.0,0.0,2.5,-0.15,1,0,0,0,0,0,0,0,0,0,0,0,0,0,0
LNR-0965,CS-101,5,2,0,0.0,1,47.2,7.0,0,0,30.0,-17.3,1.0,0.0,0.0,2.5,-0.16,1,0,0,0,0,0,0,0,0,0,0,0,0,0,0
LNR-0966,CS-101,1,2,2,1.0,9,211.4,31.0,2,2,79.4,10.2,1.0,3.0,1.0,4.0,0.78,0,0,0,0,0,0,0,0,0,0,0,0,0,0,0
LNR-0966,CS-101,2,2,2,1.0,9,210.3,27.0,2,1,69.9,-0.3,1.0,5.0,2.0,4.0,0.44,0,0,0,0,0,0,0,1,1,0,0,0,1,1,4
LNR-0966,CS-101,3,4,4,1.0,11,200.6,33.0,2,1,69.9,4.5,1.0,0.0,1.0,5.0,0.42,0,0,0,0,0,0,0,0,0,0,0,0,0,0,0
LNR-0966,CS-101,4,3,3,1.0,7,260.5,27.0,2,1,66.5,-3.4,1.0,1.0,0.0,4.0,0.41,0,0,0,0,0,0,0,0,0,0,0,0,0,0,0
LNR-0966,CS-101,5,3,3,1.0,7,163.6,28.0,2,2,69.9,-0.3,2.0,0.0,0.0,4.0,0.44,0,0,0,0,0,0,0,1,1,0,0,0,1,1,4
LNR-0967,DATA-201,1,3,3,1.0,12,154.3,43.0,2,3,59.9,0.7,1.0,1.0,1.0,5.0,0.67,0,0,0,0,0,0,0,0,0,0,0,0,0,0,0
LNR-0967,DATA-201,2,4,4,1.0,6,168.3,26.0,2,2,69.9,-0.3,0.0,1.0,0.0,4.5,0.79,0,0,0,1,1,0,0,1,1,1,1,1,0,0,7
LNR-0967,DATA-201,3,3,3,1.0,17,175.2,37.0,2,2,66.2,5.1,0.0,1.0,0.0,4.0,0.5,0,0,0,0,0,0,0,0,0,0,0,0,0,0,0
LNR-0967,DATA-201,4,3,3,1.0,13,186.8,32.0,2,2,69.9,-0.3,0.0,2.0,0.0,4.5,0.65,0,0,0,0,0,0,0,1,1,0,0,0,0,0,2
LNR-0967,DATA-201,5,3,3,1.0,13,191.5,40.0,2,2,63.0,13.1,0.0,0.0,0.0,5.0,0.56,0,0,0,0,0,0,0,0,0,0,0,0,0,0,0
LNR-0968,WEB-102,1,2,2,1.0,11,184.1,36.0,1,1,73.9,1.9,0.0,0.0,1.0,5.0,0.8,0,0,0,0,0,0,0,0,0,0,0,0,0,0,0
LNR-0968,WEB-102,2,3,3,1.0,7,200.8,33.0,2,3,70.0,-3.9,0.0,1.0,0.0,4.0,0.44,0,0,0,0,0,0,0,0,0,1,1,1,1,1,5
LNR-0968,WEB-102,3,3,3,1.0,9,197.3,36.0,2,2,84.8,14.8,0.0,2.0,0.0,4.0,0.44,0,0,0,0,0,0,0,0,0,0,0,0,1,1,2
LNR-0968,WEB-102,4,3,3,1.0,10,216.6,25.0,1,1,74.7,-10.1,2.0,3.0,0.0,4.5,0.45,0,0,0,0,0,0,0,0,0,0,0,0,0,0,0
LNR-0968,WEB-102,5,3,3,1.0,9,171.8,35.0,1,2,79.2,4.5,1.0,0.0,0.0,4.5,0.41,0,0,0,0,0,0,0,0,0,0,0,0,0,0,0
LNR-0969,DATA-201,1,3,3,1.0,7,43.6,20.0,0,1,68.5,2.8,0.0,4.0,0.0,3.5,0.35,1,0,0,0,0,0,0,0,0,0,0,0,0,0,0
LNR-0969,DATA-201,2,3,3,1.0,9,58.0,18.0,1,2,66.4,-2.1,0.0,2.0,1.0,3.0,0.09,0,0,0,0,0,0,0,0,0,0,0,0,0,0,0
LNR-0969,DATA-201,3,3,2,0.6667,11,160.0,16.0,1,2,72.5,6.1,0.0,0.0,0.0,3.5,0.1,0,0,0,0,0,0,0,0,0,0,0,0,0,0,0
LNR-0969,DATA-201,4,3,2,0.6667,11,188.4,21.0,1,2,69.0,-3.5,0.0,1.0,0.0,3.5,0.14,0,0,0,0,0,0,0,0,0,0,0,0,0,0,0
LNR-0969,DATA-201,5,4,3,0.75,3,136.8,22.0,1,1,71.6,2.6,1.0,1.0,0.0,4.0,0.48,0,0,0,0,0,0,0,0,0,0,0,0,0,0,0
LNR-0970,AI-301,1,3,1,0.3333,4,111.3,12.0,1,3,67.7,-9.4,1.0,0.0,0.0,4.0,0.44,0,0,0,0,0,0,0,0,0,0,0,0,1,1,2
LNR-0970,AI-301,2,3,1,0.3333,5,125.8,12.0,1,2,67.0,-0.7,0.0,0.0,2.0,4.0,0.44,0,0,0,0,0,0,0,0,0,0,0,0,1,1,2
LNR-0970,AI-301,3,3,0,0.0,5,168.3,26.0,0,0,68.7,1.7,0.0,0.0,0.0,2.0,-0.09,1,0,0,1,1,0,0,0,0,0,0,0,0,0,2
LNR-0970,AI-301,4,4,0,0.0,1,60.7,5.0,0,2,54.0,-14.7,0.0,0.0,1.0,1.5,-0.01,1,0,0,0,0,0,0,0,0,0,0,0,0,0,0
LNR-0970,AI-301,5,3,0,0.0,3,10.0,4.0,0,1,62.8,8.8,2.0,0.0,0.0,3.0,-0.56,1,0,0,0,0,0,0,0,0,0,0,0,0,0,0
LNR-0971,AI-301,1,3,2,0.6667,4,129.4,27.0,1,2,51.4,-12.0,0.0,0.0,0.0,4.0,0.44,0,0,0,0,0,0,0,0,0,0,0,0,1,1,2
LNR-0971,AI-301,2,3,2,0.6667,9,94.3,20.0,1,1,69.9,-0.3,1.0,0.0,0.0,4.0,0.14,0,0,0,0,0,0,0,1,1,0,0,0,0,0,2
LNR-0971,AI-301,3,4,3,0.75,3,105.6,20.0,1,1,69.9,-0.3,0.0,2.0,0.0,3.0,0.14,0,0,0,0,0,0,0,1,1,0,0,0,0,0,2
LNR-0971,AI-301,4,2,2,1.0,14,123.5,14.0,1,1,48.9,-16.5,1.0,1.0,0.0,4.0,0.33,0,0,0,0,0,0,0,0,0,0,0,0,0,0,0
LNR-0971,AI-301,5,4,3,0.75,4,121.4,23.0,2,1,69.9,-0.3,0.0,0.0,0.0,4.0,0.47,0,0,0,0,0,0,0,1,1,0,0,0,0,0,2
LNR-0972,WEB-102,1,4,4,1.0,9,251.9,32.0,2,2,58.7,2.6,0.0,1.0,0.0,4.5,0.86,0,0,0,0,0,0,0,0,0,1,1,1,0,0,3
LNR-0972,WEB-102,2,3,3,1.0,12,168.3,26.0,2,1,53.1,-5.6,0.0,1.0,0.0,5.0,0.73,0,0,0,1,1,0,0,0,0,0,0,0,0,0,2
LNR-0972,WEB-102,3,4,4,1.0,7,201.6,31.0,2,1,49.8,-3.3,1.0,3.0,1.0,4.5,0.54,0,0,0,0,0,0,0,0,0,0,0,0,0,0,0
LNR-0972,WEB-102,4,4,4,1.0,15,238.2,33.0,1,1,53.8,4.0,1.0,0.0,2.0,4.5,0.46,0,0,0,0,0,0,0,0,0,0,0,0,0,0,0
LNR-0972,WEB-102,5,3,3,1.0,8,212.2,30.0,1,1,67.4,13.6,2.0,0.0,0.0,4.0,0.44,0,0,0,0,0,0,0,0,0,0,0,0,1,1,2
LNR-0973,AI-301,1,2,1,0.5,8,103.2,18.0,1,1,69.9,-0.3,0.0,1.0,0.0,3.0,0.41,0,0,0,0,0,0,0,1,1,0,0,0,0,0,2
LNR-0973,AI-301,2,3,2,0.6667,4,122.7,24.0,1,1,64.8,-9.3,0.0,0.0,0.0,3.5,0.2,0,0,0,0,0,0,0,0,0,0,0,0,0,0,0
LNR-0973,AI-301,3,4,3,0.75,4,140.7,20.0,2,1,67.5,2.7,0.0,1.0,0.0,4.0,0.44,0,0,0,0,0,0,0,0,0,1,1,1,1,1,5
LNR-0973,AI-301,4,3,2,0.6667,4,137.2,17.0,1,2,69.9,-0.3,0.0,0.0,0.0,3.0,0.43,0,0,0,0,0,0,0,1,1,0,0,0,0,0,2
LNR-0973,AI-301,5,3,2,0.6667,5,154.6,25.0,1,1,80.5,6.7,0.0,2.0,0.0,3.0,0.22,0,0,0,0,0,0,0,0,0,0,0,0,0,0,0
LNR-0974,DATA-201,1,3,2,0.6667,8,129.2,21.0,1,1,54.8,-27.0,0.0,1.0,0.0,3.5,0.47,0,0,0,0,0,0,0,0,0,1,1,1,0,0,3
LNR-0974,DATA-201,2,3,2,0.6667,6,96.4,14.0,2,1,63.1,8.3,0.0,2.0,0.0,4.0,0.44,0,0,0,0,0,0,0,0,0,0,0,0,1,1,2
LNR-0974,DATA-201,3,3,2,0.6667,4,182.1,18.0,0,1,72.0,8.9,0.0,0.0,0.0,3.0,0.26,0,0,0,0,0,0,0,0,0,0,0,0,0,0,0
LNR-0974,DATA-201,4,2,1,0.5,7,81.5,20.0,0,1,76.7,4.7,3.0,0.0,0.0,4.0,0.02,1,0,0,0,0,0,0,0,0,0,0,0,0,0,0
LNR-0974,DATA-201,5,3,2,0.6667,7,116.2,19.0,0,1,71.5,-5.2,1.0,0.0,0.0,4.0,0.44,1,0,0,0,0,0,0,0,0,0,0,0,1,1,2
LNR-0975,AI-301,1,3,3,1.0,5,254.7,35.0,2,3,93.5,15.8,2.0,0.0,0.0,4.0,0.81,0,0,0,0,0,0,0,0,0,0,0,0,0,0,0
LNR-0975,AI-301,2,3,3,1.0,5,244.7,30.0,2,1,68.9,-24.6,1.0,3.0,1.0,4.0,0.44,0,0,0,0,0,0,0,0,0,0,0,0,1,1,2
LNR-0975,AI-301,3,3,3,1.0,14,304.0,32.0,2,2,83.9,15.0,1.0,2.0,0.0,4.5,0.49,0,0,0,0,0,0,0,0,0,0,0,0,0,0,0
LNR-0975,AI-301,4,3,3,1.0,13,165.4,47.0,2,3,76.4,-7.5,0.0,2.0,0.0,5.0,0.62,0,0,0,0,0,0,0,0,0,0,0,0,0,0,0
LNR-0975,AI-301,5,2,2,1.0,11,165.9,31.0,2,1,81.4,5.0,1.0,2.0,0.0,4.0,0.77,0,0,0,0,0,0,0,0,0,0,0,0,0,0,0
LNR-0976,WEB-102,1,2,1,0.5,3,122.8,16.0,1,1,81.4,-0.2,0.0,0.0,1.0,4.0,0.44,0,0,0,0,0,0,0,0,0,0,0,0,1,1,2
LNR-0976,WEB-102,2,3,1,0.3333,4,126.6,11.0,1,3,71.3,-10.1,0.0,0.0,0.0,2.0,-0.53,0,0,0,0,0,0,0,0,0,0,0,0,0,0,0
LNR-0976,WEB-102,3,2,0,0.0,4,73.8,10.0,0,3,69.9,-0.3,0.0,0.0,0.0,2.5,-0.22,1,0,0,0,0,0,0,1,1,0,0,0,0,0,2
LNR-0976,WEB-102,4,3,1,0.3333,4,78.9,4.0,0,0,73.5,12.3,0.0,0.0,0.0,4.0,0.44,1,0,0,0,0,0,0,0,0,0,0,0,1,1,2
LNR-0976,WEB-102,5,3,0,0.0,0,132.7,4.0,0,1,70.2,-3.3,1.0,0.0,0.0,1.5,-0.6,1,0,0,0,0,0,0,0,0,0,0,0,0,0,0
LNR-0977,AI-301,1,3,3,1.0,4,181.2,31.0,1,1,75.6,4.4,1.0,1.0,0.0,4.0,0.44,0,0,0,0,0,0,0,0,0,0,0,0,1,1,2
LNR-0977,AI-301,2,3,2,0.6667,13,185.8,24.0,1,1,63.0,-12.6,1.0,1.0,0.0,4.0,0.5,0,0,0,0,0,0,0,0,0,0,0,0,0,0,0
LNR-0977,AI-301,3,3,0,0.0,0,13.9,3.0,0,0,60.4,-2.6,0.0,0.0,0.0,1.0,-0.74,1,0,0,0,0,0,0,0,0,0,0,0,0,0,0
LNR-0977,AI-301,4,3,0,0.0,0,38.2,4.0,0,0,39.3,-21.1,0.0,0.0,0.0,1.0,-0.36,1,0,0,0,0,0,0,0,0,0,0,0,0,0,0
LNR-0977,AI-301,5,2,1,0.5,1,20.3,3.0,0,0,39.1,-0.2,0.0,0.0,0.0,1.0,-0.75,1,0,0,0,0,0,0,0,0,0,0,0,0,0,0
LNR-0978,CS-101,1,2,2,1.0,11,217.4,27.0,2,1,55.8,9.5,1.0,1.0,1.0,4.5,0.76,0,0,0,0,0,0,0,0,0,0,0,0,0,0,0
LNR-0978,CS-101,2,3,3,1.0,12,226.2,46.0,2,2,50.2,-5.6,0.0,0.0,2.0,4.0,0.44,0,0,0,0,0,0,0,0,0,0,0,0,1,1,2
LNR-0978,CS-101,3,4,4,1.0,9,265.9,39.0,1,2,69.9,-0.3,2.0,2.0,0.0,4.0,0.44,0,0,0,0,0,0,0,1,1,0,0,0,1,1,4
LNR-0978,CS-101,4,2,2,1.0,11,153.1,28.0,1,1,39.9,-10.0,0.0,2.0,0.0,4.0,0.74,0,0,0,0,0,0,0,0,0,0,0,0,0,0,0
LNR-0978,CS-101,5,4,4,1.0,9,208.6,38.0,2,1,41.3,1.4,1.0,1.0,0.0,4.0,0.44,0,0,0,0,0,0,0,0,0,0,0,0,1,1,2
LNR-0979,CS-101,1,2,1,0.5,5,166.4,20.0,1,1,61.1,-6.7,0.0,0.0,0.0,3.0,0.17,0,0,0,0,0,0,0,0,0,0,0,0,0,0,0
LNR-0979,CS-101,2,3,2,0.6667,8,159.6,26.0,1,2,70.7,9.6,1.0,4.0,1.0,4.0,0.44,0,0,0,0,0,0,0,0,0,0,0,0,1,1,2
LNR-0979,CS-101,3,3,2,0.6667,1,185.1,17.0,1,1,61.6,-9.1,1.0,1.0,1.0,3.5,0.15,0,0,0,0,0,0,0,0,0,0,0,0,0,0,0
LNR-0979,CS-101,4,3,2,0.6667,6,134.8,22.0,1,1,78.0,16.4,1.0,0.0,0.0,4.0,0.44,0,0,0,0,0,0,0,0,0,0,0,0,1,1,2
LNR-0979,CS-101,5,2,1,0.5,6,127.1,20.0,1,2,73.0,-5.0,1.0,2.0,2.0,3.5,0.14,0,0,0,0,0,0,0,0,0,0,0,0,0,0,0
LNR-0980,WEB-102,1,3,2,0.6667,7,162.0,20.0,1,1,58.8,-4.4,0.0,1.0,0.0,4.0,0.44,0,0,0,0,0,0,0,0,0,1,1,1,1,1,5
LNR-0980,WEB-102,2,2,1,0.5,6,134.9,23.0,2,1,54.2,-4.6,1.0,0.0,0.0,3.5,0.03,0,0,0,0,0,0,0,0,0,0,0,0,0,0,0
LNR-0980,WEB-102,3,3,2,0.6667,7,153.4,25.0,0,2,71.0,16.8,0.0,1.0,0.0,4.0,0.33,0,0,0,0,0,0,0,0,0,0,0,0,0,0,0
LNR-0980,WEB-102,4,3,2,0.6667,5,170.9,24.0,2,2,74.3,3.3,0.0,1.0,0.0,3.5,0.31,0,0,0,0,0,0,0,0,0,0,0,0,0,0,0
LNR-0980,WEB-102,5,4,3,0.75,12,188.5,29.0,1,1,68.4,-5.9,0.0,0.0,0.0,3.5,0.08,0,0,0,0,0,0,0,0,0,0,0,0,0,0,0
LNR-0981,WEB-102,1,3,3,1.0,11,197.0,32.0,1,1,56.3,10.4,2.0,4.0,0.0,5.0,0.46,0,0,0,0,0,0,0,0,0,0,0,0,0,0,0
LNR-0981,WEB-102,2,4,4,1.0,13,248.7,30.0,2,2,49.6,-6.7,0.0,2.0,0.0,4.0,0.44,0,0,0,0,0,0,0,0,0,0,0,0,1,1,2
LNR-0981,WEB-102,3,3,3,1.0,13,216.2,40.0,2,1,48.3,-1.3,1.0,0.0,1.0,4.5,0.41,0,0,0,0,0,0,0,0,0,0,0,0,0,0,0
LNR-0981,WEB-102,4,3,3,1.0,12,222.4,41.0,2,1,47.0,-1.3,0.0,0.0,0.0,4.5,0.77,0,0,0,0,0,0,0,0,0,0,0,0,0,0,0
LNR-0981,WEB-102,5,3,3,1.0,13,248.2,39.0,2,2,53.7,6.7,2.0,1.0,0.0,5.0,0.89,0,0,0,0,0,0,0,0,0,0,0,0,0,0,0
LNR-0982,AI-301,1,3,3,1.0,6,197.7,26.0,1,1,69.9,-0.3,1.0,1.0,0.0,4.0,0.5,0,0,0,0,0,0,0,1,1,0,0,0,0,0,2
LNR-0982,AI-301,2,4,3,0.75,10,160.6,18.0,1,1,78.7,-3.4,1.0,1.0,0.0,4.0,0.5,0,0,0,0,0,0,0,0,0,0,0,0,0,0,0
LNR-0982,AI-301,3,3,1,0.3333,2,22.0,4.0,0,1,52.1,-26.6,0.0,1.0,0.0,4.0,0.44,1,0,0,0,0,0,0,0,0,1,1,1,1,1,5
LNR-0982,AI-301,4,3,0,0.0,2,13.7,1.0,0,1,55.5,3.4,0.0,0.0,0.0,1.0,-0.52,1,0,0,0,0,0,0,0,0,0,0,0,0,0,0
LNR-0982,AI-301,5,3,0,0.0,2,5.0,3.0,0,0,56.8,1.3,0.0,0.0,0.0,1.0,-0.62,1,0,0,0,0,0,0,0,0,0,0,0,0,0,0
LNR-0983,CS-101,1,3,2,0.6667,10,99.0,13.0,0,1,55.5,-10.2,0.0,1.0,0.0,3.0,-0.25,0,0,0,0,0,0,0,0,0,0,0,0,0,0,0
LNR-0983,CS-101,2,3,1,0.3333,5,108.4,12.0,1,1,69.9,-0.3,1.0,0.0,0.0,1.5,-0.41,1,0,0,0,0,0,0,1,1,0,0,0,0,0,2
LNR-0983,CS-101,3,2,1,0.5,3,68.6,11.0,1,0,39.4,4.3,2.0,0.0,0.0,1.5,-0.5,0,0,0,0,0,0,0,0,0,0,0,0,0,0,0
LNR-0983,CS-101,4,3,1,0.3333,2,103.0,11.0,0,2,32.5,-6.9,2.0,0.0,0.0,4.0,0.44,1,0,0,0,0,0,0,0,0,0,0,0,1,1,2
LNR-0983,CS-101,5,3,0,0.0,1,37.0,4.0,0,1,53.2,20.7,1.0,0.0,0.0,1.5,-0.24,1,0,0,0,0,0,0,0,0,0,0,0,0,0,0
LNR-0984,DATA-201,1,3,3,1.0,11,168.3,26.0,2,2,76.9,4.7,1.0,1.0,0.0,4.0,0.44,0,0,0,1,1,0,0,0,0,0,0,0,1,1,4
LNR-0984,DATA-201,2,3,3,1.0,14,261.4,36.0,2,2,61.0,-15.9,0.0,1.0,0.0,5.0,0.56,0,0,0,0,0,0,0,0,0,0,0,0,0,0,0
LNR-0984,DATA-201,3,2,2,1.0,13,178.1,36.0,2,1,76.7,15.7,0.0,1.0,1.0,5.0,0.62,0,1,0,0,0,0,0,0,0,0,0,0,0,0,1
LNR-0984,DATA-201,4,4,4,1.0,6,229.7,41.0,2,1,75.6,-1.1,0.0,0.0,0.0,5.0,0.41,0,0,0,0,0,0,0,0,0,0,0,0,0,0,0
LNR-0984,DATA-201,5,3,3,1.0,12,218.2,32.0,2,1,75.7,0.1,0.0,0.0,1.0,5.0,0.84,0,0,0,0,0,0,0,0,0,0,0,0,0,0,0
LNR-0985,AI-301,1,3,3,1.0,10,241.5,30.0,2,3,64.9,3.4,0.0,2.0,0.0,4.0,0.51,0,0,0,0,0,0,0,0,0,0,0,0,0,0,0
LNR-0985,AI-301,2,2,2,1.0,8,168.3,26.0,2,2,63.0,-1.9,0.0,1.0,0.0,4.5,0.77,0,0,0,1,1,0,0,0,0,0,0,0,0,0,2
LNR-0985,AI-301,3,3,3,1.0,11,251.3,25.0,2,2,67.2,4.2,0.0,2.0,1.0,4.0,0.51,0,0,0,0,0,0,0,0,0,0,0,0,0,0,0
LNR-0985,AI-301,4,2,2,1.0,8,143.5,35.0,1,1,65.3,-1.9,1.0,1.0,1.0,4.0,0.44,0,0,0,0,0,0,0,0,0,0,0,0,1,1,2
LNR-0985,AI-301,5,2,2,1.0,10,228.8,28.0,1,3,65.1,-0.2,0.0,1.0,0.0,5.0,0.72,0,0,0,0,0,0,0,0,0,1,1,1,0,0,3
LNR-0986,CS-101,1,3,1,0.3333,4,118.0,17.0,1,2,73.2,-7.5,0.0,1.0,0.0,2.0,-0.36,0,0,0,0,0,0,0,0,0,1,1,1,0,0,3
LNR-0986,CS-101,2,4,1,0.25,4,92.1,7.0,1,0,63.2,-10.0,0.0,0.0,0.0,2.0,-0.45,0,0,0,0,0,0,0,0,0,0,0,0,0,0,0
LNR-0986,CS-101,3,3,0,0.0,2,105.2,10.0,1,1,66.2,3.0,0.0,0.0,0.0,2.0,-0.43,1,0,0,0,0,0,0,0,0,0,0,0,0,0,0
LNR-0986,CS-101,4,3,1,0.3333,2,32.1,4.0,1,0,60.1,-6.1,2.0,0.0,0.0,2.0,-0.22,1,0,0,0,0,0,0,0,0,0,0,0,0,0,0
LNR-0986,CS-101,5,2,0,0.0,1,29.5,4.0,0,0,51.8,-8.3,0.0,0.0,0.0,4.0,0.44,1,0,0,0,0,0,0,0,0,0,0,0,1,1,2
LNR-0987,DATA-201,1,4,4,1.0,13,201.2,34.0,2,2,97.6,8.0,0.0,1.0,0.0,5.0,0.7,0,0,0,0,0,0,0,0,0,1,1,1,0,0,3
LNR-0987,DATA-201,2,3,3,1.0,10,253.4,33.0,2,3,92.5,-5.1,0.0,1.0,0.0,4.0,0.44,0,0,0,0,0,0,0,0,0,0,0,0,1,1,2
LNR-0987,DATA-201,3,4,4,1.0,11,168.3,26.0,2,1,69.9,-0.3,1.0,0.0,0.0,5.0,0.41,0,0,0,1,1,0,0,1,1,0,0,0,0,0,4
LNR-0987,DATA-201,4,4,4,1.0,7,193.4,35.0,2,3,92.1,-7.9,0.0,1.0,1.0,4.5,0.7,0,1,0,0,0,0,0,0,0,0,0,0,0,0,1
LNR-0987,DATA-201,5,2,2,1.0,14,231.1,39.0,1,1,92.2,0.1,0.0,0.0,0.0,5.0,0.46,0,0,0,0,0,0,0,0,0,0,0,0,0,0,0
LNR-0988,DATA-201,1,3,3,1.0,10,199.6,37.0,2,1,62.8,-5.3,0.0,1.0,0.0,4.0,0.78,0,0,0,0,0,0,0,0,0,1,1,1,0,0,3
LNR-0988,DATA-201,2,3,3,1.0,7,278.0,39.0,2,3,80.2,17.4,1.0,1.0,0.0,5.0,0.75,0,0,0,0,0,0,0,0,0,0,0,0,0,0,0
LNR-0988,DATA-201,3,3,3,1.0,10,240.5,36.0,2,1,66.9,-13.3,1.0,0.0,0.0,5.0,0.57,0,0,0,0,0,0,0,0,0,0,0,0,0,0,0
LNR-0988,DATA-201,4,4,4,1.0,13,218.4,36.0,2,1,72.0,5.1,0.0,1.0,2.0,4.0,0.5,0,0,0,0,0,0,0,0,0,0,0,0,0,0,0
LNR-0988,DATA-201,5,3,3,1.0,14,214.4,32.0,2,1,76.4,4.4,0.0,1.0,0.0,4.5,0.72,0,0,0,0,0,0,0,0,0,0,0,0,0,0,0
LNR-0989,DATA-201,1,3,3,1.0,13,229.9,37.0,2,1,67.0,-6.3,1.0,2.0,1.0,5.0,0.66,0,0,0,0,0,0,0,0,0,0,0,0,0,0,0
LNR-0989,DATA-201,2,3,3,1.0,11,245.4,29.0,2,2,76.2,9.2,3.0,2.0,1.0,5.0,0.43,0,0,0,0,0,0,0,0,0,0,0,0,0,0,0
LNR-0989,DATA-201,3,4,3,1.0,11,188.7,38.0,2,2,78.8,2.6,0.0,2.0,0.0,4.5,0.68,0,1,0,0,0,0,0,0,0,0,0,0,0,0,1
LNR-0989,DATA-201,4,3,3,1.0,14,288.2,30.0,2,2,81.1,2.3,1.0,3.0,1.0,4.5,0.54,0,0,0,0,0,0,0,0,0,0,0,0,0,0,0
LNR-0989,DATA-201,5,4,4,1.0,9,217.8,29.0,2,1,72.4,-8.7,1.0,0.0,2.0,4.0,0.45,0,0,0,0,0,0,0,0,0,0,0,0,0,0,0
LNR-0990,AI-301,1,2,1,0.5,7,98.8,19.0,1,1,53.2,-0.9,1.0,2.0,1.0,4.0,0.44,0,0,0,0,0,0,0,0,0,0,0,0,1,1,2
LNR-0990,AI-301,2,3,2,0.6667,10,138.5,22.0,1,1,60.0,6.8,0.0,1.0,0.0,4.0,0.44,0,0,0,0,0,0,0,0,0,1,1,1,1,1,5
LNR-0990,AI-301,3,3,2,0.6667,8,166.1,23.0,2,1,50.3,-9.7,1.0,1.0,0.0,4.0,0.2,0,0,0,0,0,0,0,0,0,0,0,0,0,0,0
LNR-0990,AI-301,4,3,2,0.6667,6,145.8,20.0,1,1,63.5,13.2,0.0,1.0,0.0,3.5,0.09,0,0,0,0,0,0,0,0,0,0,0,0,0,0,0
LNR-0990,AI-301,5,3,2,0.6667,10,102.1,15.0,0,1,66.5,3.0,0.0,0.0,2.0,4.0,0.05,0,0,0,0,0,0,0,0,0,0,0,0,0,0,0
LNR-0991,CS-101,1,2,2,1.0,9,226.3,33.0,2,1,92.9,14.3,2.0,0.0,1.0,4.0,0.67,0,0,0,0,0,0,0,0,0,0,0,0,0,0,0
LNR-0991,CS-101,2,3,3,1.0,9,227.0,27.0,2,1,78.3,-14.6,1.0,1.0,1.0,5.0,0.81,0,1,0,0,0,0,0,0,0,0,0,0,0,0,1
LNR-0991,CS-101,3,3,3,1.0,10,212.3,36.0,2,1,74.0,-4.3,0.0,2.0,0.0,5.0,0.45,0,0,0,0,0,0,0,0,0,0,0,0,0,0,0
LNR-0991,CS-101,4,4,4,1.0,15,168.3,26.0,1,3,88.3,14.3,0.0,2.0,0.0,4.5,0.77,0,0,0,1,1,0,0,0,0,0,0,0,0,0,2
LNR-0991,CS-101,5,3,3,1.0,7,233.6,34.0,2,1,84.8,-3.5,1.0,1.0,2.0,4.0,0.44,0,0,0,0,0,0,0,0,0,0,0,0,1,1,2
LNR-0992,AI-301,1,3,3,1.0,10,249.0,37.0,2,1,66.8,-6.1,0.0,1.0,0.0,4.5,0.57,0,0,0,0,0,0,0,0,0,0,0,0,0,0,0
LNR-0992,AI-301,2,2,2,1.0,12,154.8,33.0,2,1,76.3,9.5,1.0,1.0,0.0,4.5,0.51,0,0,0,0,0,0,0,0,0,0,0,0,0,0,0
LNR-0992,AI-301,3,3,3,1.0,4,178.9,38.0,1,2,73.8,-2.5,0.0,0.0,1.0,4.5,0.81,0,0,0,0,0,0,0,0,0,0,0,0,0,0,0
LNR-0992,AI-301,4,3,3,1.0,10,214.9,46.0,1,2,77.3,3.5,0.0,2.0,0.0,4.0,0.44,0,0,0,0,0,0,0,0,0,0,0,0,1,1,2
LNR-0992,AI-301,5,3,3,1.0,18,231.2,33.0,2,2,77.1,-0.2,3.0,1.0,0.0,4.0,0.71,0,0,0,0,0,0,0,0,0,0,0,0,0,0,0
LNR-0993,DATA-201,1,3,3,1.0,5,88.6,23.0,0,1,81.6,-0.1,0.0,0.0,0.0,3.0,0.09,1,0,0,0,0,0,0,0,0,0,0,0,0,0,0
LNR-0993,DATA-201,2,3,2,0.6667,5,158.3,30.0,1,1,85.0,3.4,0.0,1.0,0.0,4.0,0.36,0,0,0,0,0,0,0,0,0,1,1,1,0,0,3
LNR-0993,DATA-201,3,4,3,0.75,9,116.1,19.0,1,1,77.3,-7.7,0.0,1.0,1.0,4.0,0.44,0,0,0,0,0,0,0,0,0,0,0,0,1,1,2
LNR-0993,DATA-201,4,3,2,0.6667,8,185.4,15.0,1,2,79.1,1.8,1.0,1.0,0.0,3.0,0.33,0,0,0,0,0,0,0,0,0,0,0,0,0,0,0
LNR-0993,DATA-201,5,4,3,0.75,8,133.6,21.0,1,2,82.2,3.1,0.0,2.0,0.0,3.0,0.28,0,0,0,0,0,0,0,0,0,0,0,0,0,0,0
LNR-0994,CS-101,1,3,3,1.0,11,236.6,30.0,2,1,99.3,6.5,0.0,2.0,0.0,4.0,0.41,0,0,0,0,0,0,0,0,0,0,0,0,0,0,0
LNR-0994,CS-101,2,2,2,1.0,11,263.3,30.0,2,1,69.9,-0.3,3.0,0.0,0.0,4.0,0.44,0,0,0,0,0,0,0,1,1,0,0,0,1,1,4
LNR-0994,CS-101,3,4,4,1.0,6,153.0,29.0,1,1,94.0,0.5,1.0,0.0,0.0,5.0,0.75,0,0,0,0,0,0,0,0,0,0,0,0,0,0,0
LNR-0994,CS-101,4,3,3,1.0,11,235.4,35.0,2,1,91.9,-2.1,1.0,1.0,0.0,4.0,0.43,0,0,0,0,0,0,0,0,0,0,0,0,0,0,0
LNR-0994,CS-101,5,4,4,1.0,11,247.0,36.0,1,1,100.0,8.1,1.0,0.0,0.0,4.0,0.44,0,0,0,0,0,0,0,0,0,0,0,0,1,1,2
LNR-0995,CS-101,1,3,3,1.0,15,248.8,25.0,2,1,76.9,-7.3,1.0,1.0,1.0,5.0,0.64,0,0,0,0,0,0,0,0,0,0,0,0,0,0,0
LNR-0995,CS-101,2,3,3,1.0,10,203.6,31.0,2,2,92.1,15.2,2.0,0.0,1.0,5.0,0.82,0,0,0,0,0,0,0,0,0,0,0,0,0,0,0
LNR-0995,CS-101,3,4,4,1.0,16,164.3,30.0,2,1,84.5,-7.6,3.0,1.0,1.0,4.5,0.43,0,0,0,0,0,0,0,0,0,0,0,0,0,0,0
LNR-0995,CS-101,4,3,3,1.0,10,254.9,24.0,2,1,89.2,4.7,1.0,3.0,2.0,4.5,0.56,0,0,0,0,0,0,0,0,0,0,0,0,0,0,0
LNR-0995,CS-101,5,3,3,1.0,11,210.6,33.0,2,2,92.1,2.9,3.0,2.0,0.0,5.0,0.73,0,0,0,0,0,0,0,0,0,0,0,0,0,0,0
LNR-0996,CS-101,1,3,3,1.0,11,249.4,34.0,2,3,82.1,6.2,3.0,1.0,0.0,5.0,0.66,0,0,0,0,0,0,0,0,0,0,0,0,0,0,0
LNR-0996,CS-101,2,3,3,1.0,14,239.7,40.0,2,1,76.1,-6.0,2.0,3.0,0.0,4.5,0.55,0,0,0,0,0,0,0,0,0,0,0,0,0,0,0
LNR-0996,CS-101,3,3,3,1.0,9,242.9,31.0,2,2,72.3,-3.8,1.0,0.0,0.0,5.0,0.69,0,0,0,0,0,0,0,0,0,0,0,0,0,0,0
LNR-0996,CS-101,4,2,2,1.0,7,187.5,30.0,2,1,82.0,9.7,1.0,2.0,0.0,4.0,0.44,0,0,0,0,0,0,0,0,0,0,0,0,1,1,2
LNR-0996,CS-101,5,4,4,1.0,11,176.8,41.0,2,2,82.1,0.1,0.0,0.0,1.0,4.5,0.8,0,0,0,0,0,0,0,0,0,0,0,0,0,0,0
LNR-0997,CS-101,1,3,3,1.0,11,122.6,28.0,2,1,77.6,1.5,0.0,1.0,2.0,4.0,0.44,0,0,0,0,0,0,0,0,0,0,0,0,1,1,2
LNR-0997,CS-101,2,3,3,1.0,10,187.2,49.0,2,1,79.4,1.8,0.0,1.0,0.0,5.0,0.63,0,0,0,0,0,0,0,0,0,0,0,0,0,0,0
LNR-0997,CS-101,3,3,3,1.0,5,213.5,34.0,2,1,92.7,13.3,0.0,1.0,0.0,4.0,0.44,0,0,0,0,0,0,0,0,0,1,1,1,1,1,5
LNR-0997,CS-101,4,3,3,1.0,8,215.9,32.0,1,3,68.8,-23.9,0.0,1.0,0.0,4.0,0.44,0,0,0,0,0,0,0,0,0,0,0,0,1,1,2
LNR-0997,CS-101,5,3,3,1.0,14,220.5,35.0,2,3,72.3,3.5,1.0,1.0,1.0,4.0,0.44,0,0,0,0,0,0,0,0,0,0,0,0,1,1,2
LNR-0998,CS-101,1,4,3,0.75,13,176.3,36.0,1,2,69.9,-0.3,0.0,1.0,0.0,5.0,0.47,0,0,0,0,0,0,0,1,1,1,1,1,0,0,5
LNR-0998,CS-101,2,3,3,1.0,15,186.2,33.0,2,1,99.7,-0.3,1.0,2.0,0.0,4.5,0.76,0,0,0,0,0,0,0,0,0,0,0,0,0,0,0
LNR-0998,CS-101,3,3,3,1.0,10,210.7,25.0,2,2,100.0,0.3,0.0,1.0,0.0,4.5,0.59,0,0,0,0,0,0,0,0,0,0,0,0,0,0,0
LNR-0998,CS-101,4,4,4,1.0,11,245.9,32.0,2,2,97.5,-2.5,0.0,0.0,0.0,4.5,0.65,0,0,0,0,0,0,0,0,0,0,0,0,0,0,0
LNR-0998,CS-101,5,4,4,1.0,7,234.4,28.0,2,1,90.4,-7.1,0.0,1.0,0.0,5.0,0.6,0,0,0,0,0,0,0,0,0,0,0,0,0,0,0
LNR-0999,DATA-201,1,4,3,0.75,4,190.0,23.0,2,1,55.7,-6.1,0.0,1.0,0.0,3.0,0.5,0,0,0,0,0,0,0,0,0,1,1,1,0,0,3
LNR-0999,DATA-201,2,3,2,0.6667,11,173.2,17.0,1,1,60.4,4.7,1.0,2.0,0.0,3.0,0.16,0,0,0,0,0,0,0,0,0,0,0,0,0,0,0
LNR-0999,DATA-201,3,2,1,0.5,9,98.1,20.0,2,1,53.0,-7.4,0.0,4.0,1.0,4.0,0.39,0,0,0,0,0,0,0,0,0,0,0,0,0,0,0
LNR-0999,DATA-201,4,3,2,0.6667,6,140.9,32.0,1,1,65.6,12.6,0.0,0.0,0.0,3.0,0.48,0,0,0,0,0,0,0,0,0,0,0,0,0,0,0
LNR-0999,DATA-201,5,2,1,0.5,3,128.4,25.0,1,1,64.7,-0.9,0.0,1.0,0.0,3.5,0.39,0,0,0,0,0,0,0,0,0,0,0,0,0,0,0
LNR-1000,WEB-102,1,3,3,1.0,12,233.7,34.0,2,2,74.3,6.0,0.0,2.0,0.0,4.0,0.44,0,0,0,0,0,0,0,0,0,0,0,0,1,1,2
LNR-1000,WEB-102,2,4,4,1.0,13,185.6,31.0,1,1,73.1,-1.2,1.0,3.0,0.0,4.0,0.44,0,0,0,0,0,0,0,0,0,0,0,0,1,1,2
LNR-1000,WEB-102,3,2,2,1.0,12,215.2,40.0,1,2,59.0,-14.1,0.0,0.0,1.0,5.0,0.47,0,0,0,0,0,0,0,0,0,0,0,0,0,0,0
LNR-1000,WEB-102,4,3,3,1.0,12,148.0,34.0,2,1,72.3,13.3,1.0,1.0,0.0,4.0,0.44,0,0,0,0,0,0,0,0,0,0,0,0,1,1,2
LNR-1000,WEB-102,5,4,4,1.0,10,288.5,40.0,2,1,77.3,5.0,1.0,0.0,0.0,4.5,0.63,0,0,0,0,0,0,0,0,0,0,0,0,0,0,0
LNR-1001,WEB-102,1,4,4,1.0,8,231.9,36.0,2,2,90.2,4.7,2.0,1.0,0.0,4.5,0.71,0,0,0,0,0,0,0,0,0,0,0,0,0,0,0
LNR-1001,WEB-102,2,3,3,1.0,6,223.6,35.0,2,1,87.8,-2.4,0.0,1.0,1.0,4.0,0.85,0,0,0,0,0,0,0,0,0,0,0,0,0,0,0
LNR-1001,WEB-102,3,3,3,1.0,11,134.7,36.0,2,1,81.4,-6.4,0.0,1.0,0.0,4.0,0.44,0,0,0,0,0,0,0,0,0,0,0,0,1,1,2
LNR-1001,WEB-102,4,3,3,1.0,7,254.3,33.0,2,2,82.8,1.4,1.0,0.0,1.0,5.0,0.85,0,0,0,0,0,0,0,0,0,0,0,0,0,0,0
LNR-1001,WEB-102,5,3,3,1.0,11,236.4,34.0,2,2,86.6,3.8,1.0,2.0,1.0,4.5,0.44,0,0,0,0,0,0,0,0,0,0,0,0,0,0,0
LNR-1002,AI-301,1,3,2,0.6667,6,197.4,22.0,0,1,82.3,-3.9,2.0,0.0,0.0,3.5,0.27,0,0,0,0,0,0,0,0,0,0,0,0,0,0,0
LNR-1002,AI-301,2,2,1,0.5,2,156.4,26.0,1,2,90.6,8.3,1.0,1.0,0.0,3.0,0.4,0,0,0,0,0,0,0,0,0,0,0,0,0,0,0
LNR-1002,AI-301,3,4,3,0.75,5,164.3,15.0,1,1,96.7,6.1,0.0,1.0,0.0,3.0,0.35,0,0,0,0,0,0,0,0,0,1,1,1,0,0,3
LNR-1002,AI-301,4,3,2,1.0,5,80.2,26.0,1,1,69.9,-0.3,0.0,1.0,0.0,4.0,0.44,0,1,0,0,0,0,0,1,1,0,0,0,1,1,5
LNR-1002,AI-301,5,3,3,1.0,5,185.9,16.0,1,1,81.2,1.9,0.0,0.0,0.0,4.0,0.5,0,0,0,0,0,0,0,0,0,0,0,0,0,0,0
LNR-1003,CS-101,1,3,2,0.6667,8,174.5,18.0,1,1,79.6,7.0,0.0,1.0,0.0,4.0,0.33,0,0,0,0,0,0,0,0,0,1,1,1,0,0,3
LNR-1003,CS-101,2,3,2,0.6667,7,98.7,32.0,1,2,71.4,-8.2,0.0,0.0,2.0,4.0,0.44,0,0,0,0,0,0,0,0,0,0,0,0,1,1,2
LNR-1003,CS-101,3,4,3,0.75,7,110.5,23.0,1,1,77.6,6.2,2.0,0.0,0.0,3.0,0.12,0,0,0,0,0,0,0,0,0,0,0,0,0,0,0
LNR-1003,CS-101,4,3,2,0.6667,17,168.3,26.0,2,1,74.5,-3.1,2.0,3.0,0.0,3.5,0.04,0,0,0,1,1,0,0,0,0,0,0,0,0,0,2
LNR-1003,CS-101,5,3,2,0.6667,5,158.0,19.0,1,1,77.3,2.8,1.0,0.0,0.0,3.5,0.45,0,0,0,0,0,0,0,0,0,0,0,0,0,0,0
LNR-1004,DATA-201,1,3,2,0.6667,10,109.9,15.0,1,1,60.2,-3.3,0.0,0.0,0.0,3.5,0.4,0,0,0,0,0,0,0,0,0,0,0,0,0,0,0
LNR-1004,DATA-201,2,3,2,0.6667,6,157.5,27.0,1,2,69.9,-0.3,0.0,1.0,0.0,3.5,0.15,0,0,0,0,0,0,0,1,1,0,0,0,0,0,2
LNR-1004,DATA-201,3,3,2,0.6667,5,106.7,18.0,2,2,74.4,25.6,0.0,1.0,0.0,4.0,0.44,0,0,0,0,0,0,0,0,0,1,1,1,1,1,5
LNR-1004,DATA-201,4,2,2,1.0,7,80.1,20.0,2,1,58.8,-15.6,1.0,0.0,0.0,3.0,0.44,0,0,0,0,0,0,0,0,0,0,0,0,0,0,0
LNR-1004,DATA-201,5,3,3,1.0,6,173.3,21.0,1,2,40.7,-18.1,1.0,0.0,0.0,3.0,0.5,0,0,0,0,0,0,0,0,0,0,0,0,0,0,0
LNR-1005,CS-101,1,3,3,1.0,7,200.1,44.0,1,1,84.7,-3.6,0.0,1.0,0.0,4.0,0.85,0,0,0,0,0,0,0,0,0,0,0,0,0,0,0
LNR-1005,CS-101,2,4,4,1.0,8,195.9,41.0,2,1,100.0,15.3,0.0,0.0,1.0,4.0,0.64,0,0,0,0,0,0,0,0,0,0,0,0,0,0,0
LNR-1005,CS-101,3,3,3,1.0,7,221.7,35.0,2,1,69.9,-0.3,2.0,1.0,0.0,5.0,0.56,0,0,0,0,0,0,0,1,1,0,0,0,0,0,2
LNR-1005,CS-101,4,4,4,1.0,8,168.3,26.0,2,3,78.3,-8.7,2.0,2.0,0.0,4.0,0.44,0,0,0,1,1,0,0,0,0,0,0,0,1,1,4
LNR-1005,CS-101,5,3,3,1.0,9,217.6,30.0,2,1,87.6,9.3,1.0,1.0,0.0,4.5,0.85,0,0,0,0,0,0,0,0,0,0,0,0,0,0,0
LNR-1006,CS-101,1,2,1,0.5,4,152.7,17.0,1,1,67.9,-0.5,0.0,0.0,0.0,4.0,0.47,0,0,0,0,0,0,0,0,0,0,0,0,0,0,0
LNR-1006,CS-101,2,4,3,0.75,3,144.1,19.0,1,1,62.7,-5.2,1.0,2.0,1.0,4.0,0.16,0,0,0,0,0,0,0,0,0,0,0,0,0,0,0
LNR-1006,CS-101,3,3,2,0.6667,9,151.9,17.0,1,2,90.1,27.4,0.0,0.0,0.0,4.0,0.44,0,0,0,0,0,0,0,0,0,0,0,0,1,1,2
LNR-1006,CS-101,4,3,2,0.6667,11,86.5,26.0,2,1,73.9,-16.2,0.0,0.0,0.0,4.0,0.33,0,0,0,0,0,0,0,0,0,0,0,0,0,0,0
LNR-1006,CS-101,5,3,2,0.6667,3,147.6,29.0,0,1,61.6,-12.3,1.0,3.0,0.0,4.0,0.41,1,0,0,0,0,0,0,0,0,0,0,0,0,0,0
LNR-1007,CS-101,1,3,2,0.6667,6,155.8,31.0,0,1,69.9,-0.3,2.0,0.0,0.0,3.0,0.04,0,0,0,0,0,0,0,1,1,0,0,0,0,0,2
LNR-1007,CS-101,2,4,3,0.75,4,175.8,25.0,1,1,78.3,-2.2,0.0,1.0,0.0,3.5,0.41,0,0,0,0,0,0,0,0,0,1,1,1,0,0,3
LNR-1007,CS-101,3,4,3,0.75,9,159.7,21.0,0,1,65.3,-13.0,3.0,0.0,0.0,3.0,0.36,0,0,0,0,0,0,0,0,0,0,0,0,0,0,0
LNR-1007,CS-101,4,4,3,0.75,7,182.4,24.0,1,1,74.3,9.0,0.0,1.0,0.0,4.0,0.44,0,0,0,0,0,0,0,0,0,0,0,0,1,1,2
LNR-1007,CS-101,5,4,3,0.75,9,136.0,18.0,1,2,72.3,-2.0,0.0,1.0,0.0,3.5,0.19,0,0,0,0,0,0,0,0,0,0,0,0,0,0,0
LNR-1008,CS-101,1,2,2,1.0,9,102.2,22.0,1,1,92.2,2.2,2.0,0.0,0.0,3.0,0.06,0,0,0,0,0,0,0,0,0,0,0,0,0,0,0
LNR-1008,CS-101,2,2,2,1.0,13,74.5,29.0,1,1,93.4,1.2,0.0,0.0,0.0,3.0,0.45,0,0,0,0,0,0,0,0,0,0,0,0,0,0,0
LNR-1008,CS-101,3,3,2,0.6667,3,108.7,23.0,2,1,82.8,-10.6,1.0,0.0,0.0,3.5,0.03,0,0,0,0,0,0,0,0,0,0,0,0,0,0,0
LNR-1008,CS-101,4,3,2,0.6667,5,149.6,24.0,1,1,89.9,7.1,1.0,0.0,0.0,3.5,0.2,0,0,0,0,0,0,0,0,0,0,0,0,0,0,0
LNR-1008,CS-101,5,3,2,0.6667,4,195.9,11.0,2,1,100.0,10.1,0.0,1.0,1.0,4.0,0.43,0,0,0,0,0,0,0,0,0,0,0,0,0,0,0
LNR-1009,CS-101,1,4,4,1.0,11,181.0,24.0,2,3,79.8,8.5,1.0,3.0,0.0,4.5,0.64,0,0,0,0,0,0,0,0,0,0,0,0,0,0,0
LNR-1009,CS-101,2,3,3,1.0,12,186.9,29.0,2,2,69.9,-0.3,1.0,1.0,2.0,4.5,0.63,0,0,0,0,0,0,0,1,1,0,0,0,0,0,2
LNR-1009,CS-101,3,2,2,1.0,8,186.5,32.0,2,1,83.8,4.0,0.0,1.0,1.0,5.0,0.45,0,0,0,0,0,0,0,0,0,0,0,0,0,0,0
LNR-1009,CS-101,4,3,3,1.0,8,166.1,29.0,2,1,66.7,-17.1,0.0,0.0,1.0,5.0,0.44,0,1,0,0,0,0,0,0,0,0,0,0,0,0,1
LNR-1009,CS-101,5,2,2,1.0,16,222.8,31.0,2,1,75.2,8.5,0.0,2.0,0.0,4.0,0.81,0,0,0,0,0,0,0,0,0,0,0,0,0,0,0
LNR-1010,DATA-201,1,3,3,1.0,15,212.9,35.0,1,1,69.5,7.7,1.0,1.0,0.0,4.5,0.81,0,1,0,0,0,0,0,0,0,0,0,0,0,0,1
LNR-1010,DATA-201,2,3,3,1.0,10,183.0,47.0,2,3,53.2,-16.3,2.0,2.0,1.0,4.0,0.52,0,0,0,0,0,0,0,0,0,0,0,0,0,0,0
LNR-1010,DATA-201,3,3,3,1.0,12,197.7,30.0,2,1,64.0,10.8,1.0,2.0,0.0,5.0,0.88,0,0,0,0,0,0,0,0,0,0,0,0,0,0,0
LNR-1010,DATA-201,4,2,2,1.0,9,161.2,39.0,2,1,59.9,-4.1,0.0,1.0,1.0,4.0,0.44,0,0,0,0,0,0,0,0,0,0,0,0,1,1,2
LNR-1010,DATA-201,5,3,3,1.0,10,221.9,34.0,2,1,67.5,7.6,0.0,2.0,0.0,4.5,0.85,0,0,0,0,0,0,0,0,0,0,0,0,0,0,0
LNR-1011,WEB-102,1,3,1,0.3333,4,139.4,17.0,0,0,58.7,1.6,0.0,1.0,0.0,3.0,-0.54,1,0,0,0,0,0,0,0,0,1,1,1,0,0,3
LNR-1011,WEB-102,2,3,1,0.3333,5,151.3,9.0,1,0,48.8,-9.9,0.0,0.0,0.0,2.0,-0.42,1,0,0,0,0,0,0,0,0,0,0,0,0,0,0
LNR-1011,WEB-102,3,3,1,1.0,5,115.0,6.0,0,0,58.2,9.4,1.0,0.0,0.0,2.5,-0.05,1,1,0,0,0,0,0,0,0,0,0,0,0,0,1
LNR-1011,WEB-102,4,3,0,0.0,1,112.2,8.0,0,1,52.5,-5.7,0.0,0.0,0.0,2.5,-0.5,1,0,0,0,0,0,0,0,0,0,0,0,0,0,0
LNR-1011,WEB-102,5,3,0,1.0,2,168.3,26.0,0,0,31.8,-20.7,0.0,0.0,0.0,2.5,-0.29,1,1,0,1,1,0,0,0,0,0,0,0,0,0,3
LNR-1012,AI-301,1,4,4,1.0,10,184.5,41.0,2,1,64.5,12.8,1.0,3.0,0.0,4.5,0.85,0,0,0,0,0,0,0,0,0,0,0,0,0,0,0
LNR-1012,AI-301,2,3,3,1.0,10,177.9,40.0,2,1,58.7,-5.8,2.0,2.0,0.0,5.0,0.7,0,0,0,0,0,0,0,0,0,0,0,0,0,0,0
LNR-1012,AI-301,3,3,3,1.0,10,187.2,37.0,2,2,69.9,-0.3,2.0,1.0,0.0,4.0,0.44,0,0,0,0,0,0,0,1,1,0,0,0,1,1,4
LNR-1012,AI-301,4,3,3,1.0,10,202.1,30.0,1,1,69.9,-0.3,0.0,1.0,0.0,4.0,0.59,0,1,0,0,0,0,0,1,1,1,1,1,0,0,6
LNR-1012,AI-301,5,2,2,1.0,16,235.1,47.0,2,3,57.4,-1.7,1.0,1.0,1.0,5.0,0.85,0,0,0,0,0,0,0,0,0,0,0,0,0,0,0
LNR-1013,DATA-201,1,3,2,0.6667,11,176.4,20.0,1,2,61.0,0.4,2.0,1.0,0.0,3.0,0.46,0,0,0,0,0,0,0,0,0,0,0,0,0,0,0
LNR-1013,DATA-201,2,2,2,1.0,6,155.6,23.0,1,1,63.4,2.4,1.0,0.0,0.0,3.5,0.24,0,0,0,0,0,0,0,0,0,0,0,0,0,0,0
LNR-1013,DATA-201,3,2,1,0.5,7,168.3,26.0,2,1,59.1,-4.3,0.0,0.0,1.0,4.0,0.44,0,0,0,1,1,0,0,0,0,0,0,0,1,1,4
LNR-1013,DATA-201,4,3,2,0.6667,12,111.4,20.0,1,2,54.8,-4.3,0.0,0.0,1.0,4.0,0.44,0,0,0,0,0,0,0,0,0,0,0,0,1,1,2
LNR-1013,DATA-201,5,2,2,1.0,7,203.3,27.0,1,1,54.8,0.0,0.0,0.0,0.0,3.0,0.18,0,0,0,0,0,0,0,0,0,0,0,0,0,0,0
LNR-1014,AI-301,1,3,1,0.3333,7,168.3,26.0,1,1,72.0,-4.8,0.0,1.0,0.0,2.5,-0.14,0,0,0,1,1,0,0,0,0,0,0,0,0,0,2
LNR-1014,AI-301,2,2,1,0.5,6,108.1,9.0,1,2,73.7,1.7,0.0,0.0,0.0,1.5,-0.47,1,0,0,0,0,0,0,0,0,0,0,0,0,0,0
LNR-1014,AI-301,3,2,0,0.0,2,17.0,8.0,1,2,69.9,-0.3,0.0,0.0,0.0,2.5,-0.24,1,0,0,0,0,0,0,1,1,0,0,0,0,0,2
LNR-1014,AI-301,4,4,1,0.25,5,92.6,6.0,0,1,56.5,-20.6,0.0,1.0,0.0,2.5,0.02,1,0,0,0,0,0,0,0,0,0,0,0,0,0,0
LNR-1014,AI-301,5,4,0,0.0,1,66.2,1.0,0,0,46.5,-10.0,0.0,0.0,0.0,3.0,0.09,1,0,0,0,0,0,0,0,0,0,0,0,0,0,0
LNR-1015,DATA-201,1,4,4,1.0,10,168.3,26.0,1,1,65.4,8.0,0.0,2.0,0.0,4.5,0.73,0,0,0,1,1,0,0,0,0,0,0,0,0,0,2
LNR-1015,DATA-201,2,3,3,1.0,11,211.4,31.0,2,1,65.3,-0.1,2.0,0.0,1.0,4.0,0.44,0,0,0,0,0,0,0,0,0,0,0,0,1,1,2
LNR-1015,DATA-201,3,4,4,1.0,11,161.6,34.0,1,1,56.6,-8.7,1.0,1.0,2.0,5.0,0.48,0,0,0,0,0,0,0,0,0,0,0,0,0,0,0
LNR-1015,DATA-201,4,3,3,1.0,7,172.8,29.0,2,2,64.1,7.5,0.0,1.0,1.0,4.0,0.55,0,0,0,0,0,0,0,0,0,0,0,0,0,0,0
LNR-1015,DATA-201,5,3,3,1.0,8,226.7,23.0,2,1,74.1,10.0,1.0,1.0,1.0,5.0,0.8,0,0,0,0,0,0,0,0,0,0,0,0,0,0,0
LNR-1016,CS-101,1,4,3,0.75,4,120.1,25.0,1,1,63.6,-0.3,1.0,2.0,0.0,3.5,0.04,0,0,0,0,0,0,0,0,0,0,0,0,0,0,0
LNR-1016,CS-101,2,3,2,0.6667,4,90.2,26.0,1,1,61.6,-2.0,0.0,0.0,0.0,4.0,0.31,0,0,0,0,0,0,0,0,0,0,0,0,0,0,0
LNR-1016,CS-101,3,2,2,1.0,3,135.4,16.0,1,2,68.2,6.6,0.0,1.0,0.0,4.0,0.44,0,1,0,0,0,0,0,0,0,0,0,0,1,1,3
LNR-1016,CS-101,4,4,3,0.75,8,201.5,28.0,1,2,56.3,-11.9,0.0,3.0,0.0,4.0,0.44,0,0,0,0,0,0,0,0,0,0,0,0,1,1,2
LNR-1016,CS-101,5,2,1,0.5,7,103.6,21.0,1,1,64.5,8.2,0.0,1.0,0.0,3.5,0.09,0,0,0,0,0,0,0,0,0,1,1,1,0,0,3
LNR-1017,DATA-201,1,2,2,1.0,7,147.7,34.0,2,2,50.2,2.6,0.0,3.0,0.0,4.5,0.45,0,0,0,0,0,0,0,0,0,0,0,0,0,0,0
LNR-1017,DATA-201,2,3,3,1.0,16,280.5,30.0,2,2,44.9,-5.3,2.0,1.0,0.0,5.0,0.76,0,0,0,0,0,0,0,0,0,0,0,0,0,0,0
LNR-1017,DATA-201,3,2,2,1.0,10,201.8,25.0,2,1,50.8,5.9,3.0,0.0,1.0,4.0,0.75,0,1,0,0,0,0,0,0,0,0,0,0,0,0,1
LNR-1017,DATA-201,4,3,3,1.0,9,249.3,35.0,1,2,49.8,-1.0,0.0,2.0,0.0,5.0,0.68,0,0,0,0,0,0,0,0,0,0,0,0,0,0,0
LNR-1017,DATA-201,5,3,3,1.0,8,168.3,26.0,2,1,50.2,0.4,3.0,0.0,0.0,4.5,0.6,0,0,0,1,1,0,0,0,0,0,0,0,0,0,2
LNR-1018,CS-101,1,3,3,1.0,10,268.9,24.0,2,1,72.7,8.1,1.0,0.0,0.0,5.0,0.59,0,0,0,0,0,0,0,0,0,0,0,0,0,0,0
LNR-1018,CS-101,2,3,3,1.0,18,150.7,32.0,2,2,69.9,-0.3,2.0,2.0,1.0,4.0,0.44,0,0,0,0,0,0,0,1,1,0,0,0,1,1,4
LNR-1018,CS-101,3,3,3,1.0,8,229.5,34.0,2,1,69.9,-0.3,1.0,1.0,0.0,5.0,0.75,0,0,0,0,0,0,0,1,1,0,0,0,0,0,2
LNR-1018,CS-101,4,4,4,1.0,12,208.6,39.0,2,2,68.2,9.8,0.0,1.0,0.0,4.0,0.86,0,0,0,0,0,0,0,0,0,0,0,0,0,0,0
LNR-1018,CS-101,5,3,3,1.0,12,168.3,26.0,2,2,70.0,1.8,0.0,1.0,0.0,4.0,0.88,0,0,0,1,1,0,0,0,0,1,1,1,0,0,5
LNR-1019,CS-101,1,4,3,0.75,9,151.4,13.0,1,1,52.0,-6.0,0.0,1.0,0.0,3.0,0.27,0,0,0,0,0,0,0,0,0,0,0,0,0,0,0
LNR-1019,CS-101,2,3,2,0.6667,6,127.0,22.0,1,1,46.5,-5.5,0.0,1.0,0.0,3.0,0.05,1,0,0,0,0,0,0,0,0,0,0,0,0,0,0
LNR-1019,CS-101,3,2,2,1.0,3,114.4,18.0,1,1,67.5,21.0,2.0,0.0,0.0,3.5,0.16,0,0,0,0,0,0,0,0,0,0,0,0,0,0,0
LNR-1019,CS-101,4,2,1,0.5,3,155.8,22.0,2,1,46.4,-21.1,0.0,0.0,0.0,4.0,0.25,0,0,0,0,0,0,0,0,0,0,0,0,0,0,0
LNR-1019,CS-101,5,3,3,1.0,7,168.3,26.0,1,1,69.9,-0.3,1.0,1.0,1.0,4.0,0.12,0,0,0,1,1,0,0,1,1,0,0,0,0,0,4
LNR-1020,AI-301,1,2,1,0.5,5,121.8,22.0,1,0,58.9,-11.9,0.0,0.0,0.0,2.5,-0.57,0,0,0,0,0,0,0,0,0,0,0,0,0,0,0
LNR-1020,AI-301,2,3,1,0.3333,8,74.6,15.0,1,0,62.6,3.7,0.0,0.0,0.0,2.5,-0.5,1,0,0,0,0,0,0,0,0,0,0,0,0,0,0
LNR-1020,AI-301,3,3,1,1.0,3,128.6,6.0,0,0,48.7,-13.9,0.0,1.0,0.0,1.5,0.04,1,1,0,0,0,0,0,0,0,1,1,1,0,0,4
LNR-1020,AI-301,4,2,0,0.0,3,31.5,8.0,0,0,39.1,-9.6,0.0,0.0,0.0,2.0,-0.4,1,0,0,0,0,0,0,0,0,0,0,0,0,0,0
LNR-1020,AI-301,5,2,0,0.0,1,27.6,6.0,0,0,41.8,2.7,1.0,1.0,0.0,2.5,-0.33,1,0,0,0,0,0,0,0,0,0,0,0,0,0,0
LNR-1021,CS-101,1,3,2,0.6667,5,128.8,26.0,1,1,76.4,-3.6,0.0,0.0,0.0,4.0,0.26,0,0,0,0,0,0,0,0,0,0,0,0,0,0,0
LNR-1021,CS-101,2,3,2,0.6667,11,169.8,20.0,1,1,72.5,-3.9,0.0,1.0,0.0,3.0,0.07,0,0,0,0,0,0,0,0,0,1,1,1,0,0,3
LNR-1021,CS-101,3,3,2,0.6667,4,165.3,20.0,1,2,81.2,8.7,0.0,0.0,0.0,3.0,0.03,0,0,0,0,0,0,0,0,0,0,0,0,0,0,0
LNR-1021,CS-101,4,3,2,0.6667,3,146.2,22.0,1,1,89.7,8.5,0.0,1.0,0.0,4.0,0.44,0,0,0,0,0,0,0,0,0,0,0,0,1,1,2
LNR-1021,CS-101,5,3,2,0.6667,7,81.9,20.0,1,2,69.9,-0.3,0.0,1.0,0.0,3.0,0.19,0,0,0,0,0,0,0,1,1,0,0,0,0,0,2
LNR-1022,CS-101,1,3,3,1.0,12,220.6,33.0,2,1,100.0,2.0,0.0,1.0,1.0,5.0,0.76,0,0,0,0,0,0,0,0,0,0,0,0,0,0,0
LNR-1022,CS-101,2,4,4,1.0,12,227.1,25.0,2,1,97.0,-3.0,0.0,1.0,0.0,5.0,0.67,0,0,0,0,0,0,0,0,0,0,0,0,0,0,0
LNR-1022,CS-101,3,3,3,1.0,12,213.4,33.0,2,1,100.0,3.0,1.0,0.0,0.0,4.5,0.84,0,0,0,0,0,0,0,0,0,0,0,0,0,0,0
LNR-1022,CS-101,4,3,3,1.0,12,211.6,35.0,2,1,100.0,0.0,1.0,1.0,0.0,5.0,0.87,0,0,0,0,0,0,0,0,0,0,0,0,0,0,0
LNR-1022,CS-101,5,2,2,1.0,13,166.4,38.0,2,2,95.2,-4.8,1.0,1.0,1.0,4.0,0.44,0,0,0,0,0,0,0,0,0,0,0,0,1,1,2
LNR-1023,CS-101,1,3,2,0.6667,5,129.4,33.0,2,1,67.1,0.9,0.0,1.0,0.0,3.5,0.34,0,0,0,0,0,0,0,0,0,1,1,1,0,0,3
LNR-1023,CS-101,2,3,2,0.6667,7,177.3,22.0,1,1,57.9,-9.2,1.0,1.0,0.0,4.0,0.44,0,0,0,0,0,0,0,0,0,0,0,0,1,1,2
LNR-1023,CS-101,3,4,3,0.75,12,168.1,20.0,1,1,69.9,-0.3,1.0,1.0,0.0,4.0,0.44,0,0,0,0,0,0,0,1,1,0,0,0,1,1,4
LNR-1023,CS-101,4,3,2,0.6667,5,138.0,15.0,1,1,68.1,8.1,3.0,1.0,0.0,4.0,0.33,0,0,0,0,0,0,0,0,0,0,0,0,0,0,0
LNR-1023,CS-101,5,2,2,1.0,7,126.5,25.0,0,1,72.2,4.1,2.0,2.0,0.0,4.0,0.44,0,0,0,0,0,0,0,0,0,0,0,0,1,1,2
LNR-1024,AI-301,1,2,2,1.0,9,169.0,37.0,1,1,82.2,1.4,1.0,2.0,1.0,4.0,0.64,0,0,0,0,0,0,0,0,0,0,0,0,0,0,0
LNR-1024,AI-301,2,3,3,1.0,7,196.6,33.0,2,2,72.2,-10.0,1.0,0.0,0.0,4.0,0.62,0,0,0,0,0,0,0,0,0,0,0,0,0,0,0
LNR-1024,AI-301,3,3,3,1.0,9,163.9,38.0,1,3,81.0,8.8,1.0,1.0,2.0,4.0,0.44,0,1,0,0,0,0,0,0,0,0,0,0,1,1,3
LNR-1024,AI-301,4,2,2,1.0,9,222.4,35.0,2,2,91.4,10.4,1.0,2.0,0.0,4.5,0.42,0,0,0,0,0,0,0,0,0,0,0,0,0,0,0
LNR-1024,AI-301,5,2,2,1.0,8,196.7,34.0,1,2,79.0,-12.4,0.0,1.0,0.0,4.0,0.41,0,0,0,0,0,0,0,0,0,0,0,0,0,0,0
LNR-1025,WEB-102,1,2,2,1.0,7,123.8,21.0,2,1,70.9,-4.6,0.0,0.0,0.0,3.5,0.41,0,0,0,0,0,0,0,0,0,0,0,0,0,0,0
LNR-1025,WEB-102,2,2,2,1.0,3,157.2,21.0,1,2,69.0,-1.9,0.0,1.0,0.0,4.0,0.48,0,0,0,0,0,0,0,0,0,0,0,0,0,0,0
LNR-1025,WEB-102,3,4,3,0.75,3,196.5,19.0,1,1,72.9,3.9,0.0,0.0,2.0,3.5,0.08,0,0,0,0,0,0,0,0,0,0,0,0,0,0,0
LNR-1025,WEB-102,4,3,2,0.6667,3,147.1,17.0,2,1,69.9,-0.3,0.0,2.0,0.0,4.0,0.0,0,0,0,0,0,0,0,1,1,0,0,0,0,0,2
LNR-1025,WEB-102,5,3,2,0.6667,6,151.0,29.0,1,1,78.1,4.4,0.0,1.0,0.0,3.5,0.29,0,0,0,0,0,0,0,0,0,0,0,0,0,0,0
LNR-1026,DATA-201,1,3,2,0.6667,5,139.3,14.0,2,1,89.6,3.0,2.0,1.0,0.0,4.0,0.44,0,0,0,0,0,0,0,0,0,0,0,0,1,1,2
LNR-1026,DATA-201,2,3,2,0.6667,10,230.6,17.0,0,1,69.9,-0.3,1.0,0.0,0.0,4.0,0.44,0,0,0,0,0,0,0,1,1,0,0,0,1,1,4
LNR-1026,DATA-201,3,2,1,0.5,8,241.8,21.0,2,2,90.6,9.8,0.0,1.0,0.0,3.0,0.13,0,0,0,0,0,0,0,0,0,0,0,0,0,0,0
LNR-1026,DATA-201,4,2,2,1.0,5,111.8,21.0,1,1,100.0,9.4,0.0,0.0,0.0,3.0,0.21,0,0,0,0,0,0,0,0,0,0,0,0,0,0,0
LNR-1026,DATA-201,5,3,2,0.6667,7,102.8,23.0,2,1,85.0,-15.0,2.0,1.0,0.0,4.0,0.44,0,0,0,0,0,0,0,0,0,0,0,0,1,1,2
LNR-1027,CS-101,1,3,3,1.0,12,183.5,29.0,2,1,76.5,4.7,1.0,2.0,2.0,4.0,0.77,0,0,0,0,0,0,0,0,0,0,0,0,0,0,0
LNR-1027,CS-101,2,3,3,1.0,11,169.5,36.0,2,1,80.6,4.1,2.0,1.0,0.0,4.5,0.61,0,0,0,0,0,0,0,0,0,0,0,0,0,0,0
LNR-1027,CS-101,3,2,2,1.0,14,205.3,39.0,1,2,76.6,-4.0,0.0,1.0,0.0,5.0,0.67,0,0,0,0,0,0,0,0,0,1,1,1,0,0,3
LNR-1027,CS-101,4,3,3,1.0,11,180.3,32.0,2,1,74.5,-2.1,0.0,1.0,0.0,4.0,0.58,0,0,0,0,0,0,0,0,0,1,1,1,0,0,3
LNR-1027,CS-101,5,4,4,1.0,10,169.8,33.0,2,1,80.6,6.1,0.0,0.0,0.0,4.0,0.44,0,0,0,0,0,0,0,0,0,0,0,0,1,1,2
LNR-1028,CS-101,1,3,2,0.6667,8,90.8,25.0,0,1,96.0,5.2,0.0,1.0,0.0,3.5,0.31,1,0,0,0,0,0,0,0,0,0,0,0,0,0,0
LNR-1028,CS-101,2,3,3,1.0,6,154.5,30.0,1,1,96.8,0.8,0.0,2.0,0.0,4.0,0.38,0,0,0,0,0,0,0,0,0,0,0,0,0,0,0
LNR-1028,CS-101,3,2,2,1.0,3,83.6,21.0,2,2,86.0,-10.8,0.0,0.0,0.0,3.0,0.11,0,0,0,0,0,0,0,0,0,0,0,0,0,0,0
LNR-1028,CS-101,4,3,2,0.6667,8,122.2,28.0,1,1,85.5,-0.5,0.0,0.0,0.0,4.0,0.49,0,0,0,0,0,0,0,0,0,0,0,0,0,0,0
LNR-1028,CS-101,5,3,2,0.6667,5,168.3,26.0,1,1,84.3,-1.2,1.0,1.0,0.0,4.0,0.39,0,0,0,1,1,0,0,0,0,0,0,0,0,0,2
LNR-1029,CS-101,1,3,2,0.6667,2,141.1,15.0,1,2,50.8,-11.2,0.0,0.0,0.0,1.5,-0.24,0,0,0,0,0,0,0,0,0,0,0,0,0,0,0
LNR-1029,CS-101,2,2,1,0.5,4,168.3,26.0,1,0,31.1,-19.7,0.0,1.0,0.0,2.5,-0.22,1,0,0,1,1,0,0,0,0,1,1,1,0,0,5
LNR-1029,CS-101,3,2,0,0.0,2,66.7,10.0,0,0,55.1,24.0,0.0,0.0,0.0,3.0,-0.16,1,0,0,0,0,0,0,0,0,0,0,0,0,0,0
LNR-1029,CS-101,4,3,1,0.3333,1,40.6,9.0,0,0,39.7,-15.4,0.0,0.0,1.0,4.0,0.44,1,0,0,0,0,0,0,0,0,0,0,0,1,1,2
LNR-1029,CS-101,5,3,0,0.0,4,81.4,4.0,0,0,35.2,-4.5,0.0,0.0,0.0,1.5,-0.12,1,0,0,0,0,0,0,0,0,0,0,0,0,0,0
LNR-1030,DATA-201,1,3,3,1.0,15,198.3,28.0,2,2,85.6,0.9,1.0,0.0,2.0,4.5,0.58,0,0,0,0,0,0,0,0,0,0,0,0,0,0,0
LNR-1030,DATA-201,2,3,3,1.0,14,193.6,37.0,2,2,86.3,0.7,0.0,1.0,0.0,4.0,0.44,0,0,0,0,0,0,0,0,0,0,0,0,1,1,2
LNR-1030,DATA-201,3,3,3,1.0,9,212.4,37.0,2,2,87.5,1.2,1.0,1.0,1.0,4.5,0.45,0,0,0,0,0,0,0,0,0,0,0,0,0,0,0
LNR-1030,DATA-201,4,3,3,1.0,8,222.0,42.0,2,2,69.9,-0.3,1.0,4.0,0.0,4.0,0.44,0,0,0,0,0,0,0,1,1,0,0,0,1,1,4
LNR-1030,DATA-201,5,2,2,1.0,10,196.1,29.0,2,3,90.5,8.2,0.0,1.0,0.0,4.5,0.56,0,0,0,0,0,0,0,0,0,0,0,0,0,0,0
LNR-1031,WEB-102,1,4,3,0.75,9,156.4,16.0,1,2,72.3,5.4,0.0,0.0,1.0,4.0,0.31,0,0,0,0,0,0,0,0,0,0,0,0,0,0,0
LNR-1031,WEB-102,2,2,1,0.5,3,110.1,25.0,2,2,68.5,-3.8,0.0,0.0,0.0,4.0,0.44,0,0,0,0,0,0,0,0,0,0,0,0,1,1,2
LNR-1031,WEB-102,3,4,3,0.75,5,132.7,22.0,1,1,67.0,-1.5,0.0,0.0,0.0,4.0,0.16,0,0,0,0,0,0,0,0,0,0,0,0,0,0,0
LNR-1031,WEB-102,4,4,3,0.75,10,142.1,21.0,0,2,49.2,-17.8,0.0,2.0,0.0,4.0,0.44,0,0,0,0,0,0,0,0,0,0,0,0,1,1,2
LNR-1031,WEB-102,5,3,3,1.0,6,168.3,26.0,1,1,58.1,8.9,0.0,1.0,0.0,3.5,0.4,0,0,0,1,1,0,0,0,0,0,0,0,0,0,2
LNR-1032,DATA-201,1,3,2,0.6667,6,93.6,19.0,1,1,78.3,-3.6,0.0,0.0,0.0,3.0,0.44,0,0,0,0,0,0,0,0,0,0,0,0,0,0,0
LNR-1032,DATA-201,2,4,3,0.75,11,154.4,19.0,1,2,75.5,-2.8,0.0,1.0,0.0,3.5,0.24,0,0,0,0,0,0,0,0,0,0,0,0,0,0,0
LNR-1032,DATA-201,3,4,3,0.75,9,188.4,17.0,1,1,77.9,2.4,0.0,1.0,0.0,3.0,0.38,0,0,0,0,0,0,0,0,0,0,0,0,0,0,0
LNR-1032,DATA-201,4,2,2,1.0,11,177.1,23.0,1,1,90.6,12.7,0.0,0.0,0.0,3.5,0.1,0,0,0,0,0,0,0,0,0,0,0,0,0,0,0
LNR-1032,DATA-201,5,4,3,0.75,5,162.2,19.0,2,1,76.3,-14.3,0.0,0.0,0.0,4.0,0.09,0,0,0,0,0,0,0,0,0,0,0,0,0,0,0
LNR-1033,DATA-201,1,4,4,1.0,7,217.6,35.0,1,1,69.9,-0.3,1.0,2.0,2.0,4.5,0.69,0,0,0,0,0,0,0,1,1,0,0,0,0,0,2
LNR-1033,DATA-201,2,3,3,1.0,8,243.4,31.0,2,1,82.4,0.1,1.0,0.0,1.0,4.0,0.83,0,0,0,0,0,0,0,0,0,0,0,0,0,0,0
LNR-1033,DATA-201,3,3,3,1.0,8,252.8,34.0,2,1,76.8,-5.6,1.0,1.0,1.0,4.0,0.44,0,0,0,0,0,0,0,0,0,0,0,0,1,1,2
LNR-1033,DATA-201,4,3,3,1.0,19,168.3,26.0,1,1,73.1,-3.7,0.0,0.0,0.0,4.5,0.45,0,0,0,1,1,0,0,0,0,0,0,0,0,0,2
LNR-1033,DATA-201,5,4,4,1.0,12,171.7,37.0,2,2,84.8,11.7,1.0,2.0,2.0,5.0,0.56,0,0,0,0,0,0,0,0,0,0,0,0,0,0,0
LNR-1034,DATA-201,1,2,1,0.5,2,147.8,15.0,0,1,69.9,-0.3,0.0,0.0,0.0,3.0,0.05,0,0,0,0,0,0,0,1,1,0,0,0,0,0,2
LNR-1034,DATA-201,2,3,1,0.3333,4,135.9,12.0,1,0,79.6,1.2,2.0,0.0,0.0,1.5,-0.23,1,0,0,0,0,0,0,0,0,0,0,0,0,0,0
LNR-1034,DATA-201,3,3,1,0.3333,4,123.4,4.0,0,1,64.0,-15.6,0.0,1.0,0.0,2.0,-0.2,1,0,0,0,0,0,0,0,0,1,1,1,0,0,3
LNR-1034,DATA-201,4,2,0,0.0,1,55.3,5.0,0,3,70.4,6.4,0.0,0.0,0.0,1.5,0.05,1,0,0,0,0,0,0,0,0,0,0,0,0,0,0
LNR-1034,DATA-201,5,3,0,0.0,0,71.8,1.0,0,1,53.3,-17.1,0.0,0.0,0.0,4.0,0.44,1,0,0,0,0,0,0,0,0,0,0,0,1,1,2
LNR-1035,CS-101,1,4,3,0.75,4,179.1,30.0,1,1,83.0,9.3,1.0,1.0,0.0,4.0,0.5,0,0,0,0,0,0,0,0,0,0,0,0,0,0,0
LNR-1035,CS-101,2,3,2,1.0,6,125.3,22.0,1,1,84.9,1.9,1.0,1.0,0.0,4.0,0.5,0,1,0,0,0,0,0,0,0,0,0,0,0,0,1
LNR-1035,CS-101,3,4,1,0.25,1,68.2,2.0,0,0,69.9,-0.3,0.0,0.0,0.0,4.0,0.44,1,0,0,0,0,0,0,1,1,0,0,0,1,1,4
LNR-1035,CS-101,4,4,1,0.25,1,38.2,2.0,0,0,45.6,-24.8,0.0,0.0,0.0,2.0,-0.54,1,0,0,0,0,0,0,0,0,0,0,0,0,0,0
LNR-1035,CS-101,5,2,0,0.0,1,34.5,5.0,0,0,54.8,9.2,0.0,0.0,0.0,1.0,-0.41,1,0,0,0,0,0,0,0,0,0,0,0,0,0,0
LNR-1036,AI-301,1,3,3,1.0,7,211.0,33.0,2,2,76.9,9.4,1.0,1.0,0.0,4.0,0.44,0,1,0,0,0,0,0,0,0,0,0,0,1,1,3
LNR-1036,AI-301,2,2,2,1.0,13,253.6,38.0,1,2,70.0,-6.9,2.0,1.0,1.0,4.5,0.77,0,0,0,0,0,0,0,0,0,0,0,0,0,0,0
LNR-1036,AI-301,3,2,2,1.0,8,273.8,38.0,2,1,69.0,-1.0,0.0,2.0,2.0,4.0,0.44,0,0,0,0,0,0,0,0,0,0,0,0,1,1,2
LNR-1036,AI-301,4,3,3,1.0,9,185.1,39.0,2,1,74.9,5.9,2.0,0.0,1.0,5.0,0.86,0,0,0,0,0,0,0,0,0,0,0,0,0,0,0
LNR-1036,AI-301,5,4,4,1.0,12,172.9,37.0,2,1,58.1,-16.8,0.0,3.0,0.0,4.0,0.44,0,0,0,0,0,0,0,0,0,0,0,0,1,1,2
LNR-1037,CS-101,1,3,3,1.0,12,161.0,31.0,2,2,75.0,-2.4,2.0,1.0,0.0,4.0,0.56,0,0,0,0,0,0,0,0,0,0,0,0,0,0,0
LNR-1037,CS-101,2,3,3,1.0,4,193.6,32.0,2,3,80.6,5.6,1.0,2.0,1.0,4.0,0.44,0,0,0,0,0,0,0,0,0,0,0,0,1,1,2
LNR-1037,CS-101,3,2,2,1.0,5,186.3,39.0,2,1,80.8,0.2,0.0,1.0,0.0,4.0,0.72,0,0,0,0,0,0,0,0,0,1,1,1,0,0,3
LNR-1037,CS-101,4,2,2,1.0,9,250.8,35.0,2,3,82.8,2.0,2.0,1.0,2.0,4.5,0.52,0,0,0,0,0,0,0,0,0,0,0,0,0,0,0
LNR-1037,CS-101,5,3,3,1.0,17,239.2,32.0,2,3,83.7,0.9,0.0,1.0,0.0,4.5,0.49,0,0,0,0,0,0,0,0,0,0,0,0,0,0,0
LNR-1038,CS-101,1,3,3,1.0,13,170.8,40.0,2,2,92.8,-2.4,0.0,1.0,0.0,4.5,0.82,0,0,0,0,0,0,0,0,0,1,1,1,0,0,3
LNR-1038,CS-101,2,3,3,1.0,11,236.3,34.0,2,1,92.1,-0.7,2.0,1.0,0.0,4.0,0.44,0,0,0,0,0,0,0,0,0,0,0,0,0,0,0
LNR-1038,CS-101,3,3,3,1.0,13,192.7,30.0,2,1,97.9,5.8,2.0,2.0,0.0,4.5,0.6,0,0,0,0,0,0,0,0,0,0,0,0,0,0,0
LNR-1038,CS-101,4,4,4,1.0,9,238.5,41.0,2,1,95.6,-2.3,1.0,0.0,1.0,4.0,0.44,0,0,0,0,0,0,0,0,0,0,0,0,1,1,2
LNR-1038,CS-101,5,3,3,1.0,12,252.0,29.0,2,1,95.2,-0.4,2.0,5.0,0.0,5.0,0.49,0,0,0,0,0,0,0,0,0,0,0,0,0,0,0
LNR-1039,AI-301,1,3,3,1.0,14,249.6,34.0,2,2,56.9,-6.5,1.0,2.0,2.0,5.0,0.54,0,0,0,0,0,0,0,0,0,0,0,0,0,0,0
LNR-1039,AI-301,2,3,3,1.0,15,279.8,28.0,2,1,70.3,13.4,0.0,0.0,0.0,4.5,0.45,0,0,0,0,0,0,0,0,0,0,0,0,0,0,0
LNR-1039,AI-301,3,3,3,1.0,12,203.6,25.0,2,3,77.4,7.1,0.0,0.0,1.0,4.0,0.44,0,0,0,0,0,0,0,0,0,0,0,0,1,1,2
LNR-1039,AI-301,4,3,3,1.0,14,168.3,26.0,1,2,71.3,-6.1,3.0,3.0,0.0,4.0,0.41,0,0,0,1,1,0,0,0,0,0,0,0,0,0,2
LNR-1039,AI-301,5,3,3,1.0,15,260.2,33.0,2,1,68.4,-2.9,0.0,2.0,0.0,4.0,0.44,0,0,0,0,0,0,0,0,0,0,0,0,1,1,2
LNR-1040,AI-301,1,3,3,1.0,9,166.2,33.0,2,1,55.7,-2.1,0.0,0.0,0.0,5.0,0.52,0,0,0,0,0,0,0,0,0,0,0,0,0,0,0
LNR-1040,AI-301,2,3,3,1.0,8,114.4,48.0,2,1,66.4,10.7,1.0,1.0,0.0,5.0,0.79,0,0,0,0,0,0,0,0,0,0,0,0,0,0,0
LNR-1040,AI-301,3,2,2,1.0,9,156.1,40.0,2,1,62.6,-3.8,0.0,1.0,0.0,5.0,0.8,0,0,0,0,0,0,0,0,0,0,0,0,0,0,0
LNR-1040,AI-301,4,4,4,1.0,14,269.8,46.0,2,1,50.6,-12.0,0.0,0.0,1.0,5.0,0.72,0,0,0,0,0,0,0,0,0,0,0,0,0,0,0
LNR-1040,AI-301,5,4,4,1.0,11,133.9,32.0,2,1,48.2,-2.4,1.0,1.0,0.0,4.5,0.89,0,0,0,0,0,0,0,0,0,0,0,0,0,0,0
LNR-1041,DATA-201,1,3,3,1.0,8,249.6,28.0,1,1,55.0,-1.1,2.0,0.0,0.0,4.5,0.83,0,0,0,0,0,0,0,0,0,0,0,0,0,0,0
LNR-1041,DATA-201,2,4,4,1.0,15,183.4,38.0,2,2,66.4,11.4,0.0,1.0,0.0,4.5,0.59,0,0,0,0,0,0,0,0,0,0,0,0,0,0,0
LNR-1041,DATA-201,3,4,4,1.0,15,206.8,37.0,2,1,55.4,-11.0,1.0,4.0,1.0,4.5,0.77,0,0,0,0,0,0,0,0,0,0,0,0,0,0,0
LNR-1041,DATA-201,4,3,3,1.0,12,237.3,20.0,2,1,51.0,-4.4,1.0,1.0,1.0,4.0,0.71,0,0,0,0,0,0,0,0,0,0,0,0,0,0,0
LNR-1041,DATA-201,5,3,3,1.0,9,221.9,31.0,1,2,64.1,13.1,0.0,2.0,1.0,4.0,0.44,0,0,0,0,0,0,0,0,0,0,0,0,1,1,2
LNR-1042,DATA-201,1,4,4,1.0,8,204.4,38.0,2,1,93.0,-1.3,0.0,1.0,0.0,5.0,0.6,0,0,0,0,0,0,0,0,0,0,0,0,0,0,0
LNR-1042,DATA-201,2,2,2,1.0,12,209.7,31.0,2,3,97.8,4.8,0.0,1.0,0.0,4.5,0.52,0,1,0,0,0,0,0,0,0,0,0,0,0,0,1
LNR-1042,DATA-201,3,3,3,1.0,9,168.3,26.0,2,2,91.9,-5.9,0.0,1.0,0.0,4.0,0.44,0,0,0,1,1,0,0,0,0,1,1,1,1,1,7
LNR-1042,DATA-201,4,2,2,1.0,10,207.7,31.0,2,1,69.9,-0.3,0.0,1.0,0.0,4.0,0.44,0,0,0,0,0,0,0,1,1,1,1,1,1,1,7
LNR-1042,DATA-201,5,3,3,1.0,8,168.3,26.0,2,1,100.0,0.0,0.0,1.0,0.0,4.5,0.79,0,0,0,1,1,0,0,0,0,1,1,1,0,0,5
LNR-1043,CS-101,1,4,4,1.0,11,199.2,26.0,1,3,85.3,7.7,0.0,1.0,0.0,5.0,0.79,0,0,0,0,0,0,0,0,0,0,0,0,0,0,0
LNR-1043,CS-101,2,3,3,1.0,13,269.4,33.0,2,2,77.7,-7.6,1.0,1.0,0.0,4.0,0.44,0,0,0,0,0,0,0,0,0,0,0,0,1,1,2
LNR-1043,CS-101,3,3,3,1.0,11,277.1,33.0,2,1,73.5,-4.2,0.0,1.0,0.0,5.0,0.83,0,0,0,0,0,0,0,0,0,1,1,1,0,0,3
LNR-1043,CS-101,4,3,3,1.0,13,181.7,32.0,2,2,71.8,-1.7,0.0,1.0,0.0,5.0,0.65,0,0,0,0,0,0,0,0,0,1,1,1,0,0,3
LNR-1043,CS-101,5,2,2,1.0,9,168.3,26.0,2,1,86.3,14.5,0.0,0.0,0.0,5.0,0.9,0,0,0,1,1,0,0,0,0,0,0,0,0,0,2
LNR-1044,AI-301,1,3,2,0.6667,6,119.2,22.0,1,2,61.0,-8.3,0.0,1.0,1.0,3.5,0.44,0,0,0,0,0,0,0,0,0,0,0,0,0,0,0
LNR-1044,AI-301,2,3,2,0.6667,5,80.6,18.0,1,2,66.6,5.6,0.0,1.0,0.0,3.0,0.17,1,0,0,0,0,0,0,0,0,0,0,0,0,0,0
LNR-1044,AI-301,3,3,3,1.0,9,150.3,19.0,2,1,59.7,-6.9,1.0,0.0,0.0,3.5,0.35,0,0,0,0,0,0,0,0,0,0,0,0,0,0,0
LNR-1044,AI-301,4,3,2,0.6667,9,142.1,20.0,1,1,73.4,13.7,0.0,0.0,0.0,3.0,0.04,0,0,0,0,0,0,0,0,0,0,0,0,0,0,0
LNR-1044,AI-301,5,3,2,0.6667,5,168.3,26.0,1,1,64.1,-9.3,0.0,1.0,0.0,4.0,0.44,0,0,0,1,1,0,0,0,0,1,1,1,1,1,7
LNR-1045,AI-301,1,3,2,0.6667,5,145.0,24.0,1,1,99.5,1.5,1.0,1.0,0.0,4.0,0.5,0,0,0,0,0,0,0,0,0,0,0,0,0,0,0
LNR-1045,AI-301,2,4,3,0.75,7,131.5,26.0,1,1,99.2,-0.3,0.0,1.0,0.0,4.0,0.44,0,0,0,0,0,0,0,0,0,1,1,1,1,1,5
LNR-1045,AI-301,3,3,1,1.0,1,38.7,4.0,0,0,76.9,-22.3,0.0,0.0,0.0,1.0,-0.21,1,1,0,0,0,0,0,0,0,0,0,0,0,0,1
LNR-1045,AI-301,4,2,1,0.5,1,39.4,3.0,0,0,79.6,2.7,0.0,0.0,0.0,4.0,0.44,1,0,0,0,0,0,0,0,0,0,0,0,1,1,2
LNR-1045,AI-301,5,3,0,0.0,0,24.5,3.0,0,0,83.7,4.1,0.0,1.0,0.0,2.0,-0.49,1,0,0,0,0,0,0,0,0,1,1,1,0,0,3
LNR-1046,AI-301,1,4,3,0.75,6,235.6,16.0,1,1,53.4,-2.0,1.0,1.0,0.0,4.0,0.5,0,0,0,0,0,0,0,0,0,0,0,0,0,0,0
LNR-1046,AI-301,2,3,2,0.6667,6,199.4,22.0,1,1,63.8,10.4,0.0,1.0,0.0,4.0,0.5,0,0,0,0,0,0,0,0,0,1,1,1,0,0,3
LNR-1046,AI-301,3,3,1,0.3333,1,168.3,26.0,0,1,42.9,-20.9,0.0,0.0,0.0,4.0,0.44,1,0,0,1,1,0,0,0,0,0,0,0,1,1,4
LNR-1046,AI-301,4,2,1,0.5,0,36.4,4.0,0,0,24.2,-18.7,0.0,1.0,0.0,2.0,-0.27,1,0,0,0,0,0,0,0,0,1,1,1,0,0,3
LNR-1046,AI-301,5,3,1,0.3333,1,63.1,1.0,0,0,29.0,4.8,0.0,0.0,0.0,2.0,-0.21,1,0,0,0,0,0,0,0,0,0,0,0,0,0,0
LNR-1047,CS-101,1,2,2,1.0,11,243.0,46.0,2,1,85.9,3.0,0.0,1.0,0.0,4.5,0.54,0,0,0,0,0,0,0,0,0,0,0,0,0,0,0
LNR-1047,CS-101,2,4,4,1.0,10,229.7,37.0,1,2,91.5,5.6,0.0,2.0,1.0,4.0,0.68,0,1,0,0,0,0,0,0,0,0,0,0,0,0,1
LNR-1047,CS-101,3,3,3,1.0,16,277.1,30.0,2,1,85.8,-5.7,1.0,3.0,0.0,4.0,0.44,0,0,0,0,0,0,0,0,0,0,0,0,1,1,2
LNR-1047,CS-101,4,3,3,1.0,11,275.2,38.0,2,1,98.7,12.9,1.0,1.0,0.0,5.0,0.81,0,0,0,0,0,0,0,0,0,0,0,0,0,0,0
LNR-1047,CS-101,5,3,3,1.0,6,192.6,31.0,2,1,83.1,-15.6,0.0,2.0,0.0,4.0,0.49,0,0,0,0,0,0,0,0,0,0,0,0,0,0,0
LNR-1048,DATA-201,1,4,3,0.75,6,141.2,19.0,2,1,51.9,-3.7,1.0,0.0,0.0,4.0,0.44,0,0,0,0,0,0,0,0,0,0,0,0,1,1,2
LNR-1048,DATA-201,2,3,2,0.6667,4,169.1,23.0,1,1,38.9,-13.0,0.0,0.0,0.0,3.0,0.05,0,0,0,0,0,0,0,0,0,0,0,0,0,0,0
LNR-1048,DATA-201,3,4,3,0.75,6,202.6,21.0,1,1,59.7,20.8,0.0,0.0,0.0,3.5,0.38,0,0,0,0,0,0,0,0,0,0,0,0,0,0,0
LNR-1048,DATA-201,4,2,1,0.5,7,198.4,19.0,1,1,50.8,-8.9,0.0,1.0,3.0,4.0,0.44,1,0,0,0,0,0,0,0,0,0,0,0,1,1,2
LNR-1048,DATA-201,5,3,2,0.6667,4,100.4,23.0,1,1,60.7,9.9,1.0,1.0,0.0,3.5,0.42,0,0,0,0,0,0,0,0,0,0,0,0,0,0,0
LNR-1049,DATA-201,1,2,2,1.0,6,228.0,25.0,1,1,87.3,1.2,0.0,1.0,0.0,4.0,0.18,0,0,0,0,0,0,0,0,0,1,1,1,0,0,3
LNR-1049,DATA-201,2,3,2,0.6667,3,73.1,22.0,2,1,69.9,-0.3,0.0,1.0,0.0,4.0,0.15,0,0,0,0,0,0,0,1,1,0,0,0,0,0,2
LNR-1049,DATA-201,3,4,3,0.75,9,177.3,25.0,2,1,82.3,-8.7,1.0,3.0,0.0,3.0,0.03,0,0,0,0,0,0,0,0,0,0,0,0,0,0,0
LNR-1049,DATA-201,4,3,2,0.6667,7,124.9,12.0,1,2,100.0,17.7,1.0,1.0,1.0,4.0,0.44,0,0,0,0,0,0,0,0,0,0,0,0,1,1,2
LNR-1049,DATA-201,5,3,2,0.6667,6,168.3,26.0,1,1,87.7,-12.3,0.0,0.0,0.0,4.0,0.18,0,0,0,1,1,0,0,0,0,0,0,0,0,0,2
LNR-1050,AI-301,1,2,2,1.0,4,143.2,16.0,1,2,60.6,-10.0,0.0,0.0,1.0,3.5,0.18,0,0,0,0,0,0,0,0,0,0,0,0,0,0,0
LNR-1050,AI-301,2,3,2,0.6667,7,151.4,25.0,1,1,82.2,21.6,0.0,1.0,0.0,3.5,0.03,0,0,0,0,0,0,0,0,0,1,1,1,0,0,3
LNR-1050,AI-301,3,3,2,0.6667,8,91.1,20.0,2,1,73.4,-8.8,0.0,0.0,0.0,3.5,0.16,0,0,0,0,0,0,0,0,0,0,0,0,0,0,0
LNR-1050,AI-301,4,3,2,0.6667,6,128.5,21.0,2,1,65.3,-8.1,0.0,1.0,0.0,4.0,0.49,0,0,0,0,0,0,0,0,0,1,1,1,0,0,3
LNR-1050,AI-301,5,2,2,1.0,9,94.2,22.0,1,1,67.2,1.9,0.0,0.0,0.0,4.0,0.05,0,0,0,0,0,0,0,0,0,0,0,0,0,0,0
LNR-1051,AI-301,1,3,2,0.6667,10,126.0,23.0,2,2,49.7,-12.1,3.0,0.0,0.0,3.5,0.24,0,0,0,0,0,0,0,0,0,0,0,0,0,0,0
LNR-1051,AI-301,2,2,2,1.0,5,172.4,20.0,1,2,61.3,11.6,0.0,1.0,1.0,3.0,0.34,0,0,0,0,0,0,0,0,0,0,0,0,0,0,0
LNR-1051,AI-301,3,3,2,0.6667,10,167.7,17.0,1,2,61.0,-0.3,2.0,0.0,0.0,4.0,0.44,0,0,0,0,0,0,0,0,0,0,0,0,1,1,2
LNR-1051,AI-301,4,4,3,0.75,8,150.4,19.0,1,1,80.7,19.7,1.0,0.0,0.0,3.0,0.2,0,0,0,0,0,0,0,0,0,0,0,0,0,0,0
LNR-1051,AI-301,5,3,2,0.6667,5,114.9,22.0,1,1,69.9,-0.3,1.0,0.0,0.0,3.5,0.06,0,0,0,0,0,0,0,1,1,0,0,0,0,0,2
LNR-1052,CS-101,1,4,4,1.0,10,273.8,38.0,2,2,76.0,10.3,0.0,1.0,0.0,4.5,0.59,0,0,0,0,0,0,0,0,0,0,0,0,0,0,0
LNR-1052,CS-101,2,3,3,1.0,12,210.6,32.0,1,1,62.4,-13.6,1.0,0.0,0.0,4.0,0.8,0,0,0,0,0,0,0,0,0,0,0,0,0,0,0
LNR-1052,CS-101,3,2,2,1.0,12,216.2,37.0,2,2,56.6,-5.8,0.0,0.0,0.0,4.0,0.44,0,0,0,0,0,0,0,0,0,0,0,0,1,1,2
LNR-1052,CS-101,4,3,3,1.0,11,242.0,37.0,2,1,63.5,6.9,0.0,1.0,0.0,5.0,0.45,0,0,0,0,0,0,0,0,0,1,1,1,0,0,3
LNR-1052,CS-101,5,4,4,1.0,8,165.4,36.0,1,2,67.9,4.4,2.0,2.0,0.0,5.0,0.52,0,0,0,0,0,0,0,0,0,0,0,0,0,0,0
LNR-1053,WEB-102,1,2,2,1.0,9,167.4,31.0,2,3,67.1,3.0,1.0,2.0,0.0,4.0,0.74,0,0,0,0,0,0,0,0,0,0,0,0,0,0,0
LNR-1053,WEB-102,2,2,2,1.0,5,165.1,31.0,2,1,68.1,1.0,0.0,0.0,0.0,4.5,0.49,0,0,0,0,0,0,0,0,0,0,0,0,0,0,0
LNR-1053,WEB-102,3,4,4,1.0,8,181.2,37.0,2,2,71.0,2.9,0.0,0.0,1.0,4.0,0.44,0,0,0,0,0,0,0,0,0,0,0,0,1,1,2
LNR-1053,WEB-102,4,3,3,1.0,10,187.5,31.0,2,1,65.6,-5.4,0.0,1.0,1.0,4.0,0.44,0,0,0,0,0,0,0,0,0,0,0,0,1,1,2
LNR-1053,WEB-102,5,4,4,1.0,11,240.3,37.0,2,1,56.8,-8.8,0.0,3.0,0.0,4.0,0.44,0,0,0,0,0,0,0,0,0,0,0,0,1,1,2
LNR-1054,AI-301,1,2,2,1.0,14,244.7,43.0,1,1,70.9,8.2,0.0,2.0,1.0,4.5,0.43,0,0,0,0,0,0,0,0,0,0,0,0,0,0,0
LNR-1054,AI-301,2,4,4,1.0,11,259.8,42.0,2,1,69.9,-0.3,0.0,1.0,0.0,4.0,0.44,0,0,0,0,0,0,0,1,1,0,0,0,1,1,4
LNR-1054,AI-301,3,3,3,1.0,11,201.7,33.0,2,1,68.3,5.2,2.0,0.0,1.0,5.0,0.65,0,0,0,0,0,0,0,0,0,0,0,0,0,0,0
LNR-1054,AI-301,4,3,3,1.0,6,202.7,38.0,2,2,66.1,-2.2,2.0,1.0,1.0,4.0,0.44,0,0,0,0,0,0,0,0,0,0,0,0,1,1,2
LNR-1054,AI-301,5,3,3,1.0,10,211.5,34.0,2,1,67.7,1.6,0.0,3.0,1.0,4.5,0.72,0,0,0,0,0,0,0,0,0,0,0,0,0,0,0
LNR-1055,WEB-102,1,4,3,0.75,4,147.7,19.0,1,1,83.5,1.5,0.0,1.0,0.0,4.0,0.44,0,0,0,0,0,0,0,0,0,0,0,0,1,1,2
LNR-1055,WEB-102,2,3,2,0.6667,6,153.8,18.0,1,1,85.7,2.2,0.0,1.0,0.0,3.5,0.43,0,0,0,0,0,0,0,0,0,1,1,1,0,0,3
LNR-1055,WEB-102,3,3,2,0.6667,8,136.8,16.0,1,1,86.1,0.4,0.0,1.0,1.0,4.0,0.44,0,0,0,0,0,0,0,0,0,0,0,0,1,1,2
LNR-1055,WEB-102,4,2,2,1.0,6,113.4,22.0,1,2,69.9,-0.3,1.0,1.0,0.0,3.5,0.22,0,0,0,0,0,0,0,1,1,0,0,0,0,0,2
LNR-1055,WEB-102,5,3,2,0.6667,4,119.4,23.0,1,2,79.5,12.2,0.0,2.0,0.0,4.0,0.44,0,0,0,0,0,0,0,0,0,0,0,0,1,1,2
LNR-1056,DATA-201,1,3,3,1.0,11,255.4,42.0,2,1,70.7,2.1,0.0,3.0,0.0,5.0,0.47,0,0,0,0,0,0,0,0,0,0,0,0,0,0,0
LNR-1056,DATA-201,2,3,3,1.0,5,238.8,28.0,2,1,66.4,-4.3,0.0,1.0,0.0,5.0,0.62,0,0,0,0,0,0,0,0,0,0,0,0,0,0,0
LNR-1056,DATA-201,3,3,3,1.0,7,232.6,28.0,2,1,62.7,-3.7,1.0,1.0,0.0,4.5,0.56,0,0,0,0,0,0,0,0,0,0,0,0,0,0,0
LNR-1056,DATA-201,4,4,4,1.0,16,202.7,37.0,1,1,72.7,10.0,1.0,1.0,0.0,4.5,0.53,0,0,0,0,0,0,0,0,0,0,0,0,0,0,0
LNR-1056,DATA-201,5,3,3,1.0,21,230.8,36.0,1,3,83.9,11.2,0.0,1.0,1.0,5.0,0.85,0,0,0,0,0,0,0,0,0,0,0,0,0,0,0
LNR-1057,DATA-201,1,2,1,0.5,8,169.6,28.0,0,2,69.4,2.6,0.0,1.0,0.0,4.0,0.44,0,0,0,0,0,0,0,0,0,1,1,1,1,1,5
LNR-1057,DATA-201,2,3,2,1.0,5,46.5,21.0,1,1,66.8,-2.6,0.0,1.0,0.0,4.0,0.17,1,1,0,0,0,0,0,0,0,0,0,0,0,0,1
LNR-1057,DATA-201,3,3,2,0.6667,9,160.6,18.0,2,1,69.5,2.7,0.0,1.0,0.0,3.5,0.01,0,0,0,0,0,0,0,0,0,1,1,1,0,0,3
LNR-1057,DATA-201,4,2,2,1.0,8,146.1,23.0,1,1,71.0,1.5,0.0,2.0,0.0,4.0,0.4,0,0,0,0,0,0,0,0,0,0,0,0,0,0,0
LNR-1057,DATA-201,5,4,3,0.75,8,168.3,26.0,1,1,62.3,-8.7,2.0,2.0,0.0,4.0,0.35,0,0,0,1,1,0,0,0,0,0,0,0,0,0,2
LNR-1058,CS-101,1,2,1,0.5,6,143.9,9.0,1,2,64.1,8.7,0.0,0.0,0.0,4.0,0.44,1,0,0,0,0,0,0,0,0,0,0,0,1,1,2
LNR-1058,CS-101,2,3,1,0.3333,7,96.6,11.0,0,1,56.0,-8.1,1.0,1.0,0.0,2.0,-0.33,1,0,0,0,0,0,0,0,0,0,0,0,0,0,0
LNR-1058,CS-101,3,2,0,0.0,2,10.0,13.0,0,0,43.2,-12.8,0.0,1.0,0.0,2.0,-0.21,1,0,0,0,0,0,0,0,0,1,1,1,0,0,3
LNR-1058,CS-101,4,3,0,0.0,4,75.6,6.0,0,0,60.2,17.0,0.0,0.0,1.0,1.5,-0.4,1,0,0,0,0,0,0,0,0,0,0,0,0,0,0
LNR-1058,CS-101,5,2,0,0.0,1,50.7,4.0,0,1,30.4,-29.8,0.0,0.0,0.0,2.0,-0.49,1,0,0,0,0,0,0,0,0,0,0,0,0,0,0
LNR-1059,CS-101,1,3,1,0.3333,7,168.9,20.0,1,0,63.5,1.1,1.0,0.0,0.0,4.0,0.44,0,0,0,0,0,0,0,0,0,0,0,0,1,1,2
LNR-1059,CS-101,2,4,2,0.5,5,122.6,15.0,1,1,53.7,-9.8,0.0,0.0,0.0,4.0,0.44,0,0,0,0,0,0,0,0,0,0,0,0,1,1,2
LNR-1059,CS-101,3,3,1,0.3333,4,61.9,7.0,0,2,56.8,3.1,0.0,1.0,0.0,2.5,-0.55,1,0,0,0,0,0,0,0,0,1,1,1,0,0,3
LNR-1059,CS-101,4,3,1,0.3333,0,89.9,11.0,0,0,45.0,-11.8,1.0,0.0,0.0,1.5,-0.46,1,0,0,0,0,0,0,0,0,0,0,0,0,0,0
LNR-1059,CS-101,5,4,0,0.0,0,19.7,4.0,0,1,30.0,-15.0,1.0,0.0,0.0,2.0,-0.03,1,0,0,0,0,0,0,0,0,0,0,0,0,0,0
LNR-1060,DATA-201,1,3,1,0.3333,8,175.7,7.0,1,1,65.8,-2.6,0.0,1.0,0.0,1.5,-0.18,0,0,0,0,0,0,0,0,0,0,0,0,0,0,0
LNR-1060,DATA-201,2,2,1,0.5,3,152.8,11.0,1,0,53.9,-11.9,0.0,0.0,0.0,2.5,-0.45,0,0,0,0,0,0,0,0,0,0,0,0,0,0,0
LNR-1060,DATA-201,3,3,1,0.3333,3,154.1,9.0,0,0,48.8,-5.1,2.0,0.0,0.0,4.0,0.44,1,0,0,0,0,0,0,0,0,0,0,0,1,1,2
LNR-1060,DATA-201,4,3,0,0.0,2,10.0,8.0,0,2,69.2,20.4,0.0,0.0,1.0,2.5,0.0,1,0,0,0,0,0,0,0,0,0,0,0,0,0,0
LNR-1060,DATA-201,5,2,0,0.0,1,10.0,3.0,0,0,42.0,-27.2,0.0,1.0,0.0,2.0,-0.33,1,0,0,0,0,0,0,0,0,0,0,0,0,0,0
LNR-1061,DATA-201,1,3,3,1.0,14,141.0,44.0,2,1,77.2,10.0,1.0,0.0,0.0,4.5,0.74,0,0,0,0,0,0,0,0,0,0,0,0,0,0,0
LNR-1061,DATA-201,2,3,3,1.0,13,236.9,34.0,2,1,69.9,-0.3,1.0,0.0,1.0,4.0,0.47,0,0,0,0,0,0,0,1,1,0,0,0,0,0,2
LNR-1061,DATA-201,3,3,3,1.0,11,242.0,29.0,1,3,61.3,-8.6,0.0,1.0,0.0,4.5,0.58,0,0,0,0,0,0,0,0,0,0,0,0,0,0,0
LNR-1061,DATA-201,4,2,2,1.0,14,154.1,28.0,2,1,72.4,11.1,0.0,0.0,1.0,4.5,0.66,0,0,0,0,0,0,0,0,0,0,0,0,0,0,0
LNR-1061,DATA-201,5,3,3,1.0,12,253.0,36.0,1,2,69.5,-2.9,2.0,3.0,1.0,4.5,0.49,0,0,0,0,0,0,0,0,0,0,0,0,0,0,0
LNR-1062,DATA-201,1,3,3,1.0,11,282.8,30.0,2,1,63.2,-3.7,0.0,2.0,0.0,5.0,0.51,0,0,0,0,0,0,0,0,0,0,0,0,0,0,0
LNR-1062,DATA-201,2,3,3,1.0,11,229.2,31.0,2,3,69.1,5.9,0.0,4.0,0.0,5.0,0.64,0,0,0,0,0,0,0,0,0,0,0,0,0,0,0
LNR-1062,DATA-201,3,4,4,1.0,7,164.8,30.0,1,1,67.3,-1.8,1.0,1.0,0.0,4.5,0.67,0,0,0,0,0,0,0,0,0,0,0,0,0,0,0
LNR-1062,DATA-201,4,2,2,1.0,7,195.0,28.0,2,3,79.1,11.8,1.0,1.0,0.0,4.5,0.89,0,0,0,0,0,0,0,0,0,0,0,0,0,0,0
LNR-1062,DATA-201,5,4,3,0.75,10,261.9,27.0,2,2,73.8,-5.3,1.0,2.0,1.0,5.0,0.82,0,0,0,0,0,0,0,0,0,0,0,0,0,0,0
LNR-1063,WEB-102,1,4,3,0.75,8,93.9,17.0,0,1,81.5,-3.6,0.0,1.0,0.0,3.0,0.2,1,0,0,0,0,0,0,0,0,0,0,0,0,0,0
LNR-1063,WEB-102,2,3,3,1.0,4,189.0,22.0,2,2,95.7,14.2,0.0,0.0,0.0,3.0,0.37,0,0,0,0,0,0,0,0,0,0,0,0,0,0,0
LNR-1063,WEB-102,3,4,3,0.75,5,122.0,23.0,1,2,77.3,-18.4,0.0,1.0,0.0,3.0,0.27,0,0,0,0,0,0,0,0,0,0,0,0,0,0,0
LNR-1063,WEB-102,4,3,2,0.6667,7,149.3,31.0,1,1,88.7,11.4,3.0,1.0,0.0,4.0,0.44,0,0,0,0,0,0,0,0,0,0,0,0,1,1,2
LNR-1063,WEB-102,5,3,2,0.6667,6,152.5,15.0,2,2,98.1,9.4,1.0,2.0,1.0,4.0,0.44,0,0,0,0,0,0,0,0,0,0,0,0,1,1,2
LNR-1064,AI-301,1,3,2,1.0,5,164.7,10.0,1,1,61.8,-4.3,0.0,1.0,0.0,4.0,0.29,0,1,0,0,0,0,0,0,0,0,0,0,0,0,1
LNR-1064,AI-301,2,3,2,0.6667,11,77.8,23.0,1,1,71.8,10.0,0.0,1.0,0.0,4.0,0.3,0,0,0,0,0,0,0,0,0,1,1,1,0,0,3
LNR-1064,AI-301,3,3,2,1.0,9,156.1,19.0,2,1,65.5,-6.3,0.0,1.0,0.0,3.5,0.34,0,1,0,0,0,0,0,0,0,1,1,1,0,0,4
LNR-1064,AI-301,4,3,2,0.6667,6,136.9,20.0,2,1,55.8,-9.7,1.0,3.0,1.0,3.0,0.12,0,0,0,0,0,0,0,0,0,0,0,0,0,0,0
LNR-1064,AI-301,5,3,2,0.6667,9,188.4,22.0,1,2,53.8,-2.0,0.0,2.0,0.0,3.0,0.45,0,0,0,0,0,0,0,0,0,0,0,0,0,0,0
LNR-1065,AI-301,1,3,3,1.0,11,168.3,26.0,1,1,64.4,-6.2,1.0,1.0,0.0,4.0,0.5,0,0,0,1,1,0,0,0,0,0,0,0,0,0,2
LNR-1065,AI-301,2,3,2,0.6667,9,152.2,25.0,1,1,61.6,-2.8,1.0,1.0,0.0,4.0,0.5,0,0,0,0,0,0,0,0,0,0,0,0,0,0,0
LNR-1065,AI-301,3,4,0,0.0,2,42.5,0.0,0,0,43.3,-18.3,0.0,0.0,0.0,1.0,-0.6,1,0,0,0,0,0,0,0,0,0,0,0,0,0,0
LNR-1065,AI-301,4,3,0,0.0,3,36.8,3.0,0,1,34.8,-8.5,0.0,0.0,0.0,1.0,-0.61,1,0,0,0,0,0,0,0,0,0,0,0,0,0,0
LNR-1065,AI-301,5,2,1,0.5,2,47.0,1.0,0,1,69.0,34.2,0.0,0.0,0.0,2.0,-0.33,0,0,0,0,0,0,0,0,0,0,0,0,0,0,0
LNR-1066,AI-301,1,3,3,1.0,10,159.8,32.0,2,1,68.1,5.3,0.0,0.0,1.0,4.0,0.44,0,0,0,0,0,0,0,0,0,0,0,0,1,1,2
LNR-1066,AI-301,2,4,4,1.0,17,209.4,28.0,1,2,66.2,-1.9,0.0,1.0,0.0,4.0,0.54,0,0,0,0,0,0,0,0,0,1,1,1,0,0,3
LNR-1066,AI-301,3,3,3,1.0,11,222.7,36.0,1,1,71.8,5.6,0.0,1.0,0.0,4.0,0.58,0,0,0,0,0,0,0,0,0,0,0,0,0,0,0
LNR-1066,AI-301,4,3,3,1.0,8,131.9,39.0,1,1,59.7,-12.1,0.0,1.0,0.0,5.0,0.81,0,0,0,0,0,0,0,0,0,0,0,0,0,0,0
LNR-1066,AI-301,5,3,3,1.0,9,279.2,24.0,2,1,69.0,9.3,0.0,0.0,0.0,4.0,0.44,0,1,0,0,0,0,0,0,0,0,0,0,1,1,3
LNR-1067,CS-101,1,2,2,1.0,9,277.3,21.0,2,1,48.2,4.4,0.0,0.0,0.0,4.0,0.8,0,0,0,0,0,0,0,0,0,0,0,0,0,0,0
LNR-1067,CS-101,2,3,3,1.0,9,231.8,40.0,2,1,48.1,-0.1,0.0,0.0,0.0,4.5,0.86,0,0,0,0,0,0,0,0,0,0,0,0,0,0,0
LNR-1067,CS-101,3,3,3,1.0,12,253.2,42.0,2,2,48.1,0.0,0.0,1.0,0.0,5.0,0.56,0,0,0,0,0,0,0,0,0,0,0,0,0,0,0
LNR-1067,CS-101,4,3,3,1.0,10,190.2,24.0,2,1,47.6,-0.5,0.0,2.0,0.0,5.0,0.61,0,0,0,0,0,0,0,0,0,0,0,0,0,0,0
LNR-1067,CS-101,5,3,3,1.0,6,241.7,32.0,2,2,47.3,-0.3,1.0,0.0,0.0,4.0,0.85,0,0,0,0,0,0,0,0,0,0,0,0,0,0,0
LNR-1068,DATA-201,1,3,3,1.0,12,177.7,34.0,2,1,100.0,2.0,3.0,4.0,0.0,5.0,0.42,0,0,0,0,0,0,0,0,0,0,0,0,0,0,0
LNR-1068,DATA-201,2,3,3,1.0,11,234.2,30.0,1,2,100.0,0.0,5.0,1.0,0.0,4.0,0.44,0,0,0,0,0,0,0,0,0,0,0,0,1,1,2
LNR-1068,DATA-201,3,3,3,1.0,13,168.3,26.0,2,1,100.0,0.0,2.0,3.0,0.0,4.0,0.44,0,0,0,1,1,0,0,0,0,0,0,0,1,1,4
LNR-1068,DATA-201,4,3,3,1.0,6,210.4,31.0,1,1,96.0,-4.0,0.0,2.0,0.0,5.0,0.61,0,0,0,0,0,0,0,0,0,0,0,0,0,0,0
LNR-1068,DATA-201,5,3,3,1.0,11,164.1,30.0,2,1,100.0,4.0,0.0,1.0,0.0,4.0,0.44,0,0,0,0,0,0,0,0,0,1,1,1,1,1,5
LNR-1069,AI-301,1,4,4,1.0,12,132.9,33.0,1,1,59.4,-2.6,0.0,4.0,2.0,4.5,0.89,0,0,0,0,0,0,0,0,0,0,0,0,0,0,0
LNR-1069,AI-301,2,3,3,1.0,11,283.1,37.0,1,1,64.1,4.7,2.0,1.0,0.0,4.5,0.76,0,0,0,0,0,0,0,0,0,0,0,0,0,0,0
LNR-1069,AI-301,3,3,3,1.0,14,275.6,27.0,2,1,63.5,-0.6,1.0,2.0,1.0,4.5,0.85,0,0,0,0,0,0,0,0,0,0,0,0,0,0,0
LNR-1069,AI-301,4,4,4,1.0,13,217.8,24.0,2,1,55.3,-8.2,0.0,3.0,0.0,5.0,0.84,0,0,0,0,0,0,0,0,0,0,0,0,0,0,0
LNR-1069,AI-301,5,2,2,1.0,16,236.0,27.0,2,2,59.1,3.8,0.0,0.0,1.0,5.0,0.81,0,0,0,0,0,0,0,0,0,0,0,0,0,0,0
LNR-1070,DATA-201,1,4,4,1.0,8,221.4,37.0,2,1,58.5,0.1,1.0,3.0,1.0,4.5,0.64,0,0,0,0,0,0,0,0,0,0,0,0,0,0,0
LNR-1070,DATA-201,2,2,2,1.0,9,160.1,39.0,2,1,58.8,0.3,0.0,0.0,0.0,5.0,0.88,0,0,0,0,0,0,0,0,0,0,0,0,0,0,0
LNR-1070,DATA-201,3,3,3,1.0,11,161.8,29.0,1,2,60.6,1.8,0.0,2.0,1.0,4.5,0.81,0,0,0,0,0,0,0,0,0,0,0,0,0,0,0
LNR-1070,DATA-201,4,3,3,1.0,13,193.2,32.0,2,1,64.4,3.8,1.0,2.0,1.0,4.0,0.46,0,0,0,0,0,0,0,0,0,0,0,0,0,0,0
LNR-1070,DATA-201,5,3,3,1.0,8,178.8,23.0,2,3,62.3,-2.1,0.0,2.0,0.0,4.0,0.65,0,0,0,0,0,0,0,0,0,0,0,0,0,0,0
LNR-1071,DATA-201,1,4,3,0.75,10,170.2,35.0,2,1,67.7,-6.1,1.0,2.0,1.0,5.0,0.61,0,0,0,0,0,0,0,0,0,0,0,0,0,0,0
LNR-1071,DATA-201,2,4,4,1.0,8,237.9,32.0,2,2,78.7,11.0,1.0,0.0,1.0,4.0,0.44,0,0,0,0,0,0,0,0,0,0,0,0,1,1,2
LNR-1071,DATA-201,3,3,3,1.0,8,168.3,26.0,2,2,70.3,-8.4,0.0,2.0,0.0,4.0,0.44,0,0,0,1,1,0,0,0,0,0,0,0,1,1,4
LNR-1071,DATA-201,4,3,3,1.0,9,202.1,40.0,2,1,70.4,0.1,2.0,2.0,1.0,4.0,0.45,0,0,0,0,0,0,0,0,0,0,0,0,0,0,0
LNR-1071,DATA-201,5,3,3,1.0,14,174.2,35.0,1,1,78.5,8.1,0.0,1.0,0.0,4.0,0.44,0,0,0,0,0,0,0,0,0,0,0,0,1,1,2
LNR-1072,CS-101,1,4,4,1.0,7,239.4,24.0,2,1,62.1,-1.6,0.0,0.0,1.0,5.0,0.61,0,0,0,0,0,0,0,0,0,0,0,0,0,0,0
LNR-1072,CS-101,2,3,3,1.0,12,114.3,37.0,2,3,63.9,1.8,2.0,0.0,0.0,4.5,0.76,0,0,0,0,0,0,0,0,0,0,0,0,0,0,0
LNR-1072,CS-101,3,4,3,0.75,9,167.5,31.0,2,1,69.9,-0.3,0.0,2.0,1.0,4.0,0.44,0,0,0,0,0,0,0,1,1,0,0,0,1,1,4
LNR-1072,CS-101,4,3,3,1.0,12,248.9,37.0,1,1,65.4,1.2,1.0,2.0,1.0,4.0,0.58,0,0,0,0,0,0,0,0,0,0,0,0,0,0,0
LNR-1072,CS-101,5,3,3,1.0,11,242.5,32.0,2,1,72.0,6.6,1.0,2.0,0.0,4.5,0.71,0,0,0,0,0,0,0,0,0,0,0,0,0,0,0
LNR-1073,CS-101,1,4,4,1.0,10,145.1,27.0,2,1,75.3,0.6,1.0,3.0,0.0,4.0,0.61,0,0,0,0,0,0,0,0,0,0,0,0,0,0,0
LNR-1073,CS-101,2,3,3,1.0,18,250.4,26.0,2,1,69.9,-0.3,0.0,1.0,0.0,4.0,0.72,0,0,0,0,0,0,0,1,1,0,0,0,0,0,2
LNR-1073,CS-101,3,2,2,1.0,10,223.8,41.0,2,1,74.5,6.3,0.0,1.0,0.0,5.0,0.85,0,0,0,0,0,0,0,0,0,1,1,1,0,0,3
LNR-1073,CS-101,4,3,3,1.0,12,273.7,35.0,1,1,74.8,0.3,0.0,2.0,0.0,4.0,0.72,0,0,0,0,0,0,0,0,0,0,0,0,0,0,0
LNR-1073,CS-101,5,2,2,1.0,12,256.8,28.0,2,2,76.6,1.8,1.0,5.0,0.0,5.0,0.67,0,0,0,0,0,0,0,0,0,0,0,0,0,0,0
LNR-1074,WEB-102,1,3,3,1.0,8,209.5,41.0,2,2,52.9,-15.0,2.0,0.0,0.0,4.0,0.44,0,1,0,0,0,0,0,0,0,0,0,0,1,1,3
LNR-1074,WEB-102,2,2,2,1.0,6,163.9,29.0,2,2,62.1,9.2,1.0,1.0,2.0,4.0,0.44,0,0,0,0,0,0,0,0,0,0,0,0,1,1,2
LNR-1074,WEB-102,3,3,3,1.0,15,170.6,40.0,2,2,74.9,12.8,0.0,2.0,0.0,4.0,0.71,0,0,0,0,0,0,0,0,0,0,0,0,0,0,0
LNR-1074,WEB-102,4,4,4,1.0,10,194.5,30.0,1,2,77.1,2.2,1.0,1.0,0.0,4.5,0.89,0,0,0,0,0,0,0,0,0,0,0,0,0,0,0
LNR-1074,WEB-102,5,2,2,1.0,11,212.3,31.0,2,1,58.5,-18.6,0.0,0.0,0.0,4.0,0.44,0,1,0,0,0,0,0,0,0,0,0,0,1,1,3
LNR-1075,CS-101,1,2,2,1.0,11,242.0,48.0,1,2,99.3,8.5,0.0,3.0,1.0,4.5,0.69,0,0,0,0,0,0,0,0,0,0,0,0,0,0,0
LNR-1075,CS-101,2,3,3,1.0,13,174.0,31.0,1,1,95.6,-3.7,0.0,1.0,0.0,4.0,0.44,0,0,0,0,0,0,0,0,0,0,0,0,1,1,2
LNR-1075,CS-101,3,3,3,1.0,17,214.5,29.0,2,3,86.5,-9.1,0.0,0.0,0.0,4.5,0.81,0,0,0,0,0,0,0,0,0,0,0,0,0,0,0
LNR-1075,CS-101,4,3,3,1.0,15,164.0,27.0,2,1,100.0,13.5,0.0,1.0,0.0,4.0,0.79,0,0,0,0,0,0,0,0,0,1,1,1,0,0,3
LNR-1075,CS-101,5,3,3,1.0,12,272.0,33.0,1,1,84.8,-15.2,0.0,0.0,1.0,4.5,0.6,0,0,0,0,0,0,0,0,0,0,0,0,0,0,0
LNR-1076,CS-101,1,3,3,1.0,9,224.0,37.0,1,1,67.5,7.2,1.0,1.0,0.0,4.5,0.42,0,0,0,0,0,0,0,0,0,0,0,0,0,0,0
LNR-1076,CS-101,2,3,3,1.0,11,200.1,33.0,2,1,63.2,-4.3,4.0,0.0,1.0,4.5,0.61,0,0,0,0,0,0,0,0,0,0,0,0,0,0,0
LNR-1076,CS-101,3,3,3,1.0,11,217.5,20.0,2,1,49.5,-13.7,1.0,0.0,0.0,4.0,0.44,0,0,0,0,0,0,0,0,0,0,0,0,1,1,2
LNR-1076,CS-101,4,4,4,1.0,10,184.4,32.0,1,1,68.9,19.4,1.0,1.0,0.0,5.0,0.64,0,0,0,0,0,0,0,0,0,0,0,0,0,0,0
LNR-1076,CS-101,5,4,4,1.0,14,224.1,38.0,2,1,58.6,-10.3,0.0,2.0,1.0,4.0,0.44,0,0,0,0,0,0,0,0,0,0,0,0,1,1,2
LNR-1077,AI-301,1,4,3,0.75,10,219.0,33.0,2,1,73.9,-1.6,0.0,0.0,0.0,4.0,0.44,0,0,0,0,0,0,0,0,0,0,0,0,1,1,2
LNR-1077,AI-301,2,3,3,1.0,10,234.0,33.0,2,1,85.8,11.9,1.0,0.0,0.0,4.5,0.74,0,0,0,0,0,0,0,0,0,0,0,0,0,0,0
LNR-1077,AI-301,3,3,3,1.0,4,261.7,39.0,2,1,81.9,-3.9,0.0,2.0,0.0,4.0,0.56,0,0,0,0,0,0,0,0,0,0,0,0,0,0,0
LNR-1077,AI-301,4,4,4,1.0,11,197.9,30.0,2,1,78.8,-3.1,0.0,0.0,0.0,4.0,0.44,0,0,0,0,0,0,0,0,0,0,0,0,1,1,2
LNR-1077,AI-301,5,3,3,1.0,13,228.0,28.0,2,1,69.2,-9.6,2.0,4.0,0.0,4.5,0.75,0,0,0,0,0,0,0,0,0,0,0,0,0,0,0
LNR-1078,CS-101,1,3,3,1.0,13,225.2,33.0,2,1,79.9,6.9,1.0,2.0,1.0,4.5,0.43,0,0,0,0,0,0,0,0,0,0,0,0,0,0,0
LNR-1078,CS-101,2,3,3,1.0,12,258.6,24.0,2,1,77.9,-2.0,1.0,3.0,0.0,5.0,0.87,0,0,0,0,0,0,0,0,0,0,0,0,0,0,0
LNR-1078,CS-101,3,4,4,1.0,10,166.5,40.0,1,1,82.1,4.2,1.0,0.0,0.0,5.0,0.56,0,0,0,0,0,0,0,0,0,0,0,0,0,0,0
LNR-1078,CS-101,4,3,3,1.0,5,199.8,37.0,2,2,71.5,-10.6,1.0,3.0,0.0,4.5,0.54,0,0,0,0,0,0,0,0,0,0,0,0,0,0,0
LNR-1078,CS-101,5,2,2,1.0,7,292.2,35.0,2,2,77.0,5.5,2.0,3.0,0.0,5.0,0.52,0,0,0,0,0,0,0,0,0,0,0,0,0,0,0
LNR-1079,CS-101,1,3,3,1.0,14,256.8,31.0,1,3,98.9,13.2,0.0,1.0,0.0,4.5,0.81,0,0,0,0,0,0,0,0,0,1,1,1,0,0,3
LNR-1079,CS-101,2,2,2,1.0,9,242.3,40.0,2,3,82.1,-16.8,0.0,1.0,0.0,4.5,0.47,0,0,0,0,0,0,0,0,0,0,0,0,0,0,0
LNR-1079,CS-101,3,3,3,1.0,14,248.3,32.0,2,3,94.8,12.7,1.0,0.0,0.0,5.0,0.84,0,0,0,0,0,0,0,0,0,0,0,0,0,0,0
LNR-1079,CS-101,4,4,3,0.75,10,149.6,32.0,2,1,96.6,1.8,1.0,0.0,1.0,4.0,0.44,0,0,0,0,0,0,0,0,0,0,0,0,1,1,2
LNR-1079,CS-101,5,3,3,1.0,15,230.7,31.0,2,1,81.0,-15.6,0.0,2.0,0.0,4.5,0.76,0,0,0,0,0,0,0,0,0,0,0,0,0,0,0
LNR-1080,CS-101,1,4,3,0.75,12,186.1,24.0,1,1,69.9,-0.3,1.0,1.0,0.0,4.0,0.5,0,0,0,0,0,0,0,1,1,0,0,0,0,0,2
LNR-1080,CS-101,2,3,2,0.6667,10,232.5,19.0,1,1,85.1,-7.9,1.0,1.0,0.0,4.0,0.5,0,0,0,0,0,0,0,0,0,0,0,0,0,0,0
LNR-1080,CS-101,3,2,1,0.5,3,20.2,2.0,0,0,66.8,-18.3,0.0,0.0,0.0,1.0,-0.71,1,0,0,0,0,0,0,0,0,0,0,0,0,0,0
LNR-1080,CS-101,4,3,0,0.0,1,168.3,26.0,0,0,66.2,-0.6,0.0,0.0,0.0,1.0,-0.22,1,0,0,1,1,0,0,0,0,0,0,0,0,0,2
LNR-1080,CS-101,5,3,0,0.0,4,29.7,5.0,0,0,62.2,-4.0,0.0,0.0,0.0,4.0,0.44,1,0,0,0,0,0,0,0,0,0,0,0,1,1,2
LNR-1081,WEB-102,1,3,1,0.3333,3,129.5,11.0,1,0,57.2,-13.7,0.0,0.0,0.0,4.0,0.44,1,0,0,0,0,0,0,0,0,0,0,0,1,1,2
LNR-1081,WEB-102,2,4,2,0.5,7,100.6,11.0,1,0,70.9,13.7,1.0,0.0,0.0,3.0,0.08,0,0,0,0,0,0,0,0,0,0,0,0,0,0,0
LNR-1081,WEB-102,3,3,1,0.3333,2,93.9,7.0,1,2,65.9,-5.0,0.0,0.0,0.0,2.5,-0.11,1,0,0,0,0,0,0,0,0,0,0,0,0,0,0
LNR-1081,WEB-102,4,4,1,0.25,1,62.2,4.0,0,0,48.3,-17.6,0.0,0.0,0.0,3.0,-0.29,1,0,0,0,0,0,0,0,0,0,0,0,0,0,0
LNR-1081,WEB-102,5,4,0,0.0,1,29.1,9.0,0,1,36.9,-11.4,0.0,1.0,0.0,1.5,-0.34,1,0,0,0,0,0,0,0,0,1,1,1,0,0,3
LNR-1082,CS-101,1,3,3,1.0,14,178.5,37.0,1,3,66.4,-0.9,0.0,1.0,0.0,5.0,0.8,0,0,0,0,0,0,0,0,0,1,1,1,0,0,3
LNR-1082,CS-101,2,3,3,1.0,9,293.6,25.0,2,2,72.0,5.6,0.0,2.0,0.0,5.0,0.61,0,0,0,0,0,0,0,0,0,0,0,0,0,0,0
LNR-1082,CS-101,3,3,3,1.0,19,222.0,30.0,2,1,73.1,1.1,1.0,4.0,3.0,5.0,0.86,0,0,0,0,0,0,0,0,0,0,0,0,0,0,0
LNR-1082,CS-101,4,2,2,1.0,12,200.4,34.0,2,3,63.5,-9.6,2.0,1.0,0.0,4.5,0.57,0,0,0,0,0,0,0,0,0,0,0,0,0,0,0
LNR-1082,CS-101,5,4,4,1.0,9,186.3,28.0,1,3,63.1,-0.4,0.0,2.0,0.0,4.0,0.69,0,0,0,0,0,0,0,0,0,0,0,0,0,0,0
LNR-1083,DATA-201,1,2,2,1.0,10,203.4,40.0,2,3,82.0,2.9,0.0,2.0,0.0,4.0,0.44,0,0,0,0,0,0,0,0,0,0,0,0,1,1,2
LNR-1083,DATA-201,2,3,3,1.0,12,268.8,46.0,2,1,86.0,4.0,0.0,1.0,0.0,4.0,0.44,0,0,0,0,0,0,0,0,0,0,0,0,1,1,2
LNR-1083,DATA-201,3,3,3,1.0,8,229.3,46.0,2,1,73.8,-12.2,2.0,1.0,0.0,4.0,0.77,0,0,0,0,0,0,0,0,0,0,0,0,0,0,0
LNR-1083,DATA-201,4,4,4,1.0,12,279.3,33.0,1,1,81.7,7.9,0.0,0.0,0.0,4.0,0.44,0,0,0,0,0,0,0,0,0,0,0,0,1,1,2
LNR-1083,DATA-201,5,2,2,1.0,18,252.7,35.0,2,1,69.9,-0.3,2.0,1.0,0.0,5.0,0.89,0,0,0,0,0,0,0,1,1,0,0,0,0,0,2
LNR-1084,AI-301,1,3,3,1.0,10,127.5,32.0,2,1,80.4,6.3,2.0,3.0,0.0,5.0,0.48,0,0,0,0,0,0,0,0,0,0,0,0,0,0,0
LNR-1084,AI-301,2,3,3,1.0,12,237.2,31.0,2,2,68.4,-12.0,1.0,1.0,0.0,4.5,0.64,0,0,0,0,0,0,0,0,0,0,0,0,0,0,0
LNR-1084,AI-301,3,3,3,1.0,16,215.3,32.0,2,1,70.7,2.3,1.0,1.0,0.0,4.5,0.65,0,0,0,0,0,0,0,0,0,0,0,0,0,0,0
LNR-1084,AI-301,4,3,3,1.0,10,177.5,35.0,2,1,69.9,-0.3,1.0,1.0,0.0,4.5,0.83,0,1,0,0,0,0,0,1,1,0,0,0,0,0,3
LNR-1084,AI-301,5,4,4,1.0,11,224.8,36.0,2,1,77.7,-8.5,0.0,0.0,1.0,4.0,0.89,0,0,0,0,0,0,0,0,0,0,0,0,0,0,0
LNR-1085,WEB-102,1,3,3,1.0,10,202.4,27.0,2,1,67.4,-3.7,0.0,0.0,1.0,5.0,0.83,0,0,0,0,0,0,0,0,0,0,0,0,0,0,0
LNR-1085,WEB-102,2,3,3,1.0,13,174.1,30.0,2,1,74.9,7.5,0.0,0.0,1.0,4.0,0.44,0,0,0,0,0,0,0,0,0,0,0,0,1,1,2
LNR-1085,WEB-102,3,4,4,1.0,12,184.9,30.0,2,3,75.9,1.0,3.0,1.0,1.0,4.5,0.89,0,0,0,0,0,0,0,0,0,0,0,0,0,0,0
LNR-1085,WEB-102,4,2,2,1.0,6,171.9,32.0,2,1,74.0,-1.9,0.0,5.0,0.0,4.5,0.74,0,0,0,0,0,0,0,0,0,0,0,0,0,0,0
LNR-1085,WEB-102,5,3,3,1.0,8,170.7,30.0,2,1,81.3,7.3,1.0,1.0,0.0,5.0,0.78,0,0,0,0,0,0,0,0,0,0,0,0,0,0,0
LNR-1086,AI-301,1,2,2,1.0,7,154.6,26.0,1,1,91.4,-3.1,1.0,1.0,0.0,4.0,0.5,0,0,0,0,0,0,0,0,0,0,0,0,0,0,0
LNR-1086,AI-301,2,3,3,1.0,5,214.2,27.0,1,1,99.8,8.4,1.0,1.0,0.0,4.0,0.5,0,0,0,0,0,0,0,0,0,0,0,0,0,0,0
LNR-1086,AI-301,3,3,0,0.0,2,33.3,2.0,0,0,47.9,-51.9,0.0,0.0,0.0,4.0,0.44,1,0,0,0,0,0,0,0,0,0,0,0,1,1,2
LNR-1086,AI-301,4,3,0,0.0,2,12.5,3.0,0,0,81.2,33.3,0.0,0.0,0.0,1.0,-0.45,1,0,0,0,0,0,0,0,0,0,0,0,0,0,0
LNR-1086,AI-301,5,2,0,0.0,1,6.1,1.0,0,0,81.4,0.2,0.0,0.0,0.0,2.0,-0.28,1,0,0,0,0,0,0,0,0,0,0,0,0,0,0
LNR-1087,CS-101,1,4,3,0.75,5,136.9,18.0,1,1,73.8,7.8,1.0,1.0,0.0,3.0,0.22,0,0,0,0,0,0,0,0,0,0,0,0,0,0,0
LNR-1087,CS-101,2,4,3,0.75,11,111.0,17.0,0,2,69.6,-4.2,3.0,1.0,0.0,4.0,0.21,0,0,0,0,0,0,0,0,0,0,0,0,0,0,0
LNR-1087,CS-101,3,2,1,0.5,6,152.8,30.0,0,1,61.2,-8.4,2.0,2.0,1.0,3.5,0.04,0,0,0,0,0,0,0,0,0,0,0,0,0,0,0
LNR-1087,CS-101,4,3,2,0.6667,7,189.5,19.0,0,1,58.9,-2.3,3.0,1.0,0.0,3.5,0.11,0,0,0,0,0,0,0,0,0,0,0,0,0,0,0
LNR-1087,CS-101,5,2,2,1.0,8,126.9,26.0,1,1,67.0,8.1,0.0,1.0,0.0,3.0,0.13,0,0,0,0,0,0,0,0,0,1,1,1,0,0,3
LNR-1088,CS-101,1,2,1,0.5,5,114.1,11.0,1,1,70.7,-2.9,0.0,1.0,0.0,2.0,-0.22,0,0,0,0,0,0,0,0,0,1,1,1,0,0,3
LNR-1088,CS-101,2,3,1,0.3333,5,52.9,12.0,1,2,65.0,-5.7,0.0,0.0,0.0,4.0,0.44,1,0,0,0,0,0,0,0,0,0,0,0,1,1,2
LNR-1088,CS-101,3,3,1,0.3333,6,79.2,13.0,0,1,73.0,8.0,0.0,0.0,0.0,2.0,-0.07,1,0,0,0,0,0,0,0,0,0,0,0,0,0,0
LNR-1088,CS-101,4,3,0,0.0,4,19.7,1.0,0,0,57.8,-15.2,1.0,0.0,0.0,2.5,-0.37,1,0,0,0,0,0,0,0,0,0,0,0,0,0,0
LNR-1088,CS-101,5,2,0,0.0,0,35.0,2.0,0,0,54.0,-3.8,0.0,0.0,1.0,1.5,-0.33,1,0,0,0,0,0,0,0,0,0,0,0,0,0,0
LNR-1089,AI-301,1,3,1,0.3333,5,158.1,13.0,1,0,73.6,14.3,0.0,0.0,0.0,4.0,0.44,0,0,0,0,0,0,0,0,0,0,0,0,1,1,2
LNR-1089,AI-301,2,3,1,0.3333,5,101.4,12.0,0,3,48.8,-24.8,0.0,0.0,0.0,2.0,-0.16,1,0,0,0,0,0,0,0,0,0,0,0,0,0,0
LNR-1089,AI-301,3,3,1,0.3333,3,92.6,8.0,1,2,47.8,-1.0,0.0,0.0,0.0,2.0,-0.01,1,0,0,0,0,0,0,0,0,0,0,0,0,0,0
LNR-1089,AI-301,4,4,1,0.25,5,68.0,11.0,0,0,35.1,-12.7,1.0,1.0,0.0,4.0,0.44,1,0,0,0,0,0,0,0,0,0,0,0,1,1,2
LNR-1089,AI-301,5,3,0,0.0,0,49.8,5.0,0,0,29.6,-5.5,1.0,2.0,0.0,2.0,-0.31,1,0,0,0,0,0,0,0,0,0,0,0,0,0,0
LNR-1090,DATA-201,1,3,1,0.3333,5,127.1,10.0,1,0,84.9,7.6,0.0,0.0,0.0,1.5,-0.33,0,0,0,0,0,0,0,0,0,0,0,0,0,0,0
LNR-1090,DATA-201,2,3,1,0.3333,5,109.5,12.0,1,2,61.7,-23.2,0.0,0.0,0.0,2.0,-0.09,1,0,0,0,0,0,0,0,0,0,0,0,0,0,0
LNR-1090,DATA-201,3,3,1,0.3333,2,81.8,14.0,0,2,59.1,-2.6,0.0,0.0,0.0,1.5,-0.14,1,0,0,0,0,0,0,0,0,0,0,0,0,0,0
LNR-1090,DATA-201,4,3,1,0.3333,2,83.7,5.0,0,1,59.0,-0.1,0.0,0.0,0.0,2.5,-0.49,1,0,0,0,0,0,0,0,0,0,0,0,0,0,0
LNR-1090,DATA-201,5,2,0,0.0,1,63.5,4.0,0,1,41.9,-17.1,0.0,1.0,0.0,1.5,-0.01,1,0,0,0,0,0,0,0,0,1,1,1,0,0,3
LNR-1091,AI-301,1,3,3,1.0,10,215.7,33.0,2,1,76.5,-5.7,0.0,2.0,0.0,5.0,0.44,0,0,0,0,0,0,0,0,0,0,0,0,0,0,0
LNR-1091,AI-301,2,2,2,1.0,8,163.1,32.0,2,1,94.4,17.9,0.0,1.0,0.0,5.0,0.46,0,0,0,0,0,0,0,0,0,1,1,1,0,0,3
LNR-1091,AI-301,3,3,3,1.0,13,230.3,34.0,1,3,81.1,-13.3,1.0,3.0,0.0,4.0,0.44,0,0,0,0,0,0,0,0,0,0,0,0,1,1,2
LNR-1091,AI-301,4,3,3,1.0,8,207.3,40.0,1,1,84.6,3.5,0.0,1.0,0.0,5.0,0.56,0,0,0,0,0,0,0,0,0,0,0,0,0,0,0
LNR-1091,AI-301,5,3,3,1.0,10,235.9,24.0,1,1,84.9,0.3,0.0,0.0,0.0,4.0,0.44,0,0,0,0,0,0,0,0,0,0,0,0,1,1,2
LNR-1092,WEB-102,1,3,3,1.0,13,280.9,26.0,2,2,69.9,-0.3,0.0,2.0,0.0,4.5,0.41,0,0,0,0,0,0,0,1,1,0,0,0,0,0,2
LNR-1092,WEB-102,2,2,2,1.0,15,213.1,30.0,2,2,69.9,-0.3,0.0,1.0,0.0,4.0,0.45,0,0,0,0,0,0,0,1,1,1,1,1,0,0,5
LNR-1092,WEB-102,3,2,2,1.0,17,225.5,26.0,2,1,96.9,3.5,0.0,0.0,2.0,4.5,0.84,0,0,0,0,0,0,0,0,0,0,0,0,0,0,0
LNR-1092,WEB-102,4,4,4,1.0,13,168.3,26.0,2,2,87.4,-9.5,1.0,5.0,1.0,5.0,0.81,0,0,0,1,1,0,0,0,0,0,0,0,0,0,2
LNR-1092,WEB-102,5,4,4,1.0,10,218.4,38.0,1,2,88.3,0.9,0.0,0.0,0.0,4.5,0.51,0,0,0,0,0,0,0,0,0,0,0,0,0,0,0
LNR-1093,DATA-201,1,4,3,0.75,8,87.1,27.0,2,1,31.3,-6.3,0.0,0.0,1.0,4.0,0.17,0,0,0,0,0,0,0,0,0,0,0,0,0,0,0
LNR-1093,DATA-201,2,2,2,1.0,3,181.3,16.0,1,2,36.7,5.4,1.0,1.0,1.0,3.5,0.28,0,0,0,0,0,0,0,0,0,0,0,0,0,0,0
LNR-1093,DATA-201,3,2,2,1.0,9,120.3,22.0,1,2,36.7,0.0,0.0,0.0,0.0,3.5,0.43,0,0,0,0,0,0,0,0,0,0,0,0,0,0,0
LNR-1093,DATA-201,4,4,3,0.75,4,120.4,14.0,1,2,34.0,-2.7,1.0,1.0,0.0,3.5,0.43,0,0,0,0,0,0,0,0,0,0,0,0,0,0,0
LNR-1093,DATA-201,5,3,2,0.6667,6,89.3,26.0,0,2,26.7,-7.3,1.0,0.0,0.0,4.0,0.05,1,0,0,0,0,0,0,0,0,0,0,0,0,0,0
LNR-1094,CS-101,1,3,1,0.3333,8,164.1,17.0,1,1,58.4,-8.9,1.0,0.0,0.0,2.5,-0.01,0,0,0,0,0,0,0,0,0,0,0,0,0,0,0
LNR-1094,CS-101,2,3,1,0.3333,9,109.1,7.0,0,5,58.4,0.0,0.0,1.0,0.0,4.0,0.44,1,0,0,0,0,0,0,0,0,1,1,1,1,1,5
LNR-1094,CS-101,3,2,1,0.5,6,115.4,9.0,1,0,46.0,-12.4,2.0,0.0,0.0,3.0,-0.24,1,0,0,0,0,0,0,0,0,0,0,0,0,0,0
LNR-1094,CS-101,4,3,0,0.0,1,61.4,6.0,0,0,42.4,-3.6,0.0,0.0,0.0,2.0,-0.16,1,0,0,0,0,0,0,0,0,0,0,0,0,0,0
LNR-1094,CS-101,5,3,0,1.0,3,57.0,1.0,0,0,30.7,-11.7,0.0,0.0,0.0,4.0,0.44,1,1,0,0,0,0,0,0,0,0,0,0,1,1,3
LNR-1095,WEB-102,1,3,2,0.6667,8,169.5,22.0,1,1,78.5,4.5,2.0,1.0,0.0,4.0,0.47,0,0,0,0,0,0,0,0,0,0,0,0,0,0,0
LNR-1095,WEB-102,2,2,2,1.0,8,183.7,22.0,2,1,73.5,-5.0,1.0,0.0,0.0,4.0,0.45,0,0,0,0,0,0,0,0,0,0,0,0,0,0,0
LNR-1095,WEB-102,3,2,1,0.5,4,158.5,15.0,1,1,81.3,7.8,0.0,1.0,0.0,3.0,0.34,0,0,0,0,0,0,0,0,0,0,0,0,0,0,0
LNR-1095,WEB-102,4,3,2,1.0,9,193.7,25.0,2,1,73.2,-8.1,0.0,0.0,0.0,3.5,0.22,0,1,0,0,0,0,0,0,0,0,0,0,0,0,1
LNR-1095,WEB-102,5,3,2,0.6667,6,110.6,17.0,1,1,75.1,1.9,1.0,0.0,0.0,3.5,0.08,0,0,0,0,0,0,0,0,0,0,0,0,0,0,0
LNR-1096,AI-301,1,4,3,0.75,9,194.4,20.0,2,2,69.9,-0.3,1.0,1.0,0.0,4.0,0.44,0,0,0,0,0,0,0,1,1,0,0,0,1,1,4
LNR-1096,AI-301,2,3,2,0.6667,4,160.3,21.0,2,1,80.4,-7.4,0.0,1.0,0.0,3.0,0.02,0,0,0,0,0,0,0,0,0,0,0,0,0,0,0
LNR-1096,AI-301,3,3,2,0.6667,5,172.8,16.0,1,1,75.1,-5.3,0.0,0.0,0.0,4.0,0.33,0,0,0,0,0,0,0,0,0,0,0,0,0,0,0
LNR-1096,AI-301,4,3,2,0.6667,8,150.7,21.0,1,1,76.3,1.2,1.0,0.0,0.0,3.5,0.25,0,0,0,0,0,0,0,0,0,0,0,0,0,0,0
LNR-1096,AI-301,5,3,2,0.6667,9,122.5,17.0,1,1,76.8,0.5,0.0,0.0,0.0,4.0,0.4,0,0,0,0,0,0,0,0,0,0,0,0,0,0,0
LNR-1097,AI-301,1,4,2,0.5,3,140.3,19.0,1,2,67.2,-16.2,0.0,0.0,0.0,2.0,-0.42,0,0,0,0,0,0,0,0,0,0,0,0,0,0,0
LNR-1097,AI-301,2,4,1,0.25,6,124.3,10.0,1,0,57.4,-9.8,1.0,1.0,0.0,1.5,-0.59,0,0,0,0,0,0,0,0,0,0,0,0,0,0,0
LNR-1097,AI-301,3,3,0,0.0,6,168.3,26.0,0,2,68.8,11.4,0.0,1.0,0.0,1.5,-0.06,1,0,0,1,1,0,0,0,0,0,0,0,0,0,2
LNR-1097,AI-301,4,4,1,0.25,2,10.0,11.0,0,1,58.6,-10.2,0.0,0.0,0.0,2.0,-0.29,1,0,0,0,0,0,0,0,0,0,0,0,0,0,0
LNR-1097,AI-301,5,2,0,0.0,3,10.0,6.0,0,0,58.8,0.2,1.0,0.0,0.0,2.5,-0.01,1,0,0,0,0,0,0,0,0,0,0,0,0,0,0
LNR-1098,DATA-201,1,2,1,0.5,7,108.7,14.0,0,0,62.9,-1.7,1.0,0.0,0.0,3.0,-0.27,1,0,0,0,0,0,0,0,0,0,0,0,0,0,0
LNR-1098,DATA-201,2,3,1,0.3333,3,132.9,17.0,1,0,71.0,8.1,0.0,0.0,0.0,2.5,-0.42,0,0,0,0,0,0,0,0,0,0,0,0,0,0,0
LNR-1098,DATA-201,3,3,1,0.3333,3,77.6,7.0,0,1,44.5,-26.5,0.0,0.0,0.0,4.0,0.44,1,0,0,0,0,0,0,0,0,0,0,0,1,1,2
LNR-1098,DATA-201,4,2,0,0.0,0,50.8,5.0,0,0,45.2,0.7,0.0,1.0,0.0,2.5,-0.11,1,0,0,0,0,0,0,0,0,1,1,1,0,0,3
LNR-1098,DATA-201,5,3,0,0.0,3,52.2,2.0,0,1,42.3,-2.9,0.0,0.0,0.0,2.0,-0.34,1,0,0,0,0,0,0,0,0,0,0,0,0,0,0
LNR-1099,CS-101,1,3,2,0.6667,7,141.9,22.0,2,1,62.3,-6.8,0.0,1.0,1.0,4.0,0.15,0,0,0,0,0,0,0,0,0,0,0,0,0,0,0
LNR-1099,CS-101,2,3,2,0.6667,7,139.1,25.0,1,1,70.6,8.3,0.0,0.0,0.0,3.5,0.03,0,0,0,0,0,0,0,0,0,0,0,0,0,0,0
LNR-1099,CS-101,3,2,1,1.0,6,68.1,17.0,0,2,69.3,-1.3,0.0,0.0,0.0,3.0,0.31,1,1,0,0,0,0,0,0,0,0,0,0,0,0,1
LNR-1099,CS-101,4,4,3,0.75,5,100.2,21.0,2,1,69.9,-0.3,1.0,1.0,0.0,3.0,0.02,0,0,0,0,0,0,0,1,1,0,0,0,0,0,2
LNR-1099,CS-101,5,3,3,1.0,8,154.0,12.0,1,1,72.6,7.3,0.0,1.0,0.0,4.0,0.02,0,0,0,0,0,0,0,0,0,0,0,0,0,0,0
LNR-1100,CS-101,1,2,1,0.5,10,152.4,17.0,1,1,69.9,-0.3,2.0,0.0,0.0,3.0,0.44,0,0,0,0,0,0,0,1,1,0,0,0,0,0,2
LNR-1100,CS-101,2,3,2,0.6667,7,159.3,17.0,1,2,74.0,13.5,0.0,2.0,1.0,3.5,0.36,0,0,0,0,0,0,0,0,0,0,0,0,0,0,0
LNR-1100,CS-101,3,3,2,0.6667,10,121.0,23.0,1,1,67.8,-6.2,0.0,3.0,0.0,4.0,0.36,0,0,0,0,0,0,0,0,0,0,0,0,0,0,0
LNR-1100,CS-101,4,3,2,0.6667,6,108.3,20.0,1,1,59.5,-8.3,2.0,0.0,0.0,4.0,0.24,0,0,0,0,0,0,0,0,0,0,0,0,0,0,0
LNR-1100,CS-101,5,3,3,1.0,7,168.3,26.0,2,1,64.0,4.5,0.0,2.0,0.0,3.5,0.46,0,0,0,1,1,0,0,0,0,0,0,0,0,0,2
LNR-1101,DATA-201,1,3,1,0.3333,5,131.0,6.0,0,0,69.9,-0.3,0.0,1.0,0.0,2.0,-0.33,1,0,0,0,0,0,0,1,1,1,1,1,0,0,5
LNR-1101,DATA-201,2,3,1,0.3333,3,122.8,12.0,1,2,42.3,-18.5,1.0,0.0,0.0,1.5,-0.26,1,0,0,0,0,0,0,0,0,0,0,0,0,0,0
LNR-1101,DATA-201,3,2,0,0.0,2,57.7,10.0,0,1,52.8,10.5,0.0,1.0,0.0,2.5,0.06,1,0,0,0,0,0,0,0,0,0,0,0,0,0,0
LNR-1101,DATA-201,4,3,0,0.0,1,67.2,14.0,1,1,54.7,1.9,0.0,0.0,0.0,4.0,0.44,1,0,0,0,0,0,0,0,0,0,0,0,1,1,2
LNR-1101,DATA-201,5,3,0,0.0,1,98.8,4.0,0,1,47.2,-7.5,1.0,0.0,1.0,1.5,-0.31,1,0,0,0,0,0,0,0,0,0,0,0,0,0,0
LNR-1102,CS-101,1,3,3,1.0,14,228.3,30.0,2,1,69.5,0.7,1.0,1.0,1.0,4.5,0.74,0,0,0,0,0,0,0,0,0,0,0,0,0,0,0
LNR-1102,CS-101,2,2,2,1.0,9,211.2,35.0,1,1,76.8,7.3,1.0,2.0,0.0,4.5,0.55,0,0,0,0,0,0,0,0,0,0,0,0,0,0,0
LNR-1102,CS-101,3,3,3,1.0,13,205.2,32.0,2,1,72.6,-4.2,0.0,1.0,0.0,4.0,0.82,0,0,0,0,0,0,0,0,0,0,0,0,0,0,0
LNR-1102,CS-101,4,2,2,1.0,6,229.3,32.0,2,1,67.8,-4.8,1.0,2.0,3.0,4.5,0.75,0,0,0,0,0,0,0,0,0,0,0,0,0,0,0
LNR-1102,CS-101,5,3,3,1.0,9,251.3,36.0,2,2,69.4,1.6,1.0,0.0,0.0,4.0,0.44,0,0,0,0,0,0,0,0,0,0,0,0,1,1,2
LNR-1103,CS-101,1,4,4,1.0,9,200.8,33.0,2,1,88.8,-7.3,0.0,0.0,0.0,4.5,0.42,0,0,0,0,0,0,0,0,0,0,0,0,0,0,0
LNR-1103,CS-101,2,4,4,1.0,7,252.0,26.0,1,2,100.0,11.2,1.0,2.0,0.0,4.0,0.44,0,0,0,0,0,0,0,0,0,0,0,0,1,1,2
LNR-1103,CS-101,3,4,4,1.0,11,249.1,34.0,2,1,88.6,-11.4,2.0,1.0,0.0,4.0,0.68,0,0,0,0,0,0,0,0,0,0,0,0,0,0,0
LNR-1103,CS-101,4,4,4,1.0,9,227.9,36.0,1,1,69.9,-0.3,0.0,3.0,1.0,4.5,0.85,0,0,0,0,0,0,0,1,1,0,0,0,0,0,2
LNR-1103,CS-101,5,3,3,1.0,11,235.4,26.0,2,1,100.0,0.0,2.0,3.0,1.0,4.0,0.44,0,0,0,0,0,0,0,0,0,0,0,0,1,1,2
LNR-1104,DATA-201,1,3,3,1.0,16,209.2,28.0,2,1,70.3,-5.2,0.0,0.0,0.0,5.0,0.55,0,0,0,0,0,0,0,0,0,0,0,0,0,0,0
LNR-1104,DATA-201,2,4,4,1.0,12,230.4,32.0,2,1,71.6,1.3,0.0,1.0,1.0,4.0,0.42,0,0,0,0,0,0,0,0,0,0,0,0,0,0,0
LNR-1104,DATA-201,3,2,2,1.0,13,250.4,27.0,1,1,81.5,9.9,3.0,1.0,0.0,5.0,0.72,0,0,0,0,0,0,0,0,0,0,0,0,0,0,0
LNR-1104,DATA-201,4,2,2,1.0,8,195.3,35.0,2,1,69.8,-11.7,0.0,1.0,0.0,5.0,0.46,0,0,0,0,0,0,0,0,0,0,0,0,0,0,0
LNR-1104,DATA-201,5,3,3,1.0,14,168.3,26.0,2,2,74.4,4.6,1.0,2.0,0.0,4.5,0.84,0,1,0,1,1,0,0,0,0,0,0,0,0,0,3
LNR-1105,DATA-201,1,3,3,1.0,8,196.7,27.0,2,1,72.8,-6.2,1.0,1.0,0.0,4.0,0.44,0,0,0,0,0,0,0,0,0,0,0,0,1,1,2
LNR-1105,DATA-201,2,3,3,1.0,11,243.1,30.0,2,2,80.4,7.6,3.0,0.0,0.0,4.0,0.75,0,0,0,0,0,0,0,0,0,0,0,0,0,0,0
LNR-1105,DATA-201,3,3,3,1.0,9,228.2,28.0,2,1,69.9,-0.3,1.0,2.0,1.0,5.0,0.72,0,0,0,0,0,0,0,1,1,0,0,0,0,0,2
LNR-1105,DATA-201,4,2,2,1.0,10,237.1,40.0,2,1,85.2,9.0,1.0,1.0,1.0,4.5,0.78,0,0,0,0,0,0,0,0,0,0,0,0,0,0,0
LNR-1105,DATA-201,5,2,2,1.0,15,151.0,28.0,2,1,79.3,-5.9,1.0,0.0,0.0,5.0,0.51,0,0,0,0,0,0,0,0,0,0,0,0,0,0,0
LNR-1106,CS-101,1,3,3,1.0,12,185.8,39.0,1,1,87.7,6.8,0.0,1.0,0.0,4.5,0.73,0,0,0,0,0,0,0,0,0,1,1,1,0,0,3
LNR-1106,CS-101,2,4,4,1.0,14,246.4,35.0,2,1,82.5,-5.2,0.0,3.0,0.0,5.0,0.88,0,0,0,0,0,0,0,0,0,0,0,0,0,0,0
LNR-1106,CS-101,3,3,3,1.0,9,198.4,25.0,1,3,82.8,0.3,2.0,2.0,1.0,5.0,0.73,0,0,0,0,0,0,0,0,0,0,0,0,0,0,0
LNR-1106,CS-101,4,3,3,1.0,14,107.8,25.0,2,1,69.9,-0.3,2.0,1.0,1.0,4.5,0.8,0,0,0,0,0,0,0,1,1,0,0,0,0,0,2
LNR-1106,CS-101,5,4,4,1.0,10,82.0,29.0,1,1,85.5,-0.8,1.0,0.0,0.0,5.0,0.58,0,0,0,0,0,0,0,0,0,0,0,0,0,0,0
LNR-1107,WEB-102,1,3,3,1.0,15,254.4,29.0,2,1,85.5,15.1,1.0,0.0,1.0,4.5,0.88,0,0,0,0,0,0,0,0,0,0,0,0,0,0,0
LNR-1107,WEB-102,2,4,4,1.0,9,197.7,35.0,1,2,68.1,-17.4,0.0,0.0,1.0,4.0,0.44,0,0,0,0,0,0,0,0,0,0,0,0,1,1,2
LNR-1107,WEB-102,3,2,2,1.0,10,183.5,30.0,2,3,83.4,15.3,0.0,1.0,0.0,5.0,0.88,0,0,0,0,0,0,0,0,0,1,1,1,0,0,3
LNR-1107,WEB-102,4,3,3,1.0,15,248.5,39.0,2,1,64.5,-18.9,1.0,1.0,0.0,5.0,0.61,0,0,0,0,0,0,0,0,0,0,0,0,0,0,0
LNR-1107,WEB-102,5,3,3,1.0,9,220.6,24.0,2,1,65.4,0.9,2.0,2.0,0.0,4.0,0.44,0,0,0,0,0,0,0,0,0,0,0,0,1,1,2
LNR-1108,DATA-201,1,3,2,0.6667,7,125.8,26.0,1,2,67.7,1.4,2.0,1.0,0.0,3.5,0.16,0,0,0,0,0,0,0,0,0,0,0,0,0,0,0
LNR-1108,DATA-201,2,4,3,0.75,6,128.3,15.0,1,1,64.6,-3.1,0.0,1.0,0.0,3.5,0.25,0,0,0,0,0,0,0,0,0,0,0,0,0,0,0
LNR-1108,DATA-201,3,3,2,0.6667,14,136.8,19.0,2,2,63.5,-1.1,2.0,0.0,0.0,3.5,0.3,0,0,0,0,0,0,0,0,0,0,0,0,0,0,0
LNR-1108,DATA-201,4,3,2,0.6667,7,167.0,24.0,0,1,62.4,-1.1,0.0,1.0,0.0,3.5,0.38,0,0,0,0,0,0,0,0,0,0,0,0,0,0,0
LNR-1108,DATA-201,5,3,2,1.0,7,105.6,16.0,1,2,62.1,-0.3,1.0,0.0,0.0,3.5,0.43,0,1,0,0,0,0,0,0,0,0,0,0,0,0,1
LNR-1109,WEB-102,1,4,4,1.0,13,230.4,24.0,2,2,60.7,3.0,0.0,1.0,0.0,4.0,0.52,0,0,0,0,0,0,0,0,0,0,0,0,0,0,0
LNR-1109,WEB-102,2,2,2,1.0,7,168.3,26.0,2,1,59.4,-1.3,0.0,2.0,0.0,4.0,0.44,0,0,0,1,1,0,0,0,0,0,0,0,1,1,4
LNR-1109,WEB-102,3,3,3,1.0,23,164.7,28.0,2,1,64.3,4.9,0.0,2.0,0.0,4.0,0.44,0,0,0,0,0,0,0,0,0,0,0,0,1,1,2
LNR-1109,WEB-102,4,3,3,1.0,8,226.0,34.0,1,2,70.3,6.0,1.0,0.0,1.0,4.0,0.44,0,0,0,0,0,0,0,0,0,0,0,0,1,1,2
LNR-1109,WEB-102,5,3,3,1.0,12,186.5,24.0,2,1,69.9,-0.3,1.0,1.0,1.0,4.0,0.44,0,0,0,0,0,0,0,1,1,0,0,0,1,1,4
LNR-1110,CS-101,1,4,4,1.0,13,253.8,31.0,2,1,69.9,-0.3,0.0,2.0,0.0,4.5,0.55,0,0,0,0,0,0,0,1,1,0,0,0,0,0,2
LNR-1110,CS-101,2,4,4,1.0,13,252.0,35.0,2,1,86.4,2.8,2.0,3.0,0.0,5.0,0.8,0,0,0,0,0,0,0,0,0,0,0,0,0,0,0
LNR-1110,CS-101,3,3,3,1.0,12,194.7,31.0,2,1,69.9,-0.3,1.0,0.0,1.0,5.0,0.57,0,0,0,0,0,0,0,1,1,0,0,0,0,0,2
LNR-1110,CS-101,4,4,4,1.0,8,201.8,30.0,1,2,97.8,6.8,2.0,1.0,0.0,5.0,0.55,0,0,0,0,0,0,0,0,0,0,0,0,0,0,0
LNR-1110,CS-101,5,3,3,1.0,10,231.3,35.0,1,1,92.9,-4.9,2.0,0.0,1.0,4.5,0.57,0,0,0,0,0,0,0,0,0,0,0,0,0,0,0
LNR-1111,CS-101,1,4,4,1.0,9,262.8,30.0,2,1,51.0,-9.7,0.0,1.0,0.0,4.5,0.48,0,0,0,0,0,0,0,0,0,1,1,1,0,0,3
LNR-1111,CS-101,2,4,4,1.0,12,166.8,33.0,2,1,67.9,16.9,1.0,4.0,0.0,5.0,0.46,0,0,0,0,0,0,0,0,0,0,0,0,0,0,0
LNR-1111,CS-101,3,2,2,1.0,7,149.3,33.0,2,3,75.3,7.4,3.0,2.0,1.0,4.0,0.44,0,0,0,0,0,0,0,0,0,0,0,0,1,1,2
LNR-1111,CS-101,4,4,4,1.0,8,168.3,26.0,1,1,65.2,-10.1,1.0,1.0,1.0,5.0,0.85,0,0,0,1,1,0,0,0,0,0,0,0,0,0,2
LNR-1111,CS-101,5,2,2,1.0,15,235.7,26.0,2,1,66.7,1.5,2.0,1.0,0.0,4.0,0.44,0,0,0,0,0,0,0,0,0,0,0,0,1,1,2
LNR-1112,CS-101,1,3,3,1.0,8,274.9,30.0,2,2,83.8,10.9,1.0,0.0,0.0,5.0,0.85,0,0,0,0,0,0,0,0,0,0,0,0,0,0,0
LNR-1112,CS-101,2,4,4,1.0,11,220.5,34.0,2,2,77.1,-6.7,1.0,2.0,0.0,5.0,0.79,0,0,0,0,0,0,0,0,0,0,0,0,0,0,0
LNR-1112,CS-101,3,4,4,1.0,13,234.5,31.0,2,1,75.4,-1.7,3.0,1.0,0.0,4.0,0.44,0,0,0,0,0,0,0,0,0,0,0,0,1,1,2
LNR-1112,CS-101,4,3,3,1.0,17,214.3,36.0,2,1,68.6,-6.8,1.0,0.0,0.0,4.5,0.66,0,0,0,0,0,0,0,0,0,0,0,0,0,0,0
LNR-1112,CS-101,5,2,2,1.0,8,210.5,29.0,2,2,80.6,12.0,1.0,4.0,0.0,4.5,0.89,0,0,0,0,0,0,0,0,0,0,0,0,0,0,0
LNR-1113,AI-301,1,2,2,1.0,7,217.5,17.0,1,1,81.4,-2.5,1.0,1.0,0.0,4.0,0.5,0,0,0,0,0,0,0,0,0,0,0,0,0,0,0
LNR-1113,AI-301,2,2,2,1.0,5,181.0,21.0,1,1,82.8,1.4,1.0,1.0,0.0,4.0,0.5,0,0,0,0,0,0,0,0,0,0,0,0,0,0,0
LNR-1113,AI-301,3,2,0,0.0,2,5.0,0.0,0,0,49.2,-33.6,0.0,0.0,0.0,4.0,0.44,1,0,0,0,0,0,0,0,0,0,0,0,1,1,2
LNR-1113,AI-301,4,4,1,0.25,0,60.6,5.0,0,0,66.2,17.0,0.0,0.0,0.0,4.0,0.44,1,0,0,0,0,0,0,0,0,0,0,0,1,1,2
LNR-1113,AI-301,5,4,1,0.25,2,22.2,4.0,0,0,69.6,3.4,0.0,1.0,0.0,1.0,-0.7,1,0,0,0,0,0,0,0,0,1,1,1,0,0,3
LNR-1114,AI-301,1,2,2,1.0,10,130.4,36.0,1,3,82.8,-4.1,0.0,1.0,1.0,4.5,0.61,0,0,0,0,0,0,0,0,0,0,0,0,0,0,0
LNR-1114,AI-301,2,3,3,1.0,15,198.6,37.0,2,1,82.7,-0.1,0.0,2.0,1.0,4.0,0.44,0,0,0,0,0,0,0,0,0,0,0,0,1,1,2
LNR-1114,AI-301,3,3,3,1.0,13,252.0,26.0,2,1,69.9,-0.3,0.0,1.0,0.0,4.0,0.43,0,0,0,0,0,0,0,1,1,1,1,1,0,0,5
LNR-1114,AI-301,4,4,4,1.0,17,264.5,30.0,2,2,85.5,-4.0,0.0,1.0,0.0,5.0,0.45,0,0,0,0,0,0,0,0,0,0,0,0,0,0,0
LNR-1114,AI-301,5,3,3,1.0,13,217.3,39.0,1,1,92.9,7.4,0.0,1.0,0.0,4.0,0.44,0,0,0,0,0,0,0,0,0,0,0,0,1,1,2
LNR-1115,CS-101,1,3,2,0.6667,10,202.3,8.0,1,1,57.8,-4.0,1.0,1.0,0.0,4.0,0.44,0,0,0,0,0,0,0,0,0,0,0,0,1,1,2
LNR-1115,CS-101,2,4,3,0.75,8,102.1,19.0,1,1,69.9,-0.3,1.0,1.0,0.0,3.5,0.46,0,0,0,0,0,0,0,1,1,0,0,0,0,0,2
LNR-1115,CS-101,3,3,2,0.6667,8,169.0,14.0,0,1,65.4,-0.3,0.0,1.0,1.0,3.5,0.32,0,0,0,0,0,0,0,0,0,0,0,0,0,0,0
LNR-1115,CS-101,4,3,2,0.6667,10,168.2,21.0,1,1,65.6,0.2,2.0,1.0,0.0,3.0,0.41,0,0,0,0,0,0,0,0,0,0,0,0,0,0,0
LNR-1115,CS-101,5,2,2,1.0,11,134.1,25.0,1,2,49.1,-16.5,0.0,0.0,0.0,4.0,0.44,0,0,0,0,0,0,0,0,0,0,0,0,1,1,2
LNR-1116,WEB-102,1,3,2,0.6667,11,132.5,22.0,1,1,94.3,15.1,0.0,1.0,0.0,4.0,0.44,0,0,0,0,0,0,0,0,0,1,1,1,1,1,5
LNR-1116,WEB-102,2,3,2,0.6667,10,145.3,25.0,1,1,77.7,-16.6,0.0,1.0,0.0,3.5,0.31,0,0,0,0,0,0,0,0,0,0,0,0,0,0,0
LNR-1116,WEB-102,3,3,2,0.6667,7,121.0,19.0,1,1,88.8,11.1,0.0,0.0,0.0,3.5,0.34,0,0,0,0,0,0,0,0,0,0,0,0,0,0,0
LNR-1116,WEB-102,4,4,3,0.75,6,171.1,26.0,0,1,82.3,-6.5,0.0,1.0,0.0,3.0,0.4,0,0,0,0,0,0,0,0,0,0,0,0,0,0,0
LNR-1116,WEB-102,5,2,1,0.5,6,135.7,22.0,2,1,91.6,9.3,1.0,0.0,0.0,3.5,0.22,0,0,0,0,0,0,0,0,0,0,0,0,0,0,0
LNR-1117,WEB-102,1,4,4,1.0,7,213.5,33.0,2,1,53.1,-10.8,0.0,1.0,0.0,5.0,0.47,0,0,0,0,0,0,0,0,0,1,1,1,0,0,3
LNR-1117,WEB-102,2,3,3,1.0,9,211.2,50.0,2,1,66.5,13.4,2.0,1.0,0.0,4.5,0.49,0,0,0,0,0,0,0,0,0,0,0,0,0,0,0
LNR-1117,WEB-102,3,2,2,1.0,8,184.6,31.0,2,1,68.9,2.4,0.0,2.0,1.0,4.0,0.44,0,0,0,0,0,0,0,0,0,0,0,0,1,1,2
LNR-1117,WEB-102,4,3,3,1.0,10,217.2,33.0,2,1,69.9,-0.3,0.0,1.0,0.0,4.0,0.41,0,0,0,0,0,0,0,1,1,1,1,1,0,0,5
LNR-1117,WEB-102,5,3,3,1.0,15,232.2,32.0,2,1,66.4,-1.3,1.0,2.0,0.0,5.0,0.51,0,0,0,0,0,0,0,0,0,0,0,0,0,0,0
LNR-1118,CS-101,1,3,2,0.6667,12,162.1,21.0,1,1,94.5,4.6,1.0,1.0,0.0,4.0,0.5,0,0,0,0,0,0,0,0,0,0,0,0,0,0,0
LNR-1118,CS-101,2,3,3,1.0,6,230.4,28.0,1,1,84.1,-10.4,1.0,1.0,0.0,4.0,0.44,0,0,0,0,0,0,0,0,0,0,0,0,1,1,2
LNR-1118,CS-101,3,2,0,0.0,0,26.2,2.0,0,0,78.0,-6.1,0.0,0.0,0.0,2.0,-0.2,1,0,0,0,0,0,0,0,0,0,0,0,0,0,0
LNR-1118,CS-101,4,4,1,0.25,2,15.7,4.0,0,0,56.4,-21.6,0.0,0.0,0.0,1.0,-0.59,1,0,0,0,0,0,0,0,0,0,0,0,0,0,0
LNR-1118,CS-101,5,3,1,0.3333,1,25.5,2.0,0,0,75.4,19.0,0.0,0.0,0.0,1.0,-0.3,1,0,0,0,0,0,0,0,0,0,0,0,0,0,0
LNR-1119,WEB-102,1,2,1,0.5,3,106.7,13.0,1,1,69.9,-0.3,1.0,2.0,0.0,2.0,-0.13,0,0,0,0,0,0,0,1,1,0,0,0,0,0,2
LNR-1119,WEB-102,2,3,1,0.3333,1,71.2,14.0,0,0,48.7,-4.4,0.0,0.0,0.0,2.5,-0.01,1,0,0,0,0,0,0,0,0,0,0,0,0,0,0
LNR-1119,WEB-102,3,3,1,0.3333,0,94.5,10.0,0,0,37.0,-11.7,1.0,0.0,0.0,1.5,0.01,1,0,0,0,0,0,0,0,0,0,0,0,0,0,0
LNR-1119,WEB-102,4,4,1,0.25,3,45.5,9.0,0,2,69.9,-0.3,0.0,0.0,1.0,3.0,-0.5,1,0,0,0,0,0,0,1,1,0,0,0,0,0,2
LNR-1119,WEB-102,5,3,0,0.0,3,25.5,4.0,0,0,23.6,-18.5,0.0,0.0,0.0,2.5,-0.04,1,0,0,0,0,0,0,0,0,0,0,0,0,0,0
LNR-1120,CS-101,1,4,3,0.75,8,212.9,33.0,2,1,65.0,5.8,0.0,1.0,0.0,4.5,0.72,0,0,0,0,0,0,0,0,0,1,1,1,0,0,3
LNR-1120,CS-101,2,3,3,1.0,11,256.7,27.0,2,1,55.9,-9.1,1.0,4.0,0.0,5.0,0.82,0,0,0,0,0,0,0,0,0,0,0,0,0,0,0
LNR-1120,CS-101,3,3,3,1.0,11,196.5,36.0,2,1,65.7,9.8,2.0,2.0,0.0,4.0,0.44,0,0,0,0,0,0,0,0,0,0,0,0,1,1,2
LNR-1120,CS-101,4,3,3,1.0,8,206.0,38.0,2,1,60.9,-4.8,0.0,1.0,0.0,5.0,0.71,0,0,0,0,0,0,0,0,0,1,1,1,0,0,3
LNR-1120,CS-101,5,4,4,1.0,14,233.5,41.0,2,2,62.8,1.9,1.0,4.0,0.0,4.5,0.69,0,0,0,0,0,0,0,0,0,0,0,0,0,0,0
LNR-1121,CS-101,1,3,3,1.0,7,240.8,32.0,2,1,69.9,-0.3,0.0,0.0,0.0,4.0,0.44,0,0,0,0,0,0,0,1,1,0,0,0,1,1,4
LNR-1121,CS-101,2,4,4,1.0,8,122.4,33.0,2,2,70.3,-9.3,1.0,1.0,0.0,5.0,0.6,0,1,0,0,0,0,0,0,0,0,0,0,0,0,1
LNR-1121,CS-101,3,3,3,1.0,15,168.1,36.0,2,1,69.9,-0.3,1.0,2.0,0.0,4.5,0.86,0,0,0,0,0,0,0,1,1,0,0,0,0,0,2
LNR-1121,CS-101,4,2,2,1.0,12,208.8,35.0,2,2,76.4,-3.2,0.0,1.0,0.0,5.0,0.64,0,0,0,0,0,0,0,0,0,1,1,1,0,0,3
LNR-1121,CS-101,5,2,2,1.0,10,287.4,30.0,2,1,65.5,-10.9,1.0,0.0,0.0,4.0,0.44,0,0,0,0,0,0,0,0,0,0,0,0,1,1,2
LNR-1122,DATA-201,1,4,3,0.75,5,90.0,23.0,1,1,46.1,-5.0,0.0,1.0,0.0,4.0,0.44,1,0,0,0,0,0,0,0,0,0,0,0,1,1,2
LNR-1122,DATA-201,2,3,2,1.0,7,102.6,19.0,2,1,45.1,-1.0,0.0,0.0,0.0,4.0,0.44,0,1,0,0,0,0,0,0,0,0,0,0,1,1,3
LNR-1122,DATA-201,3,3,2,0.6667,8,175.9,19.0,1,1,54.1,9.0,0.0,1.0,0.0,3.5,0.42,0,0,0,0,0,0,0,0,0,1,1,1,0,0,3
LNR-1122,DATA-201,4,3,2,0.6667,4,160.7,31.0,1,1,43.3,-10.8,0.0,2.0,1.0,3.5,0.5,0,0,0,0,0,0,0,0,0,0,0,0,0,0,0
LNR-1122,DATA-201,5,3,2,0.6667,7,136.4,15.0,2,1,55.0,11.7,0.0,1.0,0.0,3.5,0.48,0,0,0,0,0,0,0,0,0,1,1,1,0,0,3
LNR-1123,CS-101,1,3,2,1.0,6,155.7,22.0,1,1,63.8,-10.5,1.0,1.0,0.0,4.0,0.5,0,1,0,0,0,0,0,0,0,0,0,0,0,0,1
LNR-1123,CS-101,2,3,3,1.0,7,171.4,22.0,1,1,71.2,7.4,1.0,1.0,0.0,4.0,0.5,0,0,0,0,0,0,0,0,0,0,0,0,0,0,0
LNR-1123,CS-101,3,3,0,0.0,0,20.3,6.0,0,1,44.0,-27.2,0.0,1.0,0.0,4.0,0.44,1,0,0,0,0,0,0,0,0,1,1,1,1,1,5
LNR-1123,CS-101,4,4,1,0.25,0,13.5,1.0,0,0,38.6,-5.4,0.0,0.0,0.0,1.0,-0.59,1,0,0,0,0,0,0,0,0,0,0,0,0,0,0
LNR-1123,CS-101,5,3,0,0.0,2,16.8,4.0,0,0,43.6,5.0,0.0,0.0,0.0,4.0,0.44,1,0,0,0,0,0,0,0,0,0,0,0,1,1,2
LNR-1124,DATA-201,1,3,3,1.0,11,168.3,26.0,2,3,90.4,1.3,1.0,4.0,1.0,4.5,0.57,0,0,0,1,1,0,0,0,0,0,0,0,0,0,2
LNR-1124,DATA-201,2,3,3,1.0,9,165.8,31.0,2,1,90.7,0.3,0.0,2.0,0.0,5.0,0.53,0,0,0,0,0,0,0,0,0,0,0,0,0,0,0
LNR-1124,DATA-201,3,2,2,1.0,13,256.0,38.0,1,3,94.6,3.9,1.0,2.0,0.0,5.0,0.53,0,0,0,0,0,0,0,0,0,0,0,0,0,0,0
LNR-1124,DATA-201,4,2,2,1.0,14,202.1,31.0,2,3,83.2,-11.4,2.0,1.0,0.0,5.0,0.82,0,0,0,0,0,0,0,0,0,0,0,0,0,0,0
LNR-1124,DATA-201,5,2,2,1.0,11,218.2,26.0,2,1,80.2,-3.0,0.0,0.0,0.0,5.0,0.65,0,0,0,0,0,0,0,0,0,0,0,0,0,0,0
LNR-1125,AI-301,1,4,3,0.75,8,83.5,26.0,1,1,81.7,3.4,1.0,1.0,0.0,3.5,0.11,0,0,0,0,0,0,0,0,0,0,0,0,0,0,0
LNR-1125,AI-301,2,3,2,0.6667,6,162.5,22.0,1,2,69.5,-12.2,1.0,0.0,0.0,3.5,0.25,0,0,0,0,0,0,0,0,0,0,0,0,0,0,0
LNR-1125,AI-301,3,4,3,0.75,7,174.0,23.0,1,1,89.9,20.4,0.0,1.0,0.0,3.0,0.1,0,0,0,0,0,0,0,0,0,1,1,1,0,0,3
LNR-1125,AI-301,4,3,2,0.6667,9,179.2,17.0,2,2,86.8,-3.1,1.0,0.0,0.0,3.5,0.12,0,0,0,0,0,0,0,0,0,0,0,0,0,0,0
LNR-1125,AI-301,5,4,3,0.75,6,154.3,20.0,1,2,83.9,-2.9,1.0,0.0,0.0,3.5,0.12,0,0,0,0,0,0,0,0,0,0,0,0,0,0,0
LNR-1126,WEB-102,1,3,2,0.6667,13,124.7,23.0,2,1,81.1,6.3,1.0,1.0,0.0,3.0,0.34,0,0,0,0,0,0,0,0,0,0,0,0,0,0,0
LNR-1126,WEB-102,2,3,2,0.6667,9,146.0,17.0,1,1,73.3,-7.8,2.0,1.0,0.0,3.5,0.22,0,0,0,0,0,0,0,0,0,0,0,0,0,0,0
LNR-1126,WEB-102,3,3,2,0.6667,5,118.6,27.0,1,1,76.7,3.4,0.0,1.0,0.0,4.0,0.11,0,0,0,0,0,0,0,0,0,1,1,1,0,0,3
LNR-1126,WEB-102,4,3,2,0.6667,8,114.3,32.0,1,2,71.6,-5.1,1.0,1.0,0.0,4.0,0.28,0,0,0,0,0,0,0,0,0,0,0,0,0,0,0
LNR-1126,WEB-102,5,3,2,0.6667,4,144.2,21.0,1,1,74.6,3.0,1.0,0.0,1.0,3.5,0.27,0,0,0,0,0,0,0,0,0,0,0,0,0,0,0
LNR-1127,WEB-102,1,4,1,0.25,4,105.0,18.0,0,1,67.8,-7.3,3.0,0.0,1.0,2.0,-0.35,1,0,0,0,0,0,0,0,0,0,0,0,0,0,0
LNR-1127,WEB-102,2,3,1,0.3333,3,87.0,20.0,1,1,59.7,-8.1,0.0,1.0,0.0,1.5,-0.18,1,0,0,0,0,0,0,0,0,0,0,0,0,0,0
LNR-1127,WEB-102,3,3,1,0.3333,2,168.3,26.0,1,0,50.3,-9.4,0.0,1.0,0.0,3.0,-0.36,0,0,0,1,1,0,0,0,0,1,1,1,0,0,5
LNR-1127,WEB-102,4,3,0,0.0,4,60.8,7.0,1,0,73.9,23.6,0.0,0.0,0.0,2.0,-0.32,1,0,0,0,0,0,0,0,0,0,0,0,0,0,0
LNR-1127,WEB-102,5,2,0,0.0,2,33.0,4.0,0,0,63.2,-10.7,1.0,0.0,0.0,2.5,-0.25,1,0,0,0,0,0,0,0,0,0,0,0,0,0,0
LNR-1128,DATA-201,1,4,4,1.0,6,301.1,32.0,2,1,70.0,2.1,0.0,1.0,0.0,4.5,0.49,0,0,0,0,0,0,0,0,0,1,1,1,0,0,3
LNR-1128,DATA-201,2,2,2,1.0,11,168.3,26.0,2,1,79.1,9.1,0.0,1.0,0.0,4.5,0.72,0,0,0,1,1,0,0,0,0,0,0,0,0,0,2
LNR-1128,DATA-201,3,3,3,1.0,12,156.2,33.0,1,1,71.6,-7.5,1.0,2.0,2.0,4.5,0.82,0,0,0,0,0,0,0,0,0,0,0,0,0,0,0
LNR-1128,DATA-201,4,3,3,1.0,12,276.0,24.0,1,1,69.9,-0.3,0.0,2.0,0.0,4.5,0.4,0,0,0,0,0,0,0,1,1,0,0,0,0,0,2
LNR-1128,DATA-201,5,2,2,1.0,11,182.5,31.0,2,1,82.8,9.9,0.0,1.0,0.0,5.0,0.56,0,0,0,0,0,0,0,0,0,1,1,1,0,0,3
LNR-1129,AI-301,1,3,2,0.6667,11,96.2,25.0,1,1,34.4,-9.3,1.0,1.0,0.0,3.0,0.46,0,0,0,0,0,0,0,0,0,0,0,0,0,0,0
LNR-1129,AI-301,2,3,2,0.6667,9,104.2,20.0,1,1,44.6,10.2,0.0,0.0,0.0,4.0,0.19,0,0,0,0,0,0,0,0,0,0,0,0,0,0,0
LNR-1129,AI-301,3,3,2,0.6667,5,196.8,23.0,0,1,36.5,-8.1,0.0,1.0,0.0,3.5,0.49,0,0,0,0,0,0,0,0,0,0,0,0,0,0,0
LNR-1129,AI-301,4,3,2,0.6667,7,192.0,19.0,1,1,43.5,7.0,0.0,1.0,0.0,3.5,0.34,0,0,0,0,0,0,0,0,0,0,0,0,0,0,0
LNR-1129,AI-301,5,3,2,0.6667,4,28.1,23.0,1,1,48.1,4.6,0.0,3.0,0.0,4.0,0.02,0,0,0,0,0,0,0,0,0,0,0,0,0,0,0
LNR-1130,DATA-201,1,3,3,1.0,9,169.1,32.0,2,1,62.6,5.3,3.0,1.0,1.0,5.0,0.44,0,0,0,0,0,0,0,0,0,0,0,0,0,0,0
LNR-1130,DATA-201,2,2,2,1.0,12,205.9,38.0,2,2,53.9,-8.7,0.0,3.0,1.0,4.0,0.47,0,0,0,0,0,0,0,0,0,0,0,0,0,0,0
LNR-1130,DATA-201,3,3,3,1.0,15,250.2,36.0,2,1,45.7,-8.2,0.0,1.0,0.0,4.0,0.44,0,0,0,0,0,0,0,0,0,0,0,0,1,1,2
LNR-1130,DATA-201,4,3,3,1.0,7,168.3,26.0,2,1,57.5,11.8,0.0,1.0,0.0,4.0,0.44,0,0,0,1,1,0,0,0,0,1,1,1,1,1,7
LNR-1130,DATA-201,5,4,4,1.0,17,163.8,29.0,2,1,50.2,-7.3,0.0,1.0,0.0,4.0,0.44,0,0,0,0,0,0,0,0,0,0,0,0,1,1,2
LNR-1131,DATA-201,1,3,3,1.0,11,207.7,39.0,2,1,81.7,1.4,1.0,3.0,0.0,4.5,0.85,0,0,0,0,0,0,0,0,0,0,0,0,0,0,0
LNR-1131,DATA-201,2,3,3,1.0,11,223.5,35.0,2,2,81.9,0.2,0.0,2.0,0.0,4.5,0.6,0,0,0,0,0,0,0,0,0,0,0,0,0,0,0
LNR-1131,DATA-201,3,4,4,1.0,11,204.1,34.0,2,1,73.4,-8.5,4.0,1.0,1.0,5.0,0.57,0,0,0,0,0,0,0,0,0,0,0,0,0,0,0
LNR-1131,DATA-201,4,3,3,1.0,12,221.4,31.0,2,1,76.8,3.4,1.0,2.0,1.0,4.5,0.75,0,0,0,0,0,0,0,0,0,0,0,0,0,0,0
LNR-1131,DATA-201,5,3,3,1.0,16,284.8,43.0,2,1,69.3,-7.5,1.0,0.0,0.0,4.0,0.44,0,0,0,0,0,0,0,0,0,0,0,0,1,1,2
LNR-1132,DATA-201,1,2,1,0.5,0,36.7,16.0,1,1,45.3,-6.3,1.0,0.0,0.0,1.5,-0.08,1,0,0,0,0,0,0,0,0,0,0,0,0,0,0
LNR-1132,DATA-201,2,3,1,0.3333,9,146.6,14.0,0,2,46.4,1.1,0.0,1.0,0.0,2.0,-0.07,1,0,0,0,0,0,0,0,0,0,0,0,0,0,0
LNR-1132,DATA-201,3,4,1,0.25,2,109.9,6.0,0,0,36.9,-9.5,0.0,0.0,0.0,1.5,-0.04,1,0,0,0,0,0,0,0,0,0,0,0,0,0,0
LNR-1132,DATA-201,4,4,0,0.0,0,168.3,26.0,0,2,29.8,-7.1,1.0,0.0,1.0,3.0,0.09,1,0,0,1,1,0,0,0,0,0,0,0,0,0,2
LNR-1132,DATA-201,5,3,0,0.0,0,10.0,5.0,0,0,41.1,11.3,0.0,1.0,0.0,3.0,-0.26,1,0,0,0,0,0,0,0,0,0,0,0,0,0,0
LNR-1133,DATA-201,1,3,2,0.6667,10,186.0,23.0,1,1,70.6,-2.2,0.0,1.0,0.0,3.0,0.19,0,0,0,0,0,0,0,0,0,1,1,1,0,0,3
LNR-1133,DATA-201,2,3,2,0.6667,4,132.2,22.0,1,2,69.9,-0.3,0.0,1.0,0.0,4.0,0.02,0,0,0,0,0,0,0,1,1,0,0,0,0,0,2
LNR-1133,DATA-201,3,3,2,0.6667,3,135.5,24.0,2,1,77.9,12.2,1.0,1.0,0.0,3.5,0.05,0,0,0,0,0,0,0,0,0,0,0,0,0,0,0
LNR-1133,DATA-201,4,3,2,0.6667,8,164.9,28.0,1,1,68.2,-9.7,2.0,1.0,0.0,3.5,0.17,0,0,0,0,0,0,0,0,0,0,0,0,0,0,0
LNR-1133,DATA-201,5,4,3,0.75,9,94.2,20.0,1,1,81.7,13.5,0.0,0.0,0.0,3.5,0.26,0,0,0,0,0,0,0,0,0,0,0,0,0,0,0
LNR-1134,AI-301,1,3,3,1.0,14,184.0,36.0,2,3,51.9,-6.2,1.0,0.0,1.0,5.0,0.8,0,0,0,0,0,0,0,0,0,0,0,0,0,0,0
LNR-1134,AI-301,2,3,3,1.0,9,207.9,32.0,2,1,59.6,7.7,0.0,1.0,0.0,4.0,0.44,0,0,0,0,0,0,0,0,0,1,1,1,1,1,5
LNR-1134,AI-301,3,2,2,1.0,16,214.1,29.0,2,1,58.7,-0.9,1.0,2.0,0.0,4.0,0.52,0,0,0,0,0,0,0,0,0,0,0,0,0,0,0
LNR-1134,AI-301,4,2,2,1.0,10,168.3,26.0,2,2,50.8,-7.9,0.0,4.0,0.0,4.0,0.44,0,0,0,1,1,0,0,0,0,0,0,0,1,1,4
LNR-1134,AI-301,5,3,3,1.0,15,201.0,41.0,2,2,57.3,6.5,0.0,4.0,1.0,5.0,0.75,0,1,0,0,0,0,0,0,0,0,0,0,0,0,1
LNR-1135,CS-101,1,3,2,1.0,9,166.8,14.0,1,2,62.9,7.7,1.0,1.0,0.0,4.0,0.07,0,1,0,0,0,0,0,0,0,0,0,0,0,0,1
LNR-1135,CS-101,2,3,2,0.6667,5,109.1,20.0,1,2,59.1,-3.8,0.0,1.0,0.0,3.0,0.3,0,0,0,0,0,0,0,0,0,1,1,1,0,0,3
LNR-1135,CS-101,3,3,2,0.6667,6,178.1,26.0,0,2,53.4,-5.7,1.0,0.0,0.0,4.0,0.44,1,0,0,0,0,0,0,0,0,0,0,0,1,1,2
LNR-1135,CS-101,4,3,2,0.6667,8,78.3,28.0,1,1,43.9,-9.5,0.0,1.0,0.0,4.0,0.44,1,0,0,0,0,0,0,0,0,0,0,0,1,1,2
LNR-1135,CS-101,5,3,2,0.6667,6,105.8,22.0,1,1,69.9,-0.3,1.0,1.0,0.0,4.0,0.28,0,0,0,0,0,0,0,1,1,0,0,0,0,0,2
LNR-1136,CS-101,1,3,3,1.0,6,148.7,20.0,1,1,61.6,-4.8,1.0,1.0,0.0,4.0,0.44,0,0,0,0,0,0,0,0,0,0,0,0,1,1,2
LNR-1136,CS-101,2,3,3,1.0,7,179.5,26.0,1,1,54.9,-6.7,0.0,1.0,0.0,4.0,0.5,0,0,0,0,0,0,0,0,0,1,1,1,0,0,3
LNR-1136,CS-101,3,3,0,0.0,0,31.0,3.0,0,0,72.0,17.1,0.0,0.0,0.0,2.0,-0.44,1,0,0,0,0,0,0,0,0,0,0,0,0,0,0
LNR-1136,CS-101,4,3,0,0.0,0,23.9,4.0,0,0,58.8,-13.2,0.0,0.0,0.0,1.0,-0.6,1,0,0,0,0,0,0,0,0,0,0,0,0,0,0
LNR-1136,CS-101,5,3,1,0.3333,1,16.8,3.0,0,0,48.2,-10.6,0.0,1.0,0.0,1.0,-0.66,1,0,0,0,0,0,0,0,0,1,1,1,0,0,3
LNR-1137,DATA-201,1,2,1,0.5,7,160.4,14.0,0,2,46.9,-6.8,0.0,1.0,0.0,2.5,-0.1,1,0,0,0,0,0,0,0,0,1,1,1,0,0,3
LNR-1137,DATA-201,2,3,1,0.3333,6,116.8,15.0,0,2,40.3,-6.6,0.0,0.0,0.0,1.5,-0.18,1,0,0,0,0,0,0,0,0,0,0,0,0,0,0
LNR-1137,DATA-201,3,3,1,0.3333,4,110.3,11.0,0,0,51.4,11.1,1.0,0.0,0.0,2.0,-0.13,1,0,0,0,0,0,0,0,0,0,0,0,0,0,0
LNR-1137,DATA-201,4,4,1,0.25,3,41.3,5.0,0,1,29.2,-22.2,0.0,0.0,0.0,1.5,-0.6,1,0,0,0,0,0,0,0,0,0,0,0,0,0,0
LNR-1137,DATA-201,5,3,0,0.0,5,45.1,6.0,0,1,27.9,-1.3,0.0,0.0,0.0,2.0,-0.31,1,0,0,0,0,0,0,0,0,0,0,0,0,0,0
LNR-1138,DATA-201,1,4,4,1.0,13,168.3,26.0,2,1,94.5,4.1,2.0,1.0,0.0,4.0,0.44,0,0,0,1,1,0,0,0,0,0,0,0,1,1,4
LNR-1138,DATA-201,2,3,3,1.0,11,227.6,32.0,1,1,100.0,5.5,0.0,1.0,0.0,4.0,0.44,0,0,0,0,0,0,0,0,0,0,0,0,1,1,2
LNR-1138,DATA-201,3,3,3,1.0,12,215.0,38.0,2,2,89.6,-10.4,2.0,2.0,1.0,4.5,0.73,0,1,0,0,0,0,0,0,0,0,0,0,0,0,1
LNR-1138,DATA-201,4,2,2,1.0,16,273.1,38.0,1,1,95.9,6.3,0.0,0.0,1.0,5.0,0.69,0,0,0,0,0,0,0,0,0,0,0,0,0,0,0
LNR-1138,DATA-201,5,3,3,1.0,11,174.8,34.0,2,1,98.4,2.5,1.0,1.0,2.0,5.0,0.42,0,0,0,0,0,0,0,0,0,0,0,0,0,0,0
LNR-1139,AI-301,1,3,2,0.6667,3,162.3,22.0,1,1,60.3,-17.6,1.0,0.0,0.0,2.0,0.04,0,0,0,0,0,0,0,0,0,0,0,0,0,0,0
LNR-1139,AI-301,2,3,1,0.3333,1,133.1,10.0,1,2,74.8,14.5,0.0,0.0,0.0,1.5,-0.04,0,0,0,0,0,0,0,0,0,0,0,0,0,0,0
LNR-1139,AI-301,3,2,0,0.0,2,62.4,11.0,1,2,68.5,-6.3,1.0,0.0,0.0,4.0,0.44,1,0,0,0,0,0,0,0,0,0,0,0,1,1,2
LNR-1139,AI-301,4,3,1,0.3333,0,70.1,4.0,0,0,59.9,-8.6,0.0,0.0,0.0,2.0,-0.06,1,0,0,0,0,0,0,0,0,0,0,0,0,0,0
LNR-1139,AI-301,5,3,0,0.0,1,33.7,1.0,0,0,35.5,-24.4,0.0,0.0,1.0,2.5,-0.01,1,0,0,0,0,0,0,0,0,0,0,0,0,0,0
LNR-1140,DATA-201,1,3,2,0.6667,9,146.8,24.0,1,2,84.9,8.4,1.0,1.0,0.0,4.0,0.44,0,0,0,0,0,0,0,0,0,0,0,0,1,1,2
LNR-1140,DATA-201,2,3,2,0.6667,10,175.8,18.0,0,1,92.3,7.4,0.0,3.0,0.0,3.0,0.23,0,0,0,0,0,0,0,0,0,0,0,0,0,0,0
LNR-1140,DATA-201,3,3,2,0.6667,7,167.1,24.0,2,1,69.9,-22.4,1.0,1.0,0.0,4.0,0.04,0,0,0,0,0,0,0,0,0,0,0,0,0,0,0
LNR-1140,DATA-201,4,3,2,0.6667,11,157.8,29.0,1,1,77.1,7.2,0.0,2.0,0.0,4.0,0.4,0,0,0,0,0,0,0,0,0,0,0,0,0,0,0
LNR-1140,DATA-201,5,2,1,0.5,10,139.5,13.0,1,2,77.7,0.6,2.0,2.0,0.0,4.0,0.44,0,0,0,0,0,0,0,0,0,0,0,0,1,1,2
LNR-1141,AI-301,1,3,3,1.0,12,159.4,35.0,2,1,74.3,7.2,1.0,0.0,0.0,5.0,0.52,0,0,0,0,0,0,0,0,0,0,0,0,0,0,0
LNR-1141,AI-301,2,4,4,1.0,7,200.7,37.0,2,3,75.9,1.6,0.0,2.0,1.0,5.0,0.7,0,0,0,0,0,0,0,0,0,0,0,0,0,0,0
LNR-1141,AI-301,3,3,3,1.0,12,238.2,35.0,2,2,70.9,-5.0,1.0,1.0,0.0,4.5,0.44,0,0,0,0,0,0,0,0,0,0,0,0,0,0,0
LNR-1141,AI-301,4,2,2,1.0,20,282.3,34.0,2,1,67.1,-3.8,2.0,2.0,0.0,4.0,0.44,0,0,0,0,0,0,0,0,0,0,0,0,1,1,2
LNR-1141,AI-301,5,2,2,1.0,8,227.0,32.0,2,1,73.5,6.4,0.0,1.0,0.0,5.0,0.44,0,0,0,0,0,0,0,0,0,1,1,1,0,0,3
LNR-1142,AI-301,1,2,2,1.0,11,214.8,21.0,1,1,79.6,23.5,1.0,1.0,0.0,4.0,0.44,0,0,0,0,0,0,0,0,0,0,0,0,1,1,2
LNR-1142,AI-301,2,3,3,1.0,7,150.6,25.0,1,1,57.6,-22.0,1.0,1.0,0.0,4.0,0.5,0,0,0,0,0,0,0,0,0,0,0,0,0,0,0
LNR-1142,AI-301,3,3,0,0.0,0,29.6,5.0,0,1,13.5,-44.1,0.0,0.0,0.0,1.0,-0.26,1,0,0,0,0,0,0,0,0,0,0,0,0,0,0
LNR-1142,AI-301,4,3,1,0.3333,1,40.9,3.0,0,1,20.0,6.5,0.0,0.0,0.0,1.0,-0.7,1,0,0,0,0,0,0,0,0,0,0,0,0,0,0
LNR-1142,AI-301,5,4,0,0.0,0,25.7,3.0,0,0,24.3,4.3,0.0,0.0,0.0,1.0,-0.25,1,0,0,0,0,0,0,0,0,0,0,0,0,0,0
LNR-1143,CS-101,1,3,1,1.0,1,156.4,18.0,1,2,51.9,-9.1,0.0,1.0,0.0,2.0,-0.09,0,1,0,0,0,0,0,0,0,0,0,0,0,0,1
LNR-1143,CS-101,2,2,1,0.5,2,88.1,17.0,1,1,66.0,14.1,0.0,0.0,0.0,3.0,-0.33,0,0,0,0,0,0,0,0,0,0,0,0,0,0,0
LNR-1143,CS-101,3,4,1,0.25,2,36.1,4.0,0,0,56.2,-9.8,2.0,1.0,0.0,3.0,-0.45,1,0,0,0,0,0,0,0,0,0,0,0,0,0,0
LNR-1143,CS-101,4,3,0,0.0,0,42.0,12.0,1,0,27.6,-28.6,1.0,0.0,0.0,1.5,0.06,1,0,0,0,0,0,0,0,0,0,0,0,0,0,0
LNR-1143,CS-101,5,3,0,0.0,0,39.3,6.0,0,0,61.7,34.1,0.0,0.0,0.0,1.5,-0.05,1,0,0,0,0,0,0,0,0,0,0,0,0,0,0
LNR-1144,CS-101,1,2,1,0.5,6,100.5,22.0,0,1,60.0,-11.9,1.0,0.0,1.0,2.0,-0.22,1,0,0,0,0,0,0,0,0,0,0,0,0,0,0
LNR-1144,CS-101,2,3,1,0.3333,6,126.7,19.0,1,2,61.7,1.7,0.0,0.0,0.0,2.0,-0.55,0,0,0,0,0,0,0,0,0,0,0,0,0,0,0
LNR-1144,CS-101,3,2,0,0.0,3,101.7,7.0,1,0,41.0,-20.7,0.0,0.0,0.0,2.5,-0.48,1,0,0,0,0,0,0,0,0,0,0,0,0,0,0
LNR-1144,CS-101,4,3,0,0.0,3,59.3,7.0,0,0,65.0,24.0,1.0,0.0,0.0,1.5,-0.1,1,0,0,0,0,0,0,0,0,0,0,0,0,0,0
LNR-1144,CS-101,5,2,0,0.0,0,96.2,1.0,0,1,53.0,-12.0,0.0,0.0,0.0,4.0,0.44,1,0,0,0,0,0,0,0,0,0,0,0,1,1,2
LNR-1145,CS-101,1,3,3,1.0,16,195.6,32.0,2,1,63.7,-5.4,0.0,1.0,0.0,4.0,0.44,0,0,0,0,0,0,0,0,0,1,1,1,1,1,5
LNR-1145,CS-101,2,3,3,1.0,9,213.1,23.0,1,2,64.0,0.3,0.0,4.0,0.0,5.0,0.46,0,0,0,0,0,0,0,0,0,0,0,0,0,0,0
LNR-1145,CS-101,3,2,2,1.0,15,204.6,33.0,2,1,60.3,-3.7,2.0,1.0,0.0,4.5,0.6,0,0,0,0,0,0,0,0,0,0,0,0,0,0,0
LNR-1145,CS-101,4,2,2,1.0,11,244.9,38.0,2,2,70.3,10.0,0.0,0.0,0.0,4.0,0.54,0,0,0,0,0,0,0,0,0,0,0,0,0,0,0
LNR-1145,CS-101,5,3,3,1.0,12,218.8,34.0,2,1,64.0,-6.3,0.0,1.0,0.0,4.0,0.52,0,0,0,0,0,0,0,0,0,0,0,0,0,0,0
LNR-1146,CS-101,1,3,3,1.0,11,247.2,40.0,2,1,90.3,8.9,0.0,1.0,0.0,4.5,0.51,0,0,0,0,0,0,0,0,0,0,0,0,0,0,0
LNR-1146,CS-101,2,3,3,1.0,8,223.6,33.0,2,2,82.2,-8.1,0.0,2.0,1.0,4.0,0.5,0,0,0,0,0,0,0,0,0,0,0,0,0,0,0
LNR-1146,CS-101,3,4,4,1.0,13,249.0,42.0,2,1,88.6,6.4,0.0,2.0,0.0,4.0,0.64,0,0,0,0,0,0,0,0,0,0,0,0,0,0,0
LNR-1146,CS-101,4,4,4,1.0,10,198.7,28.0,2,2,81.6,-7.0,0.0,1.0,0.0,5.0,0.5,0,0,0,0,0,0,0,0,0,0,0,0,0,0,0
LNR-1146,CS-101,5,3,3,1.0,11,168.3,26.0,2,1,74.3,-7.3,0.0,1.0,0.0,4.5,0.73,0,1,0,1,1,0,0,0,0,1,1,1,0,0,6
LNR-1147,CS-101,1,4,4,1.0,11,238.3,34.0,2,2,61.6,4.0,1.0,1.0,0.0,5.0,0.81,0,0,0,0,0,0,0,0,0,0,0,0,0,0,0
LNR-1147,CS-101,2,3,3,1.0,8,168.3,26.0,1,2,60.3,-1.3,0.0,1.0,0.0,4.5,0.61,0,0,0,1,1,0,0,0,0,0,0,0,0,0,2
LNR-1147,CS-101,3,4,4,1.0,6,199.0,40.0,2,2,60.7,0.4,1.0,1.0,0.0,5.0,0.6,0,0,0,0,0,0,0,0,0,0,0,0,0,0,0
LNR-1147,CS-101,4,4,4,1.0,9,199.5,42.0,2,2,60.7,0.0,0.0,1.0,0.0,4.0,0.44,0,0,0,0,0,0,0,0,0,1,1,1,1,1,5
LNR-1147,CS-101,5,2,2,1.0,9,175.7,39.0,2,1,51.5,-9.2,0.0,1.0,0.0,5.0,0.78,0,0,0,0,0,0,0,0,0,1,1,1,0,0,3
LNR-1148,DATA-201,1,3,3,1.0,12,168.3,26.0,2,2,82.2,3.4,1.0,3.0,1.0,4.0,0.72,0,0,0,1,1,0,0,0,0,0,0,0,0,0,2
LNR-1148,DATA-201,2,2,2,1.0,11,213.8,42.0,2,2,76.6,-5.6,0.0,0.0,0.0,4.0,0.45,0,0,0,0,0,0,0,0,0,0,0,0,0,0,0
LNR-1148,DATA-201,3,3,3,1.0,16,315.2,30.0,2,1,78.4,1.8,0.0,0.0,0.0,4.0,0.75,0,0,0,0,0,0,0,0,0,0,0,0,0,0,0
LNR-1148,DATA-201,4,2,2,1.0,10,220.7,34.0,1,3,92.1,13.7,1.0,1.0,0.0,4.0,0.44,0,0,0,0,0,0,0,0,0,0,0,0,1,1,2
LNR-1148,DATA-201,5,2,2,1.0,8,255.8,27.0,2,2,73.5,-18.6,2.0,2.0,1.0,4.0,0.44,0,0,0,0,0,0,0,0,0,0,0,0,1,1,2
LNR-1149,CS-101,1,4,4,1.0,12,143.2,36.0,2,1,89.4,7.8,0.0,2.0,1.0,4.5,0.76,0,0,0,0,0,0,0,0,0,0,0,0,0,0,0
LNR-1149,CS-101,2,3,3,1.0,12,223.2,26.0,2,1,76.7,-12.7,1.0,2.0,0.0,4.0,0.44,0,0,0,0,0,0,0,0,0,0,0,0,1,1,2
LNR-1149,CS-101,3,2,2,1.0,10,191.6,28.0,1,3,85.3,8.6,0.0,1.0,0.0,5.0,0.45,0,0,0,0,0,0,0,0,0,1,1,1,0,0,3
LNR-1149,CS-101,4,4,4,1.0,11,168.3,26.0,2,3,91.7,6.4,3.0,1.0,0.0,4.5,0.57,0,0,0,1,1,0,0,0,0,0,0,0,0,0,2
LNR-1149,CS-101,5,3,3,1.0,11,129.3,29.0,2,2,88.3,-3.4,0.0,3.0,1.0,5.0,0.84,0,0,0,0,0,0,0,0,0,0,0,0,0,0,0
LNR-1150,AI-301,1,3,2,0.6667,4,90.1,16.0,2,1,70.7,-1.1,0.0,1.0,0.0,4.0,0.41,0,0,0,0,0,0,0,0,0,0,0,0,0,0,0
LNR-1150,AI-301,2,3,2,0.6667,9,127.7,22.0,2,1,72.3,1.6,0.0,1.0,0.0,3.5,0.44,0,0,0,0,0,0,0,0,0,0,0,0,0,0,0
LNR-1150,AI-301,3,3,2,0.6667,7,172.8,16.0,1,1,79.8,7.5,0.0,1.0,0.0,4.0,0.44,0,0,0,0,0,0,0,0,0,0,0,0,1,1,2
LNR-1150,AI-301,4,4,3,0.75,7,98.6,19.0,1,1,67.4,-12.4,0.0,0.0,0.0,3.0,0.36,0,0,0,0,0,0,0,0,0,0,0,0,0,0,0
LNR-1150,AI-301,5,3,2,0.6667,9,157.0,21.0,1,1,73.7,6.3,1.0,0.0,0.0,3.5,0.16,0,0,0,0,0,0,0,0,0,0,0,0,0,0,0
LNR-1151,WEB-102,1,4,4,1.0,14,266.7,36.0,2,1,73.1,3.1,1.0,1.0,0.0,5.0,0.63,0,0,0,0,0,0,0,0,0,0,0,0,0,0,0
LNR-1151,WEB-102,2,3,3,1.0,9,232.5,39.0,1,2,70.6,-2.5,0.0,1.0,2.0,5.0,0.65,0,0,0,0,0,0,0,0,0,0,0,0,0,0,0
LNR-1151,WEB-102,3,2,2,1.0,13,283.6,40.0,2,1,67.4,-3.2,0.0,1.0,0.0,4.0,0.44,0,0,0,0,0,0,0,0,0,0,0,0,1,1,2
LNR-1151,WEB-102,4,2,2,1.0,8,245.3,30.0,2,3,69.6,2.2,0.0,1.0,1.0,5.0,0.55,0,0,0,0,0,0,0,0,0,0,0,0,0,0,0
LNR-1151,WEB-102,5,3,3,1.0,10,287.1,40.0,2,2,81.1,11.5,1.0,2.0,0.0,4.5,0.77,0,0,0,0,0,0,0,0,0,0,0,0,0,0,0
LNR-1152,CS-101,1,3,2,0.6667,6,195.2,29.0,1,1,74.1,-1.4,0.0,0.0,0.0,3.5,0.44,0,0,0,0,0,0,0,0,0,0,0,0,0,0,0
LNR-1152,CS-101,2,4,3,0.75,8,57.8,23.0,1,1,80.2,6.1,1.0,0.0,0.0,3.0,0.08,0,0,0,0,0,0,0,0,0,0,0,0,0,0,0
LNR-1152,CS-101,3,4,3,0.75,5,243.1,24.0,1,1,69.9,-0.3,0.0,1.0,0.0,3.0,0.41,0,0,0,0,0,0,0,1,1,0,0,0,0,0,2
LNR-1152,CS-101,4,3,2,0.6667,5,164.5,24.0,2,2,60.3,-11.6,1.0,0.0,0.0,4.0,0.39,0,0,0,0,0,0,0,0,0,0,0,0,0,0,0
LNR-1152,CS-101,5,3,2,0.6667,8,152.6,16.0,2,1,81.7,21.4,0.0,0.0,0.0,3.5,0.24,0,0,0,0,0,0,0,0,0,0,0,0,0,0,0
LNR-1153,CS-101,1,3,2,1.0,3,162.1,14.0,1,3,59.7,-5.1,0.0,0.0,0.0,2.0,-0.28,0,1,0,0,0,0,0,0,0,0,0,0,0,0,1
LNR-1153,CS-101,2,3,1,0.3333,6,91.4,11.0,1,0,54.3,-5.4,0.0,1.0,0.0,2.5,-0.27,0,0,0,0,0,0,0,0,0,0,0,0,0,0,0
LNR-1153,CS-101,3,2,1,0.5,1,96.9,10.0,0,2,51.1,-3.2,0.0,0.0,0.0,2.0,-0.45,1,0,0,0,0,0,0,0,0,0,0,0,0,0,0
LNR-1153,CS-101,4,3,1,0.3333,3,88.5,6.0,1,1,45.7,-5.4,1.0,1.0,0.0,2.5,-0.39,1,0,0,0,0,0,0,0,0,0,0,0,0,0,0
LNR-1153,CS-101,5,3,0,0.0,1,14.8,3.0,0,0,69.9,-0.3,0.0,0.0,0.0,2.0,-0.54,1,0,0,0,0,0,0,1,1,0,0,0,0,0,2
LNR-1154,CS-101,1,3,2,0.6667,9,138.1,17.0,1,1,58.8,-9.6,0.0,0.0,0.0,3.5,0.25,0,0,0,0,0,0,0,0,0,0,0,0,0,0,0
LNR-1154,CS-101,2,2,1,0.5,8,168.3,26.0,1,1,76.7,17.9,0.0,0.0,0.0,3.5,0.1,0,0,0,1,1,0,0,0,0,0,0,0,0,0,2
LNR-1154,CS-101,3,3,3,1.0,15,112.7,19.0,1,1,63.8,-12.9,2.0,0.0,0.0,3.5,0.0,0,0,0,0,0,0,0,0,0,0,0,0,0,0,0
LNR-1154,CS-101,4,2,2,1.0,3,161.9,22.0,0,1,69.2,5.4,0.0,0.0,0.0,3.0,0.04,0,0,0,0,0,0,0,0,0,0,0,0,0,0,0
LNR-1154,CS-101,5,3,2,0.6667,8,103.5,17.0,1,1,69.9,-0.3,0.0,1.0,0.0,4.0,0.48,0,0,0,0,0,0,0,1,1,0,0,0,0,0,2
LNR-1155,DATA-201,1,3,1,0.3333,7,110.6,17.0,1,2,69.9,-0.3,0.0,1.0,0.0,2.5,-0.54,0,0,0,0,0,0,0,1,1,0,0,0,0,0,2
LNR-1155,DATA-201,2,2,1,0.5,3,168.3,26.0,1,0,70.3,-9.6,0.0,1.0,0.0,2.0,-0.44,0,0,0,1,1,0,0,0,0,0,0,0,0,0,2
LNR-1155,DATA-201,3,3,1,0.3333,4,94.9,8.0,0,1,49.9,-20.4,0.0,0.0,0.0,4.0,0.44,1,0,0,0,0,0,0,0,0,0,0,0,1,1,2
LNR-1155,DATA-201,4,2,0,0.0,2,80.6,5.0,0,2,54.6,4.7,0.0,1.0,0.0,3.0,-0.0,1,0,0,0,0,0,0,0,0,1,1,1,0,0,3
LNR-1155,DATA-201,5,3,0,0.0,1,62.7,5.0,0,0,63.1,8.5,2.0,0.0,0.0,3.0,-0.12,1,0,0,0,0,0,0,0,0,0,0,0,0,0,0
LNR-1156,CS-101,1,4,3,0.75,6,265.9,25.0,2,1,86.9,6.9,0.0,2.0,0.0,4.5,0.53,0,0,0,0,0,0,0,0,0,0,0,0,0,0,0
LNR-1156,CS-101,2,3,3,1.0,18,205.7,25.0,2,2,82.3,-4.6,1.0,1.0,0.0,4.0,0.42,0,0,0,0,0,0,0,0,0,0,0,0,0,0,0
LNR-1156,CS-101,3,3,3,1.0,17,168.3,26.0,2,1,78.8,-3.5,0.0,1.0,0.0,4.5,0.54,0,0,0,1,1,0,0,0,0,0,0,0,0,0,2
LNR-1156,CS-101,4,2,2,1.0,9,191.2,37.0,2,2,83.8,5.0,0.0,1.0,1.0,4.5,0.45,0,0,0,0,0,0,0,0,0,0,0,0,0,0,0
LNR-1156,CS-101,5,3,3,1.0,13,229.3,34.0,2,1,80.5,-3.3,0.0,3.0,0.0,4.5,0.5,0,0,0,0,0,0,0,0,0,0,0,0,0,0,0
LNR-1157,AI-301,1,3,3,1.0,12,263.2,27.0,2,1,77.0,6.8,0.0,1.0,0.0,5.0,0.42,0,0,0,0,0,0,0,0,0,0,0,0,0,0,0
LNR-1157,AI-301,2,4,4,1.0,13,189.6,27.0,2,1,73.7,-3.3,1.0,3.0,0.0,5.0,0.88,0,0,0,0,0,0,0,0,0,0,0,0,0,0,0
LNR-1157,AI-301,3,2,2,1.0,7,167.1,21.0,2,1,68.7,-5.0,0.0,1.0,0.0,4.5,0.65,0,0,0,0,0,0,0,0,0,0,0,0,0,0,0
LNR-1157,AI-301,4,3,3,1.0,11,202.3,41.0,2,2,75.1,6.4,1.0,1.0,0.0,4.0,0.44,0,0,0,0,0,0,0,0,0,0,0,0,1,1,2
LNR-1157,AI-301,5,4,4,1.0,14,274.8,30.0,2,1,75.1,0.0,1.0,3.0,0.0,4.5,0.68,0,0,0,0,0,0,0,0,0,0,0,0,0,0,0
LNR-1158,CS-101,1,2,2,1.0,13,329.6,36.0,1,1,70.2,11.3,0.0,1.0,0.0,5.0,0.81,0,0,0,0,0,0,0,0,0,0,0,0,0,0,0
LNR-1158,CS-101,2,3,3,1.0,8,182.0,23.0,2,1,50.7,-19.5,1.0,1.0,0.0,4.0,0.69,0,0,0,0,0,0,0,0,0,0,0,0,0,0,0
LNR-1158,CS-101,3,3,3,1.0,18,281.3,42.0,2,1,62.8,12.1,0.0,1.0,0.0,4.0,0.44,0,0,0,0,0,0,0,0,0,0,0,0,1,1,2
LNR-1158,CS-101,4,2,2,1.0,15,202.7,31.0,1,1,71.8,9.0,0.0,1.0,0.0,4.0,0.67,0,0,0,0,0,0,0,0,0,0,0,0,0,0,0
LNR-1158,CS-101,5,4,4,1.0,12,183.5,44.0,2,1,61.8,-10.0,1.0,0.0,1.0,4.5,0.66,0,0,0,0,0,0,0,0,0,0,0,0,0,0,0
LNR-1159,CS-101,1,4,4,1.0,10,248.1,37.0,2,1,95.0,5.9,1.0,1.0,0.0,5.0,0.46,0,0,0,0,0,0,0,0,0,0,0,0,0,0,0
LNR-1159,CS-101,2,3,3,1.0,4,144.6,34.0,2,1,69.9,-0.3,1.0,1.0,1.0,4.5,0.72,0,0,0,0,0,0,0,1,1,0,0,0,0,0,2
LNR-1159,CS-101,3,2,2,1.0,12,218.3,39.0,1,2,69.9,-0.3,0.0,1.0,0.0,5.0,0.67,0,0,0,0,0,0,0,1,1,0,0,0,0,0,2
LNR-1159,CS-101,4,3,3,1.0,12,142.9,36.0,2,2,89.4,-0.1,0.0,3.0,0.0,4.0,0.75,0,0,0,0,0,0,0,0,0,0,0,0,0,0,0
LNR-1159,CS-101,5,4,4,1.0,14,224.4,34.0,2,1,91.0,1.6,1.0,1.0,0.0,4.5,0.44,0,0,0,0,0,0,0,0,0,0,0,0,0,0,0
LNR-1160,CS-101,1,3,2,0.6667,7,181.7,15.0,2,1,74.9,-15.9,1.0,1.0,0.0,3.0,0.43,0,0,0,0,0,0,0,0,0,0,0,0,0,0,0
LNR-1160,CS-101,2,2,2,1.0,4,54.3,26.0,1,1,90.0,15.1,1.0,0.0,1.0,4.0,0.44,0,1,0,0,0,0,0,0,0,0,0,0,1,1,3
LNR-1160,CS-101,3,3,2,0.6667,8,157.9,13.0,2,2,97.0,7.0,0.0,1.0,0.0,3.5,0.22,0,0,0,0,0,0,0,0,0,0,0,0,0,0,0
LNR-1160,CS-101,4,3,2,0.6667,8,118.7,32.0,2,1,88.9,-8.1,0.0,0.0,1.0,3.0,0.29,0,0,0,0,0,0,0,0,0,0,0,0,0,0,0
LNR-1160,CS-101,5,3,2,0.6667,8,81.2,19.0,0,2,97.8,8.9,1.0,1.0,0.0,4.0,0.44,0,0,0,0,0,0,0,0,0,0,0,0,1,1,2
LNR-1161,CS-101,1,2,2,1.0,15,183.1,29.0,2,1,90.3,2.6,0.0,1.0,0.0,4.5,0.76,0,0,0,0,0,0,0,0,0,1,1,1,0,0,3
LNR-1161,CS-101,2,3,3,1.0,10,202.1,32.0,1,1,93.9,3.6,1.0,0.0,0.0,4.0,0.75,0,0,0,0,0,0,0,0,0,0,0,0,0,0,0
LNR-1161,CS-101,3,3,3,1.0,7,232.0,42.0,2,2,97.9,4.0,2.0,3.0,1.0,5.0,0.53,0,0,0,0,0,0,0,0,0,0,0,0,0,0,0
LNR-1161,CS-101,4,3,3,1.0,12,163.4,35.0,2,2,88.0,-9.9,2.0,0.0,0.0,5.0,0.53,0,0,0,0,0,0,0,0,0,0,0,0,0,0,0
LNR-1161,CS-101,5,4,4,1.0,12,201.6,34.0,2,1,99.6,11.6,2.0,0.0,0.0,5.0,0.74,0,0,0,0,0,0,0,0,0,0,0,0,0,0,0
LNR-1162,AI-301,1,4,3,0.75,8,187.5,20.0,1,1,77.5,3.9,0.0,1.0,0.0,3.0,0.42,0,0,0,0,0,0,0,0,0,0,0,0,0,0,0
LNR-1162,AI-301,2,3,2,0.6667,4,97.9,19.0,1,1,65.0,-12.5,0.0,2.0,0.0,3.0,0.05,0,0,0,0,0,0,0,0,0,0,0,0,0,0,0
LNR-1162,AI-301,3,2,2,1.0,9,106.9,21.0,1,2,82.8,17.8,1.0,0.0,0.0,4.0,0.17,0,0,0,0,0,0,0,0,0,0,0,0,0,0,0
LNR-1162,AI-301,4,3,2,0.6667,7,134.3,18.0,1,1,69.9,-0.3,1.0,1.0,0.0,3.5,0.14,0,0,0,0,0,0,0,1,1,0,0,0,0,0,2
LNR-1162,AI-301,5,3,2,0.6667,7,215.2,28.0,0,2,79.5,3.2,0.0,1.0,0.0,3.0,0.45,0,0,0,0,0,0,0,0,0,0,0,0,0,0,0
LNR-1163,WEB-102,1,2,1,0.5,4,85.8,15.0,1,0,66.7,-11.3,0.0,1.0,0.0,4.0,0.44,1,0,0,0,0,0,0,0,0,1,1,1,1,1,5
LNR-1163,WEB-102,2,3,1,0.3333,3,168.3,26.0,1,3,56.9,-9.8,1.0,0.0,0.0,2.5,-0.46,0,0,0,1,1,0,0,0,0,0,0,0,0,0,2
LNR-1163,WEB-102,3,4,1,0.25,3,41.1,10.0,1,1,64.0,7.1,0.0,0.0,0.0,4.0,0.44,1,0,0,0,0,0,0,0,0,0,0,0,1,1,2
LNR-1163,WEB-102,4,4,1,0.25,2,100.4,9.0,1,0,65.3,1.3,1.0,0.0,0.0,3.0,-0.49,0,0,0,0,0,0,0,0,0,0,0,0,0,0,0
LNR-1163,WEB-102,5,4,1,0.25,1,55.1,5.0,0,0,38.0,-27.3,0.0,0.0,0.0,2.0,-0.44,1,0,0,0,0,0,0,0,0,0,0,0,0,0,0
LNR-1164,DATA-201,1,3,2,0.6667,3,133.2,14.0,1,0,40.1,-12.4,1.0,0.0,0.0,2.0,-0.34,0,0,0,0,0,0,0,0,0,0,0,0,0,0,0
LNR-1164,DATA-201,2,4,1,0.25,6,76.9,9.0,0,0,47.5,7.4,0.0,0.0,0.0,2.0,0.02,1,0,0,0,0,0,0,0,0,0,0,0,0,0,0
LNR-1164,DATA-201,3,2,0,0.0,5,88.7,8.0,0,1,45.5,-2.0,1.0,0.0,0.0,2.0,-0.16,1,0,0,0,0,0,0,0,0,0,0,0,0,0,0
LNR-1164,DATA-201,4,4,1,0.25,2,71.9,11.0,0,1,11.2,-34.3,0.0,0.0,0.0,2.0,-0.54,1,0,0,0,0,0,0,0,0,0,0,0,0,0,0
LNR-1164,DATA-201,5,3,0,0.0,0,93.1,2.0,0,1,20.5,9.3,0.0,0.0,0.0,4.0,0.44,1,0,0,0,0,0,0,0,0,0,0,0,1,1,2
LNR-1165,CS-101,1,3,3,1.0,14,169.2,30.0,2,1,67.2,-1.1,0.0,0.0,1.0,5.0,0.56,0,0,0,0,0,0,0,0,0,0,0,0,0,0,0
LNR-1165,CS-101,2,3,3,1.0,10,177.2,26.0,1,2,69.9,-0.3,0.0,0.0,1.0,4.5,0.67,0,0,0,0,0,0,0,1,1,0,0,0,0,0,2
LNR-1165,CS-101,3,3,3,1.0,14,196.9,32.0,2,1,83.0,13.4,1.0,1.0,1.0,4.0,0.44,0,0,0,0,0,0,0,0,0,0,0,0,1,1,2
LNR-1165,CS-101,4,3,3,1.0,16,178.4,36.0,2,1,73.6,-9.4,0.0,1.0,0.0,4.0,0.44,0,0,0,0,0,0,0,0,0,0,0,0,1,1,2
LNR-1165,CS-101,5,3,3,1.0,13,168.3,26.0,2,1,73.8,0.2,2.0,5.0,0.0,4.0,0.73,0,0,0,1,1,0,0,0,0,0,0,0,0,0,2
LNR-1166,CS-101,1,3,2,0.6667,6,145.6,13.0,1,1,60.8,-5.9,1.0,0.0,0.0,3.5,0.47,0,0,0,0,0,0,0,0,0,0,0,0,0,0,0
LNR-1166,CS-101,2,3,2,0.6667,10,118.8,29.0,2,1,59.0,-1.8,0.0,0.0,1.0,3.0,0.25,0,0,0,0,0,0,0,0,0,0,0,0,0,0,0
LNR-1166,CS-101,3,3,2,0.6667,3,145.9,18.0,1,2,66.0,7.0,0.0,0.0,0.0,3.5,0.45,0,0,0,0,0,0,0,0,0,0,0,0,0,0,0
LNR-1166,CS-101,4,2,2,1.0,8,127.3,21.0,1,1,58.4,-7.6,1.0,0.0,0.0,3.0,0.08,0,0,0,0,0,0,0,0,0,0,0,0,0,0,0
LNR-1166,CS-101,5,4,3,0.75,6,106.1,16.0,0,1,60.3,1.9,0.0,0.0,0.0,4.0,0.44,0,0,0,0,0,0,0,0,0,0,0,0,1,1,2
LNR-1167,CS-101,1,3,2,0.6667,8,163.7,23.0,1,1,79.5,17.0,0.0,0.0,1.0,3.5,0.47,0,0,0,0,0,0,0,0,0,0,0,0,0,0,0
LNR-1167,CS-101,2,4,3,0.75,6,177.7,31.0,2,1,51.2,-28.3,1.0,0.0,1.0,4.0,0.44,0,0,0,0,0,0,0,0,0,0,0,0,1,1,2
LNR-1167,CS-101,3,3,2,0.6667,9,61.4,24.0,1,2,47.6,-3.6,0.0,1.0,2.0,4.0,0.4,0,0,0,0,0,0,0,0,0,0,0,0,0,0,0
LNR-1167,CS-101,4,3,2,0.6667,8,163.3,21.0,2,1,59.6,12.0,1.0,1.0,0.0,4.0,0.44,0,0,0,0,0,0,0,0,0,0,0,0,1,1,2
LNR-1167,CS-101,5,3,3,1.0,5,192.4,21.0,2,2,69.9,-0.3,0.0,1.0,0.0,3.5,0.28,0,0,0,0,0,0,0,1,1,0,0,0,0,0,2
LNR-1168,AI-301,1,2,2,1.0,8,178.4,17.0,1,1,53.1,-4.9,1.0,1.0,0.0,3.5,0.49,0,1,0,0,0,0,0,0,0,0,0,0,0,0,1
LNR-1168,AI-301,2,2,2,1.0,9,109.8,24.0,1,1,63.8,10.7,0.0,0.0,0.0,3.5,0.33,0,0,0,0,0,0,0,0,0,0,0,0,0,0,0
LNR-1168,AI-301,3,3,2,0.6667,12,125.5,19.0,1,1,69.9,-0.3,0.0,0.0,0.0,4.0,0.44,0,0,0,0,0,0,0,1,1,0,0,0,1,1,4
LNR-1168,AI-301,4,3,2,0.6667,11,162.0,19.0,1,1,56.5,-0.6,0.0,1.0,0.0,3.0,0.35,0,0,0,0,0,0,0,0,0,0,0,0,0,0,0
LNR-1168,AI-301,5,4,3,0.75,7,161.2,18.0,0,1,58.7,2.2,0.0,0.0,0.0,4.0,0.44,0,0,0,0,0,0,0,0,0,0,0,0,1,1,2
LNR-1169,DATA-201,1,4,2,0.5,7,152.3,14.0,1,3,45.1,0.4,0.0,1.0,0.0,4.0,0.44,0,0,0,0,0,0,0,0,0,1,1,1,1,1,5
LNR-1169,DATA-201,2,3,1,0.3333,4,99.2,7.0,1,0,31.3,-13.8,1.0,0.0,0.0,2.5,0.06,1,0,0,0,0,0,0,0,0,0,0,0,0,0,0
LNR-1169,DATA-201,3,2,1,0.5,4,61.6,12.0,0,0,42.6,11.3,1.0,0.0,0.0,2.5,-0.38,1,0,0,0,0,0,0,0,0,0,0,0,0,0,0
LNR-1169,DATA-201,4,3,1,0.3333,1,37.8,5.0,1,0,20.3,-22.3,0.0,0.0,0.0,4.0,0.44,1,0,0,0,0,0,0,0,0,0,0,0,1,1,2
LNR-1169,DATA-201,5,3,0,0.0,1,168.3,26.0,0,1,19.8,-0.5,0.0,0.0,0.0,2.0,-0.39,1,0,0,1,1,0,0,0,0,0,0,0,0,0,2
LNR-1170,AI-301,1,3,3,1.0,15,199.7,32.0,2,1,75.7,-4.2,0.0,0.0,0.0,4.5,0.77,0,0,0,0,0,0,0,0,0,0,0,0,0,0,0
LNR-1170,AI-301,2,3,3,1.0,7,242.4,37.0,1,1,93.0,17.3,0.0,1.0,0.0,5.0,0.89,0,0,0,0,0,0,0,0,0,1,1,1,0,0,3
LNR-1170,AI-301,3,3,3,1.0,10,260.4,32.0,2,1,77.0,-16.0,0.0,2.0,0.0,4.5,0.56,0,0,0,0,0,0,0,0,0,0,0,0,0,0,0
LNR-1170,AI-301,4,3,3,1.0,11,203.1,33.0,2,1,86.5,9.5,0.0,1.0,0.0,4.5,0.78,0,0,0,0,0,0,0,0,0,1,1,1,0,0,3
LNR-1170,AI-301,5,3,3,1.0,11,204.4,32.0,2,1,81.6,-4.9,0.0,1.0,0.0,4.5,0.41,0,0,0,0,0,0,0,0,0,1,1,1,0,0,3
LNR-1171,AI-301,1,3,3,1.0,8,211.0,22.0,1,1,59.8,10.5,1.0,1.0,0.0,4.0,0.5,0,0,0,0,0,0,0,0,0,0,0,0,0,0,0
LNR-1171,AI-301,2,3,2,0.6667,5,167.2,22.0,1,1,45.2,-14.6,1.0,1.0,0.0,4.0,0.5,0,0,0,0,0,0,0,0,0,0,0,0,0,0,0
LNR-1171,AI-301,3,3,1,0.3333,1,168.3,26.0,0,0,9.4,-35.8,0.0,0.0,0.0,1.0,-0.46,1,0,0,1,1,0,0,0,0,0,0,0,0,0,2
LNR-1171,AI-301,4,2,0,0.0,2,17.9,6.0,0,0,26.8,17.4,0.0,0.0,0.0,4.0,0.44,1,0,0,0,0,0,0,0,0,0,0,0,1,1,2
LNR-1171,AI-301,5,3,0,0.0,2,33.1,3.0,0,1,6.6,-20.2,0.0,0.0,0.0,1.0,-0.43,1,0,0,0,0,0,0,0,0,0,0,0,0,0,0
LNR-1172,DATA-201,1,3,3,1.0,13,252.3,34.0,2,1,70.6,0.4,1.0,1.0,2.0,5.0,0.53,0,0,0,0,0,0,0,0,0,0,0,0,0,0,0
LNR-1172,DATA-201,2,3,3,1.0,14,287.2,32.0,1,2,80.8,10.2,0.0,0.0,1.0,5.0,0.68,0,0,0,0,0,0,0,0,0,0,0,0,0,0,0
LNR-1172,DATA-201,3,2,2,1.0,10,238.8,26.0,1,3,71.7,-9.1,1.0,0.0,0.0,4.0,0.65,0,0,0,0,0,0,0,0,0,0,0,0,0,0,0
LNR-1172,DATA-201,4,3,3,1.0,11,193.1,39.0,2,1,71.8,0.1,2.0,2.0,2.0,4.5,0.83,0,0,0,0,0,0,0,0,0,0,0,0,0,0,0
LNR-1172,DATA-201,5,3,3,1.0,14,200.3,30.0,2,1,80.4,8.6,0.0,5.0,0.0,5.0,0.84,0,0,0,0,0,0,0,0,0,0,0,0,0,0,0
LNR-1173,AI-301,1,2,2,1.0,13,155.1,17.0,1,1,45.3,-3.4,0.0,3.0,0.0,3.0,0.13,0,0,0,0,0,0,0,0,0,0,0,0,0,0,0
LNR-1173,AI-301,2,3,2,0.6667,8,218.0,28.0,0,1,42.8,-2.5,0.0,2.0,1.0,3.5,0.39,0,0,0,0,0,0,0,0,0,0,0,0,0,0,0
LNR-1173,AI-301,3,4,3,0.75,8,123.0,25.0,1,2,42.7,-0.1,0.0,1.0,0.0,3.0,0.24,0,0,0,0,0,0,0,0,0,0,0,0,0,0,0
LNR-1173,AI-301,4,3,2,0.6667,5,130.7,26.0,1,1,41.9,-0.8,1.0,0.0,0.0,4.0,0.38,0,0,0,0,0,0,0,0,0,0,0,0,0,0,0
LNR-1173,AI-301,5,4,3,0.75,11,139.3,18.0,0,1,69.9,-0.3,0.0,1.0,0.0,4.0,0.44,0,0,0,0,0,0,0,1,1,1,1,1,1,1,7
LNR-1174,WEB-102,1,2,2,1.0,11,129.4,30.0,2,1,58.0,-4.9,0.0,1.0,0.0,4.5,0.52,0,0,0,0,0,0,0,0,0,1,1,1,0,0,3
LNR-1174,WEB-102,2,3,3,1.0,13,200.6,28.0,2,1,47.8,-10.2,1.0,0.0,1.0,5.0,0.65,0,0,0,0,0,0,0,0,0,0,0,0,0,0,0
LNR-1174,WEB-102,3,2,2,1.0,9,183.3,35.0,2,2,73.5,25.7,2.0,2.0,0.0,5.0,0.51,0,0,0,0,0,0,0,0,0,0,0,0,0,0,0
LNR-1174,WEB-102,4,3,3,1.0,15,292.0,39.0,1,1,47.3,-26.2,2.0,1.0,1.0,4.0,0.62,0,0,0,0,0,0,0,0,0,0,0,0,0,0,0
LNR-1174,WEB-102,5,4,4,1.0,6,217.8,29.0,2,1,62.1,14.8,3.0,1.0,0.0,5.0,0.87,0,0,0,0,0,0,0,0,0,0,0,0,0,0,0
LNR-1175,DATA-201,1,2,2,1.0,8,279.9,38.0,2,1,100.0,13.3,1.0,2.0,0.0,4.5,0.4,0,0,0,0,0,0,0,0,0,0,0,0,0,0,0
LNR-1175,DATA-201,2,4,4,1.0,13,235.9,42.0,2,2,93.9,-6.1,1.0,1.0,1.0,4.5,0.64,0,0,0,0,0,0,0,0,0,0,0,0,0,0,0
LNR-1175,DATA-201,3,3,3,1.0,11,236.1,44.0,2,1,80.2,-13.7,0.0,1.0,0.0,4.5,0.44,0,0,0,0,0,0,0,0,0,0,0,0,0,0,0
LNR-1175,DATA-201,4,3,3,1.0,13,184.9,33.0,1,2,92.2,12.0,0.0,1.0,0.0,4.5,0.85,0,0,0,0,0,0,0,0,0,1,1,1,0,0,3
LNR-1175,DATA-201,5,3,3,1.0,9,194.3,31.0,1,1,99.9,7.7,0.0,2.0,0.0,5.0,0.7,0,0,0,0,0,0,0,0,0,0,0,0,0,0,0
LNR-1176,DATA-201,1,3,2,0.6667,7,168.3,26.0,1,1,88.4,8.6,0.0,1.0,0.0,4.0,0.4,0,0,0,1,1,0,0,0,0,0,0,0,0,0,2
LNR-1176,DATA-201,2,2,2,1.0,7,217.0,14.0,1,1,75.8,-12.6,0.0,1.0,0.0,3.0,0.3,0,0,0,0,0,0,0,0,0,1,1,1,0,0,3
LNR-1176,DATA-201,3,2,2,1.0,11,202.2,18.0,2,1,82.8,7.0,0.0,1.0,1.0,3.5,0.01,0,0,0,0,0,0,0,0,0,0,0,0,0,0,0
LNR-1176,DATA-201,4,4,3,0.75,8,118.9,15.0,1,1,79.6,-3.2,0.0,0.0,0.0,3.0,0.22,0,0,0,0,0,0,0,0,0,0,0,0,0,0,0
LNR-1176,DATA-201,5,4,3,0.75,8,132.8,24.0,2,1,78.3,-1.3,1.0,1.0,0.0,3.0,0.18,0,0,0,0,0,0,0,0,0,0,0,0,0,0,0
LNR-1177,CS-101,1,4,3,0.75,5,137.7,22.0,1,1,62.8,-8.8,0.0,1.0,0.0,4.0,0.5,0,0,0,0,0,0,0,0,0,1,1,1,0,0,3
LNR-1177,CS-101,2,3,3,1.0,6,221.5,21.0,1,1,60.3,-2.5,1.0,1.0,0.0,4.0,0.5,0,0,0,0,0,0,0,0,0,0,0,0,0,0,0
LNR-1177,CS-101,3,3,1,0.3333,1,36.5,4.0,0,0,59.9,-0.4,0.0,1.0,0.0,1.0,-0.74,1,0,0,0,0,0,0,0,0,1,1,1,0,0,3
LNR-1177,CS-101,4,3,0,0.0,0,26.2,1.0,0,0,40.0,-19.9,0.0,0.0,0.0,1.0,-0.8,1,0,0,0,0,0,0,0,0,0,0,0,0,0,0
LNR-1177,CS-101,5,4,1,0.25,1,29.4,2.0,0,0,69.9,-0.3,0.0,0.0,0.0,2.0,-0.44,1,0,0,0,0,0,0,1,1,0,0,0,0,0,2
LNR-1178,CS-101,1,2,2,1.0,11,229.0,27.0,2,1,76.2,2.7,0.0,2.0,0.0,4.5,0.57,0,0,0,0,0,0,0,0,0,0,0,0,0,0,0
LNR-1178,CS-101,2,3,3,1.0,12,268.0,31.0,2,3,66.5,-9.7,0.0,1.0,0.0,4.5,0.8,0,0,0,0,0,0,0,0,0,0,0,0,0,0,0
LNR-1178,CS-101,3,4,4,1.0,13,227.0,36.0,2,1,77.6,11.1,0.0,1.0,0.0,4.0,0.44,0,0,0,0,0,0,0,0,0,1,1,1,1,1,5
LNR-1178,CS-101,4,3,3,1.0,11,213.2,33.0,2,2,69.9,-0.3,0.0,1.0,0.0,4.0,0.68,0,0,0,0,0,0,0,1,1,1,1,1,0,0,5
LNR-1178,CS-101,5,3,3,1.0,9,204.0,38.0,1,3,78.5,8.8,2.0,1.0,1.0,4.5,0.87,0,0,0,0,0,0,0,0,0,0,0,0,0,0,0
LNR-1179,AI-301,1,4,4,1.0,14,198.9,26.0,2,1,92.4,-1.6,0.0,1.0,0.0,4.0,0.44,0,0,0,0,0,0,0,0,0,1,1,1,1,1,5
LNR-1179,AI-301,2,4,4,1.0,15,246.4,35.0,2,2,97.5,5.1,0.0,1.0,1.0,4.0,0.44,0,0,0,0,0,0,0,0,0,0,0,0,1,1,2
LNR-1179,AI-301,3,3,3,1.0,17,313.2,17.0,2,1,96.0,-1.5,2.0,0.0,0.0,4.0,0.7,0,0,0,0,0,0,0,0,0,0,0,0,0,0,0
LNR-1179,AI-301,4,3,3,1.0,14,206.1,32.0,1,1,98.4,2.4,1.0,1.0,0.0,4.5,0.64,0,0,0,0,0,0,0,0,0,0,0,0,0,0,0
LNR-1179,AI-301,5,2,2,1.0,5,195.1,26.0,2,1,90.6,-7.8,1.0,0.0,0.0,4.5,0.58,0,0,0,0,0,0,0,0,0,0,0,0,0,0,0
LNR-1180,CS-101,1,3,3,1.0,7,143.6,34.0,2,1,82.0,5.4,0.0,0.0,1.0,5.0,0.46,0,0,0,0,0,0,0,0,0,0,0,0,0,0,0
LNR-1180,CS-101,2,3,3,1.0,11,212.1,30.0,2,2,77.1,-4.9,1.0,0.0,1.0,4.0,0.44,0,0,0,0,0,0,0,0,0,0,0,0,1,1,2
LNR-1180,CS-101,3,3,3,1.0,10,232.5,34.0,2,1,83.4,6.3,0.0,0.0,1.0,4.0,0.64,0,0,0,0,0,0,0,0,0,0,0,0,0,0,0
LNR-1180,CS-101,4,2,2,1.0,10,235.0,24.0,1,1,75.7,-7.7,0.0,2.0,0.0,5.0,0.81,0,0,0,0,0,0,0,0,0,0,0,0,0,0,0
LNR-1180,CS-101,5,4,4,1.0,9,280.2,35.0,2,2,76.6,0.9,0.0,0.0,0.0,5.0,0.86,0,0,0,0,0,0,0,0,0,0,0,0,0,0,0
LNR-1181,DATA-201,1,3,1,0.3333,7,164.0,18.0,1,1,62.0,-8.4,0.0,0.0,0.0,2.5,-0.57,0,0,0,0,0,0,0,0,0,0,0,0,0,0,0
LNR-1181,DATA-201,2,3,1,0.3333,4,117.8,16.0,1,6,72.0,10.0,0.0,1.0,0.0,2.0,-0.43,1,0,0,0,0,0,0,0,0,1,1,1,0,0,3
LNR-1181,DATA-201,3,3,0,0.0,6,122.0,7.0,0,4,54.3,-17.7,0.0,0.0,0.0,4.0,0.44,1,0,0,0,0,0,0,0,0,0,0,0,1,1,2
LNR-1181,DATA-201,4,4,1,0.25,2,62.8,5.0,0,0,33.2,-21.1,1.0,0.0,0.0,4.0,0.44,1,0,0,0,0,0,0,0,0,0,0,0,1,1,2
LNR-1181,DATA-201,5,3,0,0.0,2,44.2,2.0,0,0,32.5,-0.7,0.0,1.0,0.0,1.5,-0.14,1,0,0,0,0,0,0,0,0,1,1,1,0,0,3
LNR-1182,WEB-102,1,3,1,0.3333,6,107.1,11.0,1,0,60.2,-14.5,0.0,0.0,0.0,1.5,-0.57,1,0,0,0,0,0,0,0,0,0,0,0,0,0,0
LNR-1182,WEB-102,2,2,1,0.5,2,50.6,15.0,0,2,69.9,9.7,0.0,0.0,0.0,4.0,0.44,1,0,0,0,0,0,0,0,0,0,0,0,1,1,2
LNR-1182,WEB-102,3,4,1,0.25,5,49.9,8.0,0,5,78.0,8.1,0.0,0.0,0.0,2.0,-0.27,1,0,0,0,0,0,0,0,0,0,0,0,0,0,0
LNR-1182,WEB-102,4,3,1,0.3333,2,18.5,10.0,0,1,51.8,-26.2,0.0,1.0,0.0,2.0,-0.02,1,0,0,0,0,0,0,0,0,1,1,1,0,0,3
LNR-1182,WEB-102,5,2,0,0.0,1,150.7,4.0,0,0,43.2,-8.6,0.0,0.0,0.0,3.0,-0.08,1,0,0,0,0,0,0,0,0,0,0,0,0,0,0
LNR-1183,CS-101,1,3,2,0.6667,9,252.8,27.0,1,1,50.0,-6.6,0.0,3.0,0.0,3.0,0.27,0,0,0,0,0,0,0,0,0,0,0,0,0,0,0
LNR-1183,CS-101,2,3,2,0.6667,8,147.3,25.0,0,1,72.4,22.4,0.0,0.0,0.0,3.5,0.44,0,0,0,0,0,0,0,0,0,0,0,0,0,0,0
LNR-1183,CS-101,3,4,3,0.75,8,183.3,15.0,2,1,68.3,-4.1,0.0,2.0,0.0,4.0,0.4,0,0,0,0,0,0,0,0,0,0,0,0,0,0,0
LNR-1183,CS-101,4,3,3,1.0,8,61.8,19.0,1,1,61.2,-7.1,0.0,0.0,1.0,3.5,0.14,0,0,0,0,0,0,0,0,0,0,0,0,0,0,0
LNR-1183,CS-101,5,2,1,0.5,8,168.3,26.0,1,1,59.4,-1.8,0.0,0.0,0.0,3.0,0.32,0,0,0,1,1,0,0,0,0,0,0,0,0,0,2
LNR-1184,CS-101,1,2,2,1.0,7,307.9,39.0,1,2,75.2,7.1,2.0,3.0,1.0,4.0,0.44,0,0,0,0,0,0,0,0,0,0,0,0,1,1,2
LNR-1184,CS-101,2,3,3,1.0,10,229.7,32.0,2,1,70.0,-5.2,0.0,1.0,0.0,4.0,0.44,0,0,0,0,0,0,0,0,0,1,1,1,1,1,5
LNR-1184,CS-101,3,3,3,1.0,8,149.8,30.0,2,1,76.9,6.9,1.0,1.0,0.0,4.5,0.52,0,0,0,0,0,0,0,0,0,0,0,0,0,0,0
LNR-1184,CS-101,4,2,2,1.0,9,214.9,36.0,2,1,70.1,-6.8,0.0,1.0,0.0,4.5,0.87,0,0,0,0,0,0,0,0,0,1,1,1,0,0,3
LNR-1184,CS-101,5,3,3,1.0,11,160.7,16.0,2,1,68.7,-1.4,0.0,2.0,0.0,4.5,0.79,0,0,0,0,0,0,0,0,0,0,0,0,0,0,0
LNR-1185,DATA-201,1,4,3,0.75,11,168.3,26.0,2,2,71.1,-5.5,1.0,0.0,2.0,4.5,0.81,0,0,0,1,1,0,0,0,0,0,0,0,0,0,2
LNR-1185,DATA-201,2,3,3,1.0,11,271.0,40.0,2,3,73.1,2.0,0.0,2.0,1.0,4.0,0.57,0,1,0,0,0,0,0,0,0,0,0,0,0,0,1
LNR-1185,DATA-201,3,3,3,1.0,12,240.5,37.0,2,2,76.2,3.1,0.0,1.0,1.0,5.0,0.86,0,0,0,0,0,0,0,0,0,0,0,0,0,0,0
LNR-1185,DATA-201,4,3,3,1.0,14,175.9,33.0,2,3,70.5,-5.7,2.0,1.0,1.0,5.0,0.71,0,0,0,0,0,0,0,0,0,0,0,0,0,0,0
LNR-1185,DATA-201,5,3,3,1.0,9,219.1,23.0,2,1,84.3,13.8,2.0,2.0,0.0,4.0,0.46,0,0,0,0,0,0,0,0,0,0,0,0,0,0,0
LNR-1186,CS-101,1,3,3,1.0,16,257.4,31.0,2,1,80.6,1.0,0.0,1.0,0.0,5.0,0.61,0,0,0,0,0,0,0,0,0,1,1,1,0,0,3
LNR-1186,CS-101,2,2,2,1.0,12,225.1,38.0,2,2,69.9,-0.3,2.0,0.0,0.0,4.0,0.44,0,0,0,0,0,0,0,1,1,0,0,0,1,1,4
LNR-1186,CS-101,3,4,4,1.0,15,231.7,33.0,2,1,74.9,-16.3,0.0,1.0,0.0,5.0,0.57,0,1,0,0,0,0,0,0,0,1,1,1,0,0,4
LNR-1186,CS-101,4,3,3,1.0,8,258.5,45.0,2,3,69.9,-0.3,1.0,1.0,1.0,5.0,0.74,0,0,0,0,0,0,0,1,1,0,0,0,0,0,2
LNR-1186,CS-101,5,3,3,1.0,11,241.0,24.0,1,1,87.4,4.1,2.0,0.0,0.0,4.5,0.7,0,0,0,0,0,0,0,0,0,0,0,0,0,0,0
LNR-1187,DATA-201,1,3,3,1.0,12,231.1,42.0,2,2,71.1,-3.5,2.0,0.0,1.0,4.0,0.49,0,0,0,0,0,0,0,0,0,0,0,0,0,0,0
LNR-1187,DATA-201,2,3,3,1.0,8,168.3,26.0,2,2,73.4,2.3,0.0,0.0,0.0,4.5,0.41,0,0,0,1,1,0,0,0,0,0,0,0,0,0,2
LNR-1187,DATA-201,3,2,2,1.0,10,135.8,26.0,2,2,92.3,18.9,2.0,2.0,0.0,4.0,0.43,0,0,0,0,0,0,0,0,0,0,0,0,0,0,0
LNR-1187,DATA-201,4,3,3,1.0,8,168.3,26.0,2,1,59.5,-32.8,1.0,1.0,0.0,4.0,0.44,0,0,0,1,1,0,0,0,0,0,0,0,1,1,4
LNR-1187,DATA-201,5,3,3,1.0,15,280.5,29.0,2,1,75.6,16.1,1.0,1.0,0.0,4.5,0.51,0,0,0,0,0,0,0,0,0,0,0,0,0,0,0
LNR-1188,WEB-102,1,4,3,0.75,15,200.4,34.0,1,2,94.2,-0.8,0.0,1.0,0.0,5.0,0.45,0,0,0,0,0,0,0,0,0,1,1,1,0,0,3
LNR-1188,WEB-102,2,4,4,1.0,16,175.2,26.0,2,2,95.5,1.3,2.0,0.0,1.0,4.0,0.42,0,0,0,0,0,0,0,0,0,0,0,0,0,0,0
LNR-1188,WEB-102,3,3,3,1.0,15,168.3,26.0,1,2,92.0,-3.5,0.0,0.0,0.0,4.0,0.44,0,0,0,1,1,0,0,0,0,0,0,0,1,1,4
LNR-1188,WEB-102,4,3,3,1.0,10,274.4,32.0,2,2,100.0,8.0,1.0,1.0,0.0,4.0,0.44,0,0,0,0,0,0,0,0,0,0,0,0,1,1,2
LNR-1188,WEB-102,5,4,4,1.0,13,228.7,31.0,2,3,94.2,-5.8,1.0,1.0,0.0,4.5,0.51,0,0,0,0,0,0,0,0,0,0,0,0,0,0,0
LNR-1189,AI-301,1,3,3,1.0,12,118.4,21.0,1,2,67.9,2.6,1.0,0.0,0.0,4.0,0.44,0,0,0,0,0,0,0,0,0,0,0,0,1,1,2
LNR-1189,AI-301,2,4,3,0.75,4,133.5,22.0,1,2,59.9,-8.0,0.0,2.0,0.0,4.0,0.31,0,0,0,0,0,0,0,0,0,0,0,0,0,0,0
LNR-1189,AI-301,3,2,2,1.0,9,135.0,30.0,1,1,70.2,10.3,0.0,1.0,0.0,3.0,0.12,0,0,0,0,0,0,0,0,0,0,0,0,0,0,0
LNR-1189,AI-301,4,4,3,0.75,5,153.4,25.0,0,1,69.9,-0.3,0.0,1.0,0.0,4.0,0.44,0,0,0,0,0,0,0,1,1,0,0,0,1,1,4
LNR-1189,AI-301,5,3,2,0.6667,10,63.8,21.0,0,2,72.6,-4.7,0.0,1.0,0.0,4.0,0.5,0,0,0,0,0,0,0,0,0,1,1,1,0,0,3
LNR-1190,CS-101,1,4,3,0.75,8,168.3,26.0,2,1,66.2,-4.7,2.0,1.0,3.0,4.0,0.54,0,0,0,1,1,0,0,0,0,0,0,0,0,0,2
LNR-1190,CS-101,2,3,3,1.0,6,211.8,34.0,2,1,69.6,3.4,0.0,1.0,0.0,4.0,0.86,0,0,0,0,0,0,0,0,0,1,1,1,0,0,3
LNR-1190,CS-101,3,2,2,1.0,11,209.2,35.0,2,2,65.6,-4.0,0.0,0.0,0.0,4.0,0.44,0,0,0,0,0,0,0,0,0,0,0,0,1,1,2
LNR-1190,CS-101,4,3,3,1.0,7,237.8,25.0,2,2,74.4,8.8,1.0,2.0,0.0,5.0,0.75,0,0,0,0,0,0,0,0,0,0,0,0,0,0,0
LNR-1190,CS-101,5,2,2,1.0,8,155.5,36.0,2,1,69.9,-0.3,0.0,1.0,0.0,4.5,0.5,0,0,0,0,0,0,0,1,1,0,0,0,0,0,2
LNR-1191,CS-101,1,3,3,1.0,17,182.0,48.0,2,2,53.1,-2.4,0.0,1.0,0.0,4.0,0.61,0,0,0,0,0,0,0,0,0,0,0,0,0,0,0
LNR-1191,CS-101,2,2,2,1.0,9,192.2,42.0,2,1,61.4,8.3,0.0,1.0,0.0,4.5,0.57,0,0,0,0,0,0,0,0,0,0,0,0,0,0,0
LNR-1191,CS-101,3,3,3,1.0,9,144.0,36.0,2,1,56.4,-5.0,1.0,2.0,0.0,4.0,0.44,0,0,0,0,0,0,0,0,0,0,0,0,1,1,2
LNR-1191,CS-101,4,3,3,1.0,15,270.1,26.0,1,1,49.4,-7.0,1.0,0.0,0.0,5.0,0.77,0,0,0,0,0,0,0,0,0,0,0,0,0,0,0
LNR-1191,CS-101,5,3,3,1.0,8,168.3,26.0,2,2,56.6,7.2,0.0,1.0,0.0,4.0,0.44,0,0,0,1,1,0,0,0,0,1,1,1,1,1,7
LNR-1192,CS-101,1,2,2,1.0,13,224.0,37.0,2,1,77.8,-2.8,1.0,3.0,0.0,4.5,0.67,0,0,0,0,0,0,0,0,0,0,0,0,0,0,0
LNR-1192,CS-101,2,2,2,1.0,18,205.9,33.0,2,1,80.6,2.8,2.0,3.0,0.0,4.5,0.42,0,0,0,0,0,0,0,0,0,0,0,0,0,0,0
LNR-1192,CS-101,3,4,4,1.0,14,239.3,46.0,2,1,92.9,12.3,0.0,0.0,2.0,5.0,0.5,0,0,0,0,0,0,0,0,0,0,0,0,0,0,0
LNR-1192,CS-101,4,2,2,1.0,8,207.9,29.0,1,2,93.3,0.4,1.0,1.0,1.0,4.5,0.55,0,0,0,0,0,0,0,0,0,0,0,0,0,0,0
LNR-1192,CS-101,5,4,4,1.0,7,175.8,32.0,2,2,81.9,-11.4,1.0,1.0,0.0,5.0,0.43,0,0,0,0,0,0,0,0,0,0,0,0,0,0,0
LNR-1193,AI-301,1,4,1,0.25,8,136.7,16.0,1,3,54.9,-17.0,0.0,0.0,0.0,2.0,-0.42,1,0,0,0,0,0,0,0,0,0,0,0,0,0,0
LNR-1193,AI-301,2,3,1,0.3333,3,156.3,7.0,0,2,68.4,13.5,0.0,0.0,1.0,2.5,-0.46,1,0,0,0,0,0,0,0,0,0,0,0,0,0,0
LNR-1193,AI-301,3,3,1,0.3333,4,105.9,11.0,1,0,48.4,-20.0,0.0,1.0,0.0,2.5,-0.52,1,0,0,0,0,0,0,0,0,0,0,0,0,0,0
LNR-1193,AI-301,4,4,0,0.0,1,10.0,7.0,0,1,52.4,4.0,0.0,0.0,0.0,2.5,-0.42,1,0,0,0,0,0,0,0,0,0,0,0,0,0,0
LNR-1193,AI-301,5,2,0,0.0,2,63.9,6.0,0,0,43.2,-9.2,0.0,1.0,0.0,2.0,-0.18,1,0,0,0,0,0,0,0,0,1,1,1,0,0,3
LNR-1194,CS-101,1,3,3,1.0,14,213.5,31.0,2,2,78.7,8.6,1.0,0.0,0.0,5.0,0.83,0,0,0,0,0,0,0,0,0,0,0,0,0,0,0
LNR-1194,CS-101,2,3,3,1.0,7,206.4,31.0,2,1,71.8,-6.9,2.0,0.0,0.0,5.0,0.71,0,0,0,0,0,0,0,0,0,0,0,0,0,0,0
LNR-1194,CS-101,3,2,2,1.0,11,168.3,26.0,1,1,76.7,4.9,1.0,2.0,0.0,4.0,0.81,0,0,0,1,1,0,0,0,0,0,0,0,0,0,2
LNR-1194,CS-101,4,3,3,1.0,10,226.5,22.0,2,1,83.2,6.5,0.0,1.0,1.0,4.0,0.44,0,0,0,0,0,0,0,0,0,0,0,0,1,1,2
LNR-1194,CS-101,5,3,3,1.0,10,133.0,39.0,2,2,71.5,-11.7,0.0,0.0,0.0,4.5,0.61,0,0,0,0,0,0,0,0,0,0,0,0,0,0,0
LNR-1195,DATA-201,1,4,3,0.75,5,152.4,20.0,1,1,71.2,13.0,0.0,0.0,0.0,3.5,0.32,0,0,0,0,0,0,0,0,0,0,0,0,0,0,0
LNR-1195,DATA-201,2,3,2,0.6667,5,116.3,18.0,1,1,61.3,-9.9,0.0,1.0,0.0,3.0,0.05,0,0,0,0,0,0,0,0,0,0,0,0,0,0,0
LNR-1195,DATA-201,3,3,2,0.6667,5,114.5,26.0,1,1,65.9,4.6,0.0,1.0,0.0,3.5,0.19,0,0,0,0,0,0,0,0,0,1,1,1,0,0,3
LNR-1195,DATA-201,4,3,2,0.6667,5,139.5,26.0,1,2,69.9,-0.3,0.0,0.0,0.0,4.0,0.49,0,0,0,0,0,0,0,1,1,0,0,0,0,0,2
LNR-1195,DATA-201,5,3,2,0.6667,8,152.4,17.0,1,2,64.5,1.0,0.0,1.0,0.0,4.0,0.44,0,0,0,0,0,0,0,0,0,1,1,1,1,1,5
LNR-1196,CS-101,1,4,4,1.0,13,166.3,26.0,2,1,63.6,-3.7,1.0,1.0,0.0,4.0,0.44,0,0,0,0,0,0,0,0,0,0,0,0,1,1,2
LNR-1196,CS-101,2,3,3,1.0,10,174.6,28.0,2,2,65.6,2.0,0.0,1.0,0.0,4.0,0.77,0,0,0,0,0,0,0,0,0,0,0,0,0,0,0
LNR-1196,CS-101,3,4,4,1.0,7,246.9,28.0,2,2,83.0,17.4,0.0,3.0,0.0,4.0,0.83,0,0,0,0,0,0,0,0,0,0,0,0,0,0,0
LNR-1196,CS-101,4,3,3,1.0,12,202.3,27.0,2,1,74.0,-9.0,0.0,0.0,0.0,5.0,0.79,0,0,0,0,0,0,0,0,0,0,0,0,0,0,0
LNR-1196,CS-101,5,3,3,1.0,14,232.4,37.0,2,1,68.3,-5.7,1.0,0.0,0.0,4.5,0.61,0,0,0,0,0,0,0,0,0,0,0,0,0,0,0
LNR-1197,AI-301,1,3,3,1.0,10,222.3,35.0,1,2,83.4,6.2,2.0,0.0,2.0,5.0,0.88,0,0,0,0,0,0,0,0,0,0,0,0,0,0,0
LNR-1197,AI-301,2,3,3,1.0,13,245.2,27.0,2,1,70.9,-12.5,0.0,1.0,1.0,4.0,0.44,0,0,0,0,0,0,0,0,0,0,0,0,1,1,2
LNR-1197,AI-301,3,4,4,1.0,17,311.4,29.0,2,2,67.6,-3.3,0.0,1.0,1.0,5.0,0.76,0,0,0,0,0,0,0,0,0,0,0,0,0,0,0
LNR-1197,AI-301,4,3,3,1.0,11,168.3,26.0,2,1,77.5,9.9,1.0,1.0,0.0,4.5,0.64,0,0,0,1,1,0,0,0,0,0,0,0,0,0,2
LNR-1197,AI-301,5,3,3,1.0,11,275.8,34.0,1,2,84.8,7.3,2.0,1.0,0.0,4.0,0.5,0,0,0,0,0,0,0,0,0,0,0,0,0,0,0
LNR-1198,CS-101,1,4,2,0.5,7,97.4,15.0,1,0,84.8,11.6,1.0,0.0,0.0,2.0,-0.07,1,0,0,0,0,0,0,0,0,0,0,0,0,0,0
LNR-1198,CS-101,2,2,1,0.5,6,104.0,15.0,0,0,69.1,-15.7,0.0,0.0,0.0,2.0,-0.51,1,0,0,0,0,0,0,0,0,0,0,0,0,0,0
LNR-1198,CS-101,3,3,1,0.3333,4,142.3,11.0,0,1,73.4,4.3,1.0,1.0,1.0,2.0,-0.22,0,0,0,0,0,0,0,0,0,0,0,0,0,0,0
LNR-1198,CS-101,4,4,1,0.25,5,168.3,26.0,0,1,62.8,-10.6,1.0,0.0,0.0,4.0,0.44,1,0,0,1,1,0,0,0,0,0,0,0,1,1,4
LNR-1198,CS-101,5,2,0,0.0,2,28.4,1.0,0,1,45.1,-17.7,0.0,0.0,1.0,1.5,-0.51,1,0,0,0,0,0,0,0,0,0,0,0,0,0,0
LNR-1199,AI-301,1,3,3,1.0,7,202.4,31.0,2,1,67.9,-4.7,2.0,0.0,0.0,5.0,0.78,0,0,0,0,0,0,0,0,0,0,0,0,0,0,0
LNR-1199,AI-301,2,3,3,1.0,12,209.5,29.0,2,2,69.0,1.1,2.0,3.0,0.0,4.0,0.44,0,0,0,0,0,0,0,0,0,0,0,0,1,1,2
LNR-1199,AI-301,3,3,3,1.0,11,185.2,32.0,2,2,72.0,3.0,1.0,2.0,0.0,5.0,0.43,0,0,0,0,0,0,0,0,0,0,0,0,0,0,0
LNR-1199,AI-301,4,3,3,1.0,15,147.2,35.0,2,1,78.5,6.5,0.0,2.0,1.0,4.0,0.44,0,0,0,0,0,0,0,0,0,0,0,0,0,0,0
LNR-1199,AI-301,5,4,3,0.75,9,176.1,37.0,2,2,74.8,-3.7,0.0,1.0,0.0,4.0,0.85,0,0,0,0,0,0,0,0,0,1,1,1,0,0,3
LNR-1200,DATA-201,1,3,3,1.0,14,144.2,32.0,2,1,67.0,4.7,0.0,0.0,0.0,4.5,0.81,0,0,0,0,0,0,0,0,0,0,0,0,0,0,0
LNR-1200,DATA-201,2,2,2,1.0,7,272.3,29.0,2,1,61.1,-5.9,0.0,1.0,1.0,4.5,0.41,0,0,0,0,0,0,0,0,0,0,0,0,0,0,0
LNR-1200,DATA-201,3,3,3,1.0,11,157.4,34.0,2,1,61.6,0.5,0.0,1.0,0.0,4.0,0.53,0,0,0,0,0,0,0,0,0,1,1,1,0,0,3
LNR-1200,DATA-201,4,2,2,1.0,12,168.3,26.0,2,1,69.9,-0.3,0.0,2.0,0.0,4.0,0.62,0,0,0,1,1,0,0,1,1,0,0,0,0,0,4
LNR-1200,DATA-201,5,4,4,1.0,15,248.4,29.0,2,1,59.1,5.5,1.0,2.0,0.0,4.5,0.62,0,0,0,0,0,0,0,0,0,0,0,0,0,0,0
